Date,Open,High,Low,Close,Adj Close,Volume
2020-02-25,225.0,238.0,216.0,218.0,205.31922912597656,5853500
2020-02-26,216.0,216.0,185.0,188.0,177.06427001953125,5498500
2020-02-27,198.0,206.0,181.0,185.0,174.23880004882812,6179000
2020-02-28,180.0,180.0,157.0,158.0,148.80935668945312,4001500
2020-03-02,157.0,168.0,156.0,164.0,154.4603271484375,2222700
2020-03-03,174.0,189.0,160.0,161.0,151.6348419189453,3024800
2020-03-04,165.0,167.0,159.0,163.0,153.5185089111328,1769600
2020-03-05,165.0,167.0,152.0,155.0,145.9838409423828,2132200
2020-03-06,155.0,161.0,145.0,146.0,137.5073699951172,4040000
2020-03-09,143.0,143.0,121.0,124.0,116.78707885742188,2856400
2020-03-10,115.0,129.0,107.0,124.0,116.78707885742188,3270600
2020-03-11,123.0,138.0,121.0,124.0,116.78707885742188,2427100
2020-03-12,119.0,123.0,113.0,115.0,108.31060028076172,2146900
2020-03-13,100.0,108.0,98.0,104.0,97.95045471191406,2101500
2020-03-16,106.0,122.0,102.0,106.0,99.83412170410156,3688700
2020-03-17,99.0,111.0,99.0,109.0,102.65961456298828,2133500
2020-03-18,114.0,115.0,103.0,104.0,97.95045471191406,1491000
2020-03-19,108.0,109.0,100.0,101.0,95.12496185302734,1157000
2020-03-23,100.0,107.0,99.0,104.0,97.95045471191406,1122700
2020-03-24,107.0,110.0,103.0,105.0,98.8922882080078,987000
2020-03-25,109.0,114.0,108.0,111.0,104.54327392578124,1528700
2020-03-26,108.0,161.0,107.0,161.0,151.6348419189453,9115800
2020-03-27,191.0,210.0,166.0,167.0,157.2858428955078,18928700
2020-03-30,162.0,193.0,160.0,177.0,166.70413208007812,10969400
2020-03-31,174.0,175.0,159.0,160.0,150.69300842285156,3424300
2020-04-01,158.0,158.0,132.0,135.0,127.14722442626952,2897800
2020-04-02,133.0,165.0,133.0,148.0,139.39102172851562,9582600
2020-04-03,153.0,162.0,137.0,138.0,129.9727325439453,3999700
2020-04-06,153.0,177.0,145.0,165.0,155.4021759033203,14210600
2020-04-07,163.0,167.0,154.0,156.0,146.92568969726562,5191200
2020-04-08,157.0,159.0,148.0,150.0,141.2747039794922,1799100
2020-04-09,153.0,155.0,146.0,147.0,138.44920349121094,1417100
2020-04-10,151.0,156.0,147.0,150.0,141.2747039794922,2538200
2020-04-13,151.0,153.0,148.0,149.0,140.33287048339844,1127800
2020-04-14,147.0,149.0,141.0,143.0,134.681884765625,1503200
2020-04-15,144.0,147.0,139.0,141.0,132.7982177734375,1379500
2020-04-16,149.0,153.0,143.0,145.0,136.5655517578125,2411900
2020-04-17,143.0,145.0,142.0,142.0,133.74005126953125,728100
2020-04-20,140.0,140.0,137.0,139.0,130.91455078125,703100
2020-04-21,140.0,140.0,130.0,131.0,123.3799057006836,808400
2020-04-22,128.0,130.0,125.0,127.0,119.6125717163086,1084900
2020-04-23,127.0,133.0,127.0,129.0,121.49624633789062,1008500
2020-04-24,127.0,130.0,124.0,125.0,117.72891235351562,679300
2020-04-27,127.0,129.0,125.0,128.0,120.55441284179688,578500
2020-04-28,128.0,129.0,125.0,127.0,119.6125717163086,519300
2020-04-30,127.0,130.0,126.0,127.0,119.6125717163086,738500
2020-05-01,126.0,129.0,120.0,123.0,115.84524536132812,1482200
2020-05-07,120.0,123.0,119.0,121.0,113.96158599853516,545800
2020-05-08,122.0,125.0,121.0,123.0,115.84524536132812,583300
2020-05-11,123.0,133.0,123.0,130.0,122.43807220458984,1232400
2020-05-12,132.0,135.0,129.0,132.0,124.3217315673828,785200
2020-05-13,133.0,133.0,128.0,129.0,121.49624633789062,546000
2020-05-14,130.0,130.0,122.0,122.0,114.9034194946289,717300
2020-05-15,123.0,126.0,120.0,122.0,114.9034194946289,642600
2020-05-18,122.0,123.0,119.0,121.0,113.96158599853516,466500
2020-05-19,123.0,123.0,120.0,122.0,114.9034194946289,305500
2020-05-20,122.0,127.0,122.0,126.0,118.67074584960938,656600
2020-05-21,127.0,128.0,123.0,124.0,116.78707885742188,602100
2020-05-22,124.0,126.0,122.0,123.0,115.84524536132812,318300
2020-05-25,125.0,129.0,123.0,128.0,120.55441284179688,782500
2020-05-26,122.0,122.0,117.0,118.0,111.13610076904295,1836900
2020-05-27,119.0,120.0,116.0,120.0,113.01976013183594,836600
2020-05-28,119.0,123.0,119.0,120.0,113.01976013183594,1043700
2020-05-29,121.0,131.0,118.0,127.0,119.6125717163086,5279500
2020-06-01,129.0,139.0,128.0,133.0,125.26356506347656,4192200
2020-06-02,134.0,135.0,126.0,133.0,125.26356506347656,2755400
2020-06-03,135.0,142.0,130.0,140.0,131.85638427734375,4818500
2020-06-04,141.0,142.0,133.0,136.0,128.0890655517578,2379600
2020-06-05,135.0,136.0,130.0,134.0,126.20540618896484,1373800
2020-06-08,134.0,134.0,130.0,130.0,122.43807220458984,954900
2020-06-09,132.0,132.0,126.0,128.0,120.55441284179688,997000
2020-06-10,126.0,127.0,125.0,126.0,118.67074584960938,634900
2020-06-11,124.0,124.0,121.0,121.0,113.96158599853516,803700
2020-06-12,118.0,130.0,117.0,121.0,113.96158599853516,2391400
2020-06-15,123.0,124.0,118.0,119.0,112.0779266357422,1106200
2020-06-16,119.0,123.0,119.0,122.0,114.9034194946289,461200
2020-06-17,122.0,123.0,121.0,122.0,114.9034194946289,391200
2020-06-18,121.0,122.0,120.0,120.0,113.01976013183594,270600
2020-06-19,122.0,123.0,121.0,122.0,114.9034194946289,539700
2020-06-22,121.0,124.0,120.0,122.0,114.9034194946289,620300
2020-06-23,124.0,124.0,122.0,123.0,115.84524536132812,292800
2020-06-24,123.0,128.0,122.0,122.0,114.9034194946289,1112000
2020-06-25,122.0,123.0,119.0,120.0,113.01976013183594,1030300
2020-06-26,120.0,120.0,116.0,117.0,110.19425964355467,935600
2020-06-29,116.0,121.0,112.0,113.0,106.42693328857422,1370700
2020-06-30,113.0,113.0,108.0,109.0,102.65961456298828,929700
2020-07-01,109.0,110.0,106.0,108.0,101.71778869628906,545700
2020-07-02,107.0,112.0,104.0,108.0,101.71778869628906,1723300
2020-07-03,110.0,112.0,106.0,108.0,101.71778869628906,752100
2020-07-06,110.0,114.0,109.0,114.0,107.36876678466795,687900
2020-07-07,115.0,115.0,111.0,113.0,106.42693328857422,321000
2020-07-08,113.0,114.0,112.0,113.0,106.42693328857422,205500
2020-07-09,111.0,117.0,111.0,113.0,106.42693328857422,880600
2020-07-10,113.0,113.0,109.0,109.0,102.65961456298828,723600
2020-07-13,111.0,114.0,109.0,114.0,107.36876678466795,307000
2020-07-14,114.0,114.0,111.0,112.0,105.485107421875,282900
2020-07-15,112.0,114.0,111.0,112.0,105.485107421875,290200
2020-07-16,113.0,120.0,112.0,115.0,108.31060028076172,1028100
2020-07-17,115.0,117.0,112.0,114.0,107.36876678466795,621300
2020-07-20,114.0,116.0,112.0,116.0,109.25243377685548,231300
2020-07-21,115.0,117.0,112.0,116.0,109.25243377685548,312700
2020-07-22,115.0,118.0,115.0,116.0,109.25243377685548,413500
2020-07-27,116.0,124.0,114.0,120.0,113.01976013183594,1223600
2020-07-28,121.0,123.0,119.0,122.0,114.9034194946289,374800
2020-07-29,121.0,123.0,113.0,114.0,107.36876678466795,1129700
2020-07-30,115.0,119.0,114.0,117.0,110.19425964355467,283400
2020-07-31,116.0,116.0,111.0,112.0,105.485107421875,469300
2020-08-03,111.0,115.0,109.0,115.0,108.31060028076172,393300
2020-08-04,115.0,116.0,113.0,115.0,108.31060028076172,401500
2020-08-05,115.0,117.0,111.0,112.0,105.485107421875,762700
2020-08-06,111.0,113.0,110.0,110.0,103.60144805908205,275100
2020-08-07,110.0,111.0,109.0,109.0,102.65961456298828,207200
2020-08-11,111.0,112.0,110.0,112.0,105.485107421875,257100
2020-08-12,110.0,112.0,110.0,111.0,104.54327392578124,166900
2020-08-13,110.0,112.0,110.0,112.0,105.485107421875,168500
2020-08-14,112.0,113.0,110.0,110.0,103.60144805908205,249200
2020-08-17,110.0,111.0,109.0,110.0,103.60144805908205,225900
2020-08-18,110.0,114.0,110.0,113.0,106.42693328857422,282500
2020-08-19,113.0,114.0,113.0,114.0,107.36876678466795,211100
2020-08-20,113.0,113.0,111.0,112.0,105.485107421875,158700
2020-08-21,112.0,113.0,111.0,112.0,105.485107421875,84700
2020-08-24,113.0,113.0,112.0,113.0,106.42693328857422,122500
2020-08-25,113.0,118.0,112.0,117.0,110.19425964355467,536900
2020-08-26,116.0,118.0,115.0,115.0,108.31060028076172,210900
2020-08-27,116.0,117.0,114.0,115.0,108.31060028076172,384700
2020-08-28,116.0,116.0,110.0,111.0,104.54327392578124,482500
2020-08-31,112.0,114.0,112.0,112.0,105.485107421875,420100
2020-09-01,112.0,114.0,111.0,113.0,106.42693328857422,308300
2020-09-02,113.0,113.0,111.0,112.0,105.485107421875,195000
2020-09-03,112.0,114.0,112.0,113.0,106.42693328857422,254200
2020-09-04,111.0,112.0,111.0,112.0,105.485107421875,162100
2020-09-07,112.0,114.0,111.0,111.0,104.54327392578124,152300
2020-09-08,112.0,113.0,111.0,113.0,106.42693328857422,162400
2020-09-09,113.0,113.0,111.0,113.0,106.42693328857422,184700
2020-09-10,112.0,113.0,111.0,113.0,106.42693328857422,269900
2020-09-11,112.0,114.0,111.0,113.0,106.42693328857422,399700
2020-09-14,113.0,116.0,113.0,116.0,109.25243377685548,278400
2020-09-15,114.0,116.0,113.0,115.0,108.31060028076172,248700
2020-09-16,114.0,117.0,114.0,114.0,107.36876678466795,176000
2020-09-17,114.0,116.0,114.0,115.0,108.31060028076172,199400
2020-09-18,115.0,116.0,114.0,115.0,108.31060028076172,213500
2020-09-23,115.0,117.0,114.0,114.0,107.36876678466795,279400
2020-09-24,113.0,114.0,108.0,110.0,103.60144805908205,764700
2020-09-25,111.0,113.0,111.0,111.0,104.54327392578124,234300
2020-09-28,110.0,112.0,108.0,112.0,105.485107421875,371000
2020-09-29,111.0,112.0,110.0,110.0,103.60144805908205,191000
2020-09-30,111.0,112.0,109.0,110.0,103.60144805908205,286300
2020-10-02,111.0,111.0,107.0,108.0,101.71778869628906,700200
2020-10-05,108.0,112.0,108.0,111.0,104.54327392578124,314800
2020-10-06,110.0,111.0,110.0,110.0,103.60144805908205,124200
2020-10-07,109.0,111.0,109.0,111.0,104.54327392578124,198100
2020-10-08,111.0,111.0,109.0,109.0,102.65961456298828,85900
2020-10-09,110.0,110.0,109.0,110.0,103.60144805908205,261600
2020-10-12,109.0,110.0,108.0,108.0,101.71778869628906,249900
2020-10-13,108.0,109.0,107.0,108.0,101.71778869628906,275000
2020-10-14,108.0,109.0,107.0,107.0,100.77594757080078,80800
2020-10-15,107.0,108.0,106.0,106.0,99.83412170410156,197400
2020-10-16,106.0,106.0,105.0,105.0,98.8922882080078,383600
2020-10-19,106.0,107.0,105.0,107.0,100.77594757080078,143000
2020-10-20,108.0,108.0,105.0,106.0,99.83412170410156,111500
2020-10-21,106.0,107.0,105.0,107.0,100.77594757080078,80400
2020-10-22,106.0,106.0,104.0,104.0,97.95045471191406,172400
2020-10-23,104.0,104.0,103.0,103.0,97.00862121582033,248100
2020-10-26,104.0,105.0,103.0,104.0,97.95045471191406,71700
2020-10-27,102.0,104.0,102.0,104.0,97.95045471191406,146900
2020-10-28,103.0,104.0,100.0,102.0,96.0667953491211,336400
2020-10-29,100.0,102.0,100.0,101.0,95.12496185302734,167700
2020-10-30,101.0,102.0,99.0,99.0,93.24130249023438,274100
2020-11-02,99.0,101.0,99.0,99.0,93.24130249023438,139500
2020-11-04,100.0,100.0,99.0,99.0,93.24130249023438,84700
2020-11-05,100.0,101.0,99.0,101.0,95.12496185302734,186700
2020-11-06,99.0,100.0,99.0,100.0,94.18313598632812,128800
2020-11-09,99.0,101.0,99.0,101.0,95.12496185302734,130700
2020-11-10,101.0,102.0,100.0,101.0,95.12496185302734,107000
2020-11-11,102.0,106.0,102.0,106.0,99.83412170410156,452400
2020-11-12,105.0,110.0,104.0,107.0,100.77594757080078,783400
2020-11-13,110.0,143.0,109.0,129.0,121.49624633789062,24778900
2020-11-16,143.0,147.0,130.0,130.0,122.43807220458984,12048800
2020-11-17,120.0,123.0,115.0,119.0,112.0779266357422,3484200
2020-11-18,117.0,139.0,114.0,129.0,121.49624633789062,5756600
2020-11-19,136.0,137.0,120.0,120.0,113.01976013183594,9793700
2020-11-20,118.0,123.0,117.0,120.0,113.01976013183594,2551600
2020-11-24,119.0,124.0,117.0,121.0,113.96158599853516,1299100
2020-11-25,123.0,124.0,118.0,118.0,111.13610076904295,1286000
2020-11-26,120.0,120.0,115.0,116.0,109.25243377685548,1098400
2020-11-27,117.0,119.0,114.0,119.0,112.0779266357422,1731300
2020-11-30,119.0,119.0,115.0,115.0,108.31060028076172,839600
2020-12-01,114.0,115.0,107.0,107.0,100.77594757080078,2244400
2020-12-02,108.0,111.0,107.0,110.0,103.60144805908205,1531000
2020-12-03,110.0,111.0,108.0,108.0,101.71778869628906,792800
2020-12-04,108.0,110.0,105.0,106.0,99.83412170410156,1466400
2020-12-07,107.0,107.0,104.0,105.0,98.8922882080078,575600
2020-12-08,104.0,108.0,104.0,108.0,101.71778869628906,643500
2020-12-09,107.0,107.0,105.0,106.0,99.83412170410156,193900
2020-12-10,106.0,107.0,104.0,105.0,98.8922882080078,379800
2020-12-11,105.0,106.0,105.0,105.0,98.8922882080078,226500
2020-12-14,106.0,109.0,105.0,108.0,101.71778869628906,565400
2020-12-15,107.0,108.0,106.0,108.0,101.71778869628906,284400
2020-12-16,107.0,108.0,105.0,106.0,99.83412170410156,195500
2020-12-17,106.0,114.0,105.0,110.0,103.60144805908205,1927000
2020-12-18,109.0,110.0,105.0,105.0,98.8922882080078,873900
2020-12-21,106.0,106.0,105.0,105.0,98.8922882080078,321500
2020-12-22,105.0,120.0,105.0,112.0,105.485107421875,5547800
2020-12-23,113.0,114.0,108.0,111.0,104.54327392578124,2154200
2020-12-24,111.0,115.0,109.0,113.0,106.42693328857422,1137600
2020-12-25,113.0,113.0,110.0,111.0,104.54327392578124,830500
2020-12-28,114.0,116.0,106.0,106.0,99.83412170410156,2001100
2020-12-29,106.0,108.0,105.0,106.0,99.83412170410156,873600
2020-12-30,107.0,107.0,105.0,107.0,100.77594757080078,546100
2021-01-04,108.0,110.0,107.0,107.0,100.77594757080078,1574700
2021-01-05,107.0,113.0,104.0,106.0,99.83412170410156,3798600
2021-01-06,107.0,109.0,107.0,107.0,100.77594757080078,976400
2021-01-07,108.0,112.0,107.0,110.0,103.60144805908205,1436900
2021-01-08,111.0,112.0,110.0,111.0,104.54327392578124,355300
2021-01-12,113.0,115.0,110.0,111.0,104.54327392578124,838000
2021-01-13,112.0,112.0,107.0,109.0,102.65961456298828,585000
2021-01-14,110.0,111.0,106.0,108.0,101.71778869628906,645500
2021-01-15,108.0,110.0,106.0,110.0,103.60144805908205,621400
2021-01-18,110.0,110.0,107.0,108.0,101.71778869628906,149600
2021-01-19,109.0,110.0,108.0,109.0,102.65961456298828,156600
2021-01-20,108.0,110.0,107.0,108.0,101.71778869628906,427600
2021-01-21,108.0,109.0,106.0,106.0,99.83412170410156,1082900
2021-01-22,107.0,110.0,107.0,108.0,101.71778869628906,370200
2021-01-25,108.0,109.0,107.0,108.0,101.71778869628906,226200
2021-01-26,109.0,110.0,108.0,108.0,101.71778869628906,263100
2021-01-27,109.0,109.0,107.0,108.0,101.71778869628906,227100
2021-01-28,107.0,109.0,105.0,109.0,102.65961456298828,602700
2021-01-29,107.0,108.0,105.0,106.0,99.83412170410156,628800
2021-02-01,106.0,107.0,105.0,106.0,99.83412170410156,295600
2021-02-02,108.0,108.0,106.0,107.0,100.77594757080078,243400
2021-02-03,107.0,110.0,107.0,110.0,103.60144805908205,588900
2021-02-04,109.0,111.0,108.0,109.0,102.65961456298828,397700
2021-02-05,110.0,113.0,109.0,111.0,104.54327392578124,949700
2021-02-08,112.0,114.0,110.0,112.0,105.485107421875,525000
2021-02-09,113.0,113.0,107.0,108.0,101.71778869628906,1109400
2021-02-10,109.0,111.0,108.0,110.0,103.60144805908205,421000
2021-02-12,110.0,111.0,109.0,110.0,103.60144805908205,255200
2021-02-15,109.0,110.0,107.0,109.0,102.65961456298828,498600
2021-02-16,110.0,110.0,107.0,108.0,101.71778869628906,292800
2021-02-17,108.0,109.0,106.0,109.0,102.65961456298828,448900
2021-02-18,109.0,109.0,107.0,107.0,100.77594757080078,149900
2021-02-19,108.0,108.0,106.0,106.0,99.83412170410156,413500
2021-02-22,107.0,108.0,106.0,106.0,99.83412170410156,193100
2021-02-24,107.0,108.0,106.0,106.0,99.83412170410156,183600
2021-02-25,107.0,108.0,106.0,106.0,99.83412170410156,210700
2021-02-26,107.0,107.0,105.0,105.0,98.8922882080078,431400
2021-03-01,106.0,107.0,106.0,106.0,99.83412170410156,325700
2021-03-02,106.0,108.0,106.0,106.0,99.83412170410156,177600
2021-03-03,107.0,107.0,106.0,106.0,99.83412170410156,65600
2021-03-04,106.0,107.0,105.0,106.0,99.83412170410156,237300
2021-03-05,106.0,107.0,104.0,106.0,99.83412170410156,469600
2021-03-08,105.0,107.0,105.0,106.0,99.83412170410156,190500
2021-03-09,106.0,107.0,105.0,106.0,99.83412170410156,201400
2021-03-10,106.0,107.0,105.0,106.0,99.83412170410156,140800
2021-03-11,107.0,109.0,106.0,107.0,100.77594757080078,457000
2021-03-12,108.0,109.0,107.0,108.0,101.71778869628906,201600
2021-03-15,108.0,109.0,108.0,108.0,101.71778869628906,67300
2021-03-16,109.0,110.0,107.0,108.0,101.71778869628906,511800
2021-03-17,109.0,112.0,109.0,110.0,103.60144805908205,595300
2021-03-18,111.0,113.0,110.0,113.0,106.42693328857422,537200
2021-03-19,112.0,113.0,111.0,111.0,104.54327392578124,233800
2021-03-22,111.0,113.0,110.0,112.0,105.485107421875,294400
2021-03-23,112.0,115.0,110.0,110.0,103.60144805908205,813300
2021-03-24,110.0,111.0,108.0,109.0,102.65961456298828,362000
2021-03-25,110.0,113.0,109.0,110.0,103.60144805908205,511100
2021-03-26,110.0,112.0,110.0,111.0,104.54327392578124,352400
2021-03-29,112.0,112.0,110.0,111.0,104.54327392578124,252500
2021-03-30,109.0,111.0,108.0,109.0,102.65961456298828,499000
2021-03-31,109.0,111.0,109.0,110.0,103.60144805908205,151200
2021-04-01,111.0,112.0,110.0,111.0,104.54327392578124,213700
2021-04-02,112.0,112.0,110.0,111.0,104.54327392578124,128100
2021-04-05,112.0,112.0,110.0,111.0,104.54327392578124,213500
2021-04-06,110.0,111.0,109.0,109.0,102.65961456298828,202300
2021-04-07,110.0,111.0,109.0,111.0,104.54327392578124,119700
2021-04-08,110.0,111.0,109.0,110.0,103.60144805908205,81500
2021-04-09,110.0,111.0,109.0,110.0,103.60144805908205,107600
2021-04-12,110.0,111.0,109.0,110.0,103.60144805908205,83400
2021-04-13,110.0,111.0,110.0,111.0,104.54327392578124,38100
2021-04-14,110.0,111.0,110.0,111.0,104.54327392578124,40800
2021-04-15,111.0,115.0,110.0,113.0,106.42693328857422,442200
2021-04-16,115.0,115.0,111.0,112.0,105.485107421875,302100
2021-04-19,113.0,113.0,111.0,112.0,105.485107421875,198200
2021-04-20,111.0,113.0,110.0,111.0,104.54327392578124,246400
2021-04-21,111.0,112.0,111.0,112.0,105.485107421875,159600
2021-04-22,112.0,112.0,111.0,112.0,105.485107421875,127300
2021-04-23,111.0,112.0,110.0,111.0,104.54327392578124,99500
2021-04-26,112.0,112.0,111.0,111.0,104.54327392578124,127600
2021-04-27,112.0,112.0,111.0,111.0,104.54327392578124,60700
2021-04-28,111.0,112.0,111.0,111.0,104.54327392578124,222600
2021-04-30,110.0,110.0,108.0,109.0,102.65961456298828,217100
2021-05-06,109.0,111.0,109.0,111.0,104.54327392578124,115800
2021-05-07,111.0,111.0,110.0,110.0,103.60144805908205,74700
2021-05-10,110.0,111.0,109.0,109.0,102.65961456298828,70200
2021-05-11,109.0,110.0,106.0,107.0,100.77594757080078,519100
2021-05-12,109.0,109.0,104.0,104.0,97.95045471191406,343600
2021-05-13,103.0,105.0,101.0,101.0,95.12496185302734,640400
2021-05-14,102.0,106.0,102.0,104.0,97.95045471191406,275700
2021-05-17,105.0,106.0,103.0,103.0,97.00862121582033,158400
2021-05-18,103.0,106.0,103.0,105.0,98.8922882080078,144700
2021-05-19,105.0,106.0,105.0,105.0,98.8922882080078,157300
2021-05-20,105.0,106.0,103.0,106.0,99.83412170410156,177800
2021-05-21,105.0,106.0,105.0,105.0,98.8922882080078,42900
2021-05-24,105.0,106.0,104.0,105.0,98.8922882080078,140300
2021-05-25,105.0,106.0,104.0,105.0,98.8922882080078,189000
2021-05-26,105.0,105.0,103.0,105.0,98.8922882080078,119500
2021-05-27,105.0,105.0,103.0,103.0,97.00862121582033,187500
2021-05-28,103.0,104.0,102.0,103.0,97.00862121582033,163000
2021-05-31,103.0,104.0,103.0,103.0,97.00862121582033,34300
2021-06-01,104.0,104.0,102.0,102.0,96.0667953491211,204400
2021-06-02,103.0,105.0,103.0,104.0,97.95045471191406,162700
2021-06-03,103.0,105.0,103.0,105.0,98.8922882080078,84100
2021-06-04,105.0,105.0,103.0,104.0,97.95045471191406,129700
2021-06-07,104.0,105.0,104.0,104.0,97.95045471191406,39800
2021-06-08,105.0,105.0,104.0,105.0,98.8922882080078,40200
2021-06-09,104.0,105.0,104.0,104.0,97.95045471191406,37000
2021-06-10,104.0,105.0,103.0,103.0,97.00862121582033,173100
2021-06-11,103.0,104.0,103.0,103.0,97.00862121582033,132600
2021-06-14,105.0,105.0,104.0,105.0,98.8922882080078,19500
2021-06-15,105.0,105.0,103.0,105.0,98.8922882080078,114900
2021-06-16,105.0,106.0,104.0,104.0,97.95045471191406,251900
2021-06-17,104.0,105.0,103.0,103.0,97.00862121582033,184400
2021-06-18,104.0,106.0,103.0,103.0,97.00862121582033,290300
2021-06-21,103.0,103.0,102.0,102.0,96.0667953491211,232100
2021-06-22,103.0,104.0,103.0,104.0,97.95045471191406,85600
2021-06-23,103.0,104.0,102.0,104.0,97.95045471191406,164000
2021-06-24,104.0,104.0,102.0,103.0,97.00862121582033,128200
2021-06-25,103.0,104.0,102.0,104.0,97.95045471191406,94800
2021-06-28,104.0,104.0,103.0,104.0,97.95045471191406,35100
2021-06-29,103.0,104.0,103.0,104.0,97.95045471191406,76600
2021-06-30,104.0,104.0,103.0,103.0,97.00862121582033,30000
2021-07-01,103.0,104.0,102.0,103.0,97.00862121582033,171300
2021-07-02,103.0,104.0,102.0,103.0,97.00862121582033,114900
2021-07-05,103.0,103.0,102.0,102.0,96.0667953491211,31900
2021-07-06,103.0,104.0,102.0,103.0,97.00862121582033,82800
2021-07-07,103.0,103.0,102.0,102.0,96.0667953491211,21800
2021-07-08,102.0,103.0,102.0,103.0,97.00862121582033,60700
2021-07-09,102.0,103.0,100.0,101.0,95.12496185302734,251200
2021-07-12,102.0,103.0,101.0,102.0,96.0667953491211,194300
2021-07-13,102.0,102.0,101.0,102.0,96.0667953491211,52700
2021-07-14,102.0,102.0,101.0,101.0,95.12496185302734,20300
2021-07-15,102.0,103.0,101.0,101.0,95.12496185302734,83700
2021-07-16,101.0,102.0,101.0,101.0,95.12496185302734,90700
2021-07-19,101.0,102.0,99.0,100.0,94.18313598632812,349600
2021-07-20,99.0,101.0,99.0,101.0,95.12496185302734,50000
2021-07-21,100.0,101.0,100.0,100.0,94.18313598632812,56500
2021-07-26,101.0,101.0,100.0,101.0,95.12496185302734,69800
2021-07-27,101.0,101.0,100.0,101.0,95.12496185302734,24900
2021-07-28,100.0,143.0,100.0,120.0,113.01976013183594,34882100
2021-07-29,123.0,133.0,113.0,116.0,109.25243377685548,14920500
2021-07-30,113.0,116.0,108.0,108.0,101.71778869628906,3366100
2021-08-02,108.0,112.0,107.0,108.0,101.71778869628906,1710200
2021-08-03,109.0,111.0,106.0,111.0,104.54327392578124,799400
2021-08-04,110.0,111.0,108.0,110.0,103.60144805908205,591000
2021-08-05,111.0,114.0,110.0,112.0,105.485107421875,798100
2021-08-06,111.0,111.0,104.0,105.0,98.8922882080078,1472400
2021-08-10,106.0,106.0,104.0,104.0,97.95045471191406,444800
2021-08-11,104.0,105.0,102.0,102.0,96.0667953491211,650000
2021-08-12,102.0,104.0,102.0,103.0,97.00862121582033,213700
2021-08-13,104.0,104.0,102.0,102.0,96.0667953491211,202100
2021-08-16,102.0,102.0,101.0,101.0,95.12496185302734,196700
2021-08-17,102.0,103.0,100.0,101.0,95.12496185302734,603800
2021-08-18,102.0,102.0,99.0,101.0,95.12496185302734,912000
2021-08-19,101.0,101.0,99.0,99.0,93.24130249023438,193600
2021-08-20,100.0,100.0,98.0,98.0,92.29947662353516,412300
2021-08-23,98.0,100.0,98.0,100.0,94.18313598632812,282800
2021-08-24,100.0,101.0,100.0,101.0,95.12496185302734,121100
2021-08-25,101.0,101.0,99.0,99.0,93.24130249023438,174700
2021-08-26,100.0,101.0,99.0,101.0,95.12496185302734,210400
2021-08-27,100.0,101.0,100.0,101.0,95.12496185302734,101200
2021-08-30,100.0,102.0,100.0,102.0,96.0667953491211,360600
2021-08-31,101.0,103.0,101.0,101.0,95.12496185302734,192600
2021-09-01,102.0,102.0,100.0,101.0,95.12496185302734,209500
2021-09-02,101.0,102.0,100.0,100.0,94.18313598632812,120600
2021-09-03,101.0,101.0,99.0,100.0,94.18313598632812,240600
2021-09-06,100.0,101.0,100.0,101.0,95.12496185302734,77400
2021-09-07,101.0,101.0,100.0,101.0,95.12496185302734,216400
2021-09-08,100.0,101.0,100.0,101.0,95.12496185302734,98400
2021-09-09,100.0,101.0,100.0,101.0,95.12496185302734,47200
2021-09-10,101.0,101.0,100.0,101.0,95.12496185302734,91100
2021-09-13,101.0,102.0,100.0,102.0,96.0667953491211,341400
2021-09-14,102.0,103.0,101.0,102.0,96.0667953491211,155200
2021-09-15,102.0,102.0,100.0,101.0,95.12496185302734,241500
2021-09-16,101.0,101.0,100.0,101.0,95.12496185302734,73700
2021-09-17,100.0,101.0,100.0,100.0,94.18313598632812,74100
2021-09-21,100.0,101.0,100.0,100.0,94.18313598632812,102000
2021-09-22,100.0,101.0,99.0,99.0,93.24130249023438,153500
2021-09-24,99.0,101.0,99.0,100.0,94.18313598632812,188500
2021-09-27,100.0,101.0,100.0,100.0,94.18313598632812,134500
2021-09-28,100.0,101.0,100.0,101.0,95.12496185302734,80500
2021-09-29,100.0,101.0,99.0,101.0,95.12496185302734,99400
2021-09-30,100.0,101.0,99.0,100.0,94.18313598632812,116200
2021-10-01,99.0,100.0,99.0,99.0,93.24130249023438,101200
2021-10-04,100.0,100.0,99.0,99.0,93.24130249023438,122600
2021-10-05,99.0,100.0,98.0,98.0,92.29947662353516,174900
2021-10-06,98.0,100.0,98.0,100.0,94.18313598632812,128000
2021-10-07,100.0,100.0,98.0,99.0,93.24130249023438,89800
2021-10-08,99.0,100.0,99.0,99.0,93.24130249023438,59100
2021-10-11,100.0,100.0,99.0,100.0,94.18313598632812,106300
2021-10-12,100.0,100.0,99.0,99.0,93.24130249023438,19600
2021-10-13,99.0,100.0,98.0,100.0,94.18313598632812,86400
2021-10-14,99.0,100.0,98.0,100.0,94.18313598632812,40700
2021-10-15,99.0,100.0,99.0,100.0,94.18313598632812,16700
2021-10-18,100.0,100.0,99.0,100.0,94.18313598632812,50500
2021-10-19,99.0,100.0,99.0,99.0,93.24130249023438,33600
2021-10-20,99.0,100.0,99.0,99.0,93.24130249023438,30600
2021-10-21,100.0,102.0,99.0,99.0,93.24130249023438,357700
2021-10-22,99.0,100.0,99.0,99.0,93.24130249023438,39100
2021-10-25,99.0,100.0,99.0,99.0,93.24130249023438,33900
2021-10-26,100.0,101.0,99.0,99.0,93.24130249023438,96600
2021-10-27,100.0,100.0,99.0,99.0,93.24130249023438,25500
2021-10-28,99.0,100.0,99.0,99.0,93.24130249023438,15600
2021-10-29,99.0,100.0,99.0,99.0,93.24130249023438,52100
2021-11-01,100.0,100.0,99.0,100.0,94.18313598632812,52600
2021-11-02,99.0,101.0,99.0,99.0,93.24130249023438,117300
2021-11-04,100.0,100.0,99.0,100.0,94.18313598632812,34200
2021-11-05,100.0,100.0,98.0,99.0,93.24130249023438,191400
2021-11-08,99.0,100.0,99.0,99.0,93.24130249023438,64400
2021-11-09,100.0,100.0,99.0,99.0,93.24130249023438,37000
2021-11-10,99.0,100.0,99.0,99.0,93.24130249023438,19200
2021-11-11,99.0,100.0,99.0,99.0,93.24130249023438,13300
2021-11-12,99.0,101.0,99.0,100.0,94.18313598632812,127700
2021-11-15,100.0,101.0,99.0,101.0,95.12496185302734,55700
2021-11-16,100.0,101.0,99.0,100.0,94.18313598632812,77800
2021-11-17,100.0,100.0,99.0,100.0,94.18313598632812,39500
2021-11-18,100.0,101.0,99.0,99.0,93.24130249023438,76100
2021-11-19,99.0,100.0,99.0,99.0,93.24130249023438,34100
2021-11-22,99.0,100.0,99.0,99.0,93.24130249023438,89900
2021-11-24,99.0,100.0,98.0,99.0,93.24130249023438,156300
2021-11-25,100.0,100.0,98.0,100.0,94.18313598632812,125300
2021-11-26,99.0,108.0,99.0,104.0,97.95045471191406,3048200
2021-11-29,105.0,111.0,100.0,102.0,96.0667953491211,3542300
2021-11-30,101.0,102.0,99.0,100.0,94.18313598632812,820500
2021-12-01,100.0,101.0,99.0,101.0,95.12496185302734,250600
2021-12-02,101.0,104.0,100.0,100.0,94.18313598632812,386000
2021-12-03,100.0,102.0,100.0,100.0,94.18313598632812,145200
2021-12-06,101.0,101.0,99.0,99.0,93.24130249023438,252700
2021-12-07,101.0,102.0,100.0,100.0,94.18313598632812,176400
2021-12-08,100.0,101.0,100.0,101.0,95.12496185302734,87200
2021-12-09,101.0,102.0,100.0,100.0,94.18313598632812,146400
2021-12-10,100.0,101.0,99.0,100.0,94.18313598632812,210400
2021-12-13,100.0,101.0,100.0,101.0,95.12496185302734,73100
2021-12-14,100.0,101.0,99.0,99.0,93.24130249023438,116400
2021-12-15,99.0,101.0,99.0,101.0,95.12496185302734,72000
2021-12-16,101.0,101.0,99.0,100.0,94.18313598632812,76800
2021-12-17,101.0,102.0,100.0,100.0,94.18313598632812,454600
2021-12-20,101.0,101.0,99.0,99.0,93.24130249023438,195900
2021-12-21,99.0,100.0,95.0,98.0,92.29947662353516,553100
2021-12-22,97.0,98.0,97.0,98.0,92.29947662353516,116900
2021-12-23,98.0,98.0,97.0,97.0,91.3576431274414,72400
2021-12-24,97.0,98.0,97.0,97.0,91.3576431274414,69700
2021-12-27,97.0,97.0,96.0,97.0,91.3576431274414,207300
2021-12-28,96.0,97.0,95.0,95.0,89.4739761352539,298200
2021-12-29,96.0,97.0,95.0,97.0,91.3576431274414,162300
2021-12-30,97.0,98.0,96.0,97.0,91.3576431274414,142400
2022-01-04,98.0,99.0,97.0,99.0,93.24130249023438,142100
2022-01-05,99.0,99.0,97.0,97.0,91.3576431274414,175300
2022-01-06,97.0,98.0,97.0,98.0,92.29947662353516,295900
2022-01-07,98.0,108.0,98.0,101.0,95.12496185302734,4670200
2022-01-11,102.0,103.0,100.0,102.0,96.0667953491211,1002000
2022-01-12,101.0,102.0,100.0,100.0,94.18313598632812,293400
2022-01-13,101.0,102.0,100.0,100.0,94.18313598632812,166300
2022-01-14,100.0,102.0,99.0,99.0,93.24130249023438,309100
2022-01-17,100.0,100.0,98.0,98.0,92.29947662353516,132400
2022-01-18,98.0,99.0,97.0,99.0,93.24130249023438,244200
2022-01-19,97.0,98.0,96.0,97.0,91.3576431274414,436000
2022-01-20,96.0,97.0,96.0,96.0,90.41580963134766,111900
2022-01-21,96.0,97.0,96.0,97.0,91.3576431274414,71400
2022-01-24,96.0,97.0,96.0,97.0,91.3576431274414,67400
2022-01-25,97.0,97.0,91.0,91.0,85.70664978027344,709600
2022-01-26,93.0,93.0,91.0,92.0,86.64847564697266,141800
2022-01-27,93.0,93.0,86.0,86.0,80.99748992919922,686300
2022-01-28,88.0,90.0,88.0,89.0,83.82299041748047,320400
2022-01-31,89.0,90.0,89.0,89.0,83.82299041748047,81000
2022-02-01,90.0,91.0,89.0,89.0,83.82299041748047,115400
2022-02-02,89.0,91.0,89.0,91.0,85.70664978027344,189100
2022-02-03,91.0,93.0,90.0,90.0,84.76481628417969,145800
2022-02-04,90.0,92.0,90.0,92.0,86.64847564697266,108000
2022-02-07,91.0,91.0,89.0,89.0,83.82299041748047,139200
2022-02-08,90.0,91.0,89.0,90.0,84.76481628417969,120300
2022-02-09,90.0,90.0,89.0,89.0,83.82299041748047,71700
2022-02-10,90.0,91.0,89.0,90.0,84.76481628417969,53000
2022-02-14,89.0,91.0,89.0,91.0,85.70664978027344,120400
2022-02-15,91.0,91.0,90.0,90.0,84.76481628417969,55600
2022-02-16,91.0,91.0,89.0,90.0,84.76481628417969,132400
2022-02-17,90.0,91.0,89.0,89.0,83.82299041748047,122500
2022-02-18,90.0,91.0,89.0,90.0,84.76481628417969,120300
2022-02-21,89.0,90.0,89.0,90.0,84.76481628417969,23900
2022-02-22,89.0,90.0,89.0,90.0,84.76481628417969,39700
2022-02-24,90.0,90.0,88.0,89.0,83.82299041748047,99800
2022-02-25,88.0,90.0,88.0,90.0,84.76481628417969,87900
2022-02-28,90.0,90.0,89.0,89.0,83.82299041748047,49300
2022-03-01,89.0,91.0,89.0,89.0,83.82299041748047,114400
2022-03-02,90.0,90.0,89.0,89.0,83.82299041748047,60700
2022-03-03,90.0,91.0,90.0,90.0,84.76481628417969,68700
2022-03-04,90.0,91.0,89.0,89.0,83.82299041748047,83400
2022-03-07,90.0,90.0,87.0,87.0,81.9393310546875,221200
2022-03-08,87.0,89.0,87.0,88.0,82.88115692138672,87800
2022-03-09,88.0,88.0,86.0,87.0,81.9393310546875,95600
2022-03-10,87.0,88.0,87.0,88.0,82.88115692138672,64400
2022-03-11,88.0,88.0,87.0,87.0,81.9393310546875,49100
2022-03-14,88.0,89.0,88.0,89.0,83.82299041748047,95500
2022-03-15,88.0,89.0,88.0,89.0,83.82299041748047,57200
2022-03-16,89.0,89.0,88.0,88.0,82.88115692138672,55800
2022-03-17,89.0,90.0,89.0,90.0,84.76481628417969,104700
2022-03-18,89.0,90.0,89.0,89.0,83.82299041748047,174000
2022-03-22,90.0,91.0,90.0,91.0,85.70664978027344,193900
2022-03-23,91.0,91.0,90.0,90.0,84.76481628417969,72900
2022-03-24,90.0,93.0,90.0,92.0,86.64847564697266,281900
2022-03-25,92.0,92.0,91.0,91.0,85.70664978027344,100600
2022-03-28,92.0,92.0,91.0,91.0,85.70664978027344,200700
2022-03-29,91.0,92.0,91.0,92.0,86.64847564697266,225800
2022-03-30,91.0,92.0,90.0,90.0,84.76481628417969,201500
2022-03-31,90.0,91.0,89.0,91.0,85.70664978027344,274000
2022-04-01,90.0,91.0,90.0,90.0,84.76481628417969,75400
2022-04-04,91.0,92.0,91.0,92.0,86.64847564697266,92600
2022-04-05,92.0,92.0,91.0,92.0,86.64847564697266,74400
2022-04-06,92.0,93.0,91.0,93.0,87.5903091430664,112000
2022-04-07,93.0,94.0,91.0,91.0,85.70664978027344,118700
2022-04-08,92.0,92.0,90.0,90.0,84.76481628417969,139800
2022-04-11,91.0,91.0,90.0,90.0,84.76481628417969,33900
2022-04-12,91.0,91.0,90.0,90.0,84.76481628417969,30700
2022-04-13,91.0,91.0,90.0,91.0,85.70664978027344,73900
2022-04-14,91.0,91.0,90.0,91.0,85.70664978027344,33800
2022-04-15,91.0,91.0,90.0,90.0,84.76481628417969,55500
2022-04-18,90.0,91.0,90.0,90.0,84.76481628417969,31100
2022-04-19,91.0,91.0,90.0,90.0,84.76481628417969,8500
2022-04-20,90.0,91.0,89.0,89.0,83.82299041748047,61000
2022-04-21,91.0,91.0,90.0,90.0,84.76481628417969,38800
2022-04-22,90.0,91.0,90.0,90.0,84.76481628417969,17600
2022-04-25,90.0,90.0,89.0,89.0,83.82299041748047,104900
2022-04-26,90.0,90.0,89.0,89.0,83.82299041748047,17100
2022-04-27,89.0,91.0,88.0,91.0,85.70664978027344,160200
2022-04-28,91.0,91.0,89.0,91.0,85.70664978027344,119200
2022-05-02,90.0,91.0,90.0,90.0,84.76481628417969,43200
2022-05-06,90.0,92.0,90.0,91.0,85.70664978027344,103300
2022-05-09,91.0,92.0,90.0,92.0,86.64847564697266,117700
2022-05-10,91.0,91.0,90.0,90.0,84.76481628417969,29900
2022-05-11,91.0,92.0,90.0,92.0,86.64847564697266,145800
2022-05-12,91.0,91.0,90.0,90.0,84.76481628417969,84000
2022-05-13,90.0,91.0,90.0,91.0,85.70664978027344,51000
2022-05-16,90.0,91.0,90.0,91.0,85.70664978027344,86300
2022-05-17,91.0,91.0,90.0,90.0,84.76481628417969,39500
2022-05-18,90.0,91.0,89.0,90.0,84.76481628417969,129900
2022-05-19,90.0,91.0,89.0,90.0,84.76481628417969,72800
2022-05-20,90.0,91.0,90.0,91.0,85.70664978027344,15600
2022-05-23,91.0,91.0,90.0,91.0,85.70664978027344,30200
2022-05-24,91.0,91.0,90.0,91.0,85.70664978027344,15600
2022-05-25,91.0,91.0,90.0,91.0,85.70664978027344,87800
2022-05-26,91.0,91.0,90.0,90.0,84.76481628417969,30000
2022-05-27,90.0,91.0,90.0,91.0,85.70664978027344,55000
2022-05-30,91.0,91.0,90.0,91.0,85.70664978027344,68700
2022-05-31,91.0,92.0,90.0,92.0,86.64847564697266,66200
2022-06-01,92.0,92.0,91.0,92.0,86.64847564697266,45000
2022-06-02,92.0,92.0,91.0,91.0,85.70664978027344,33800
2022-06-03,92.0,92.0,91.0,91.0,85.70664978027344,28200
2022-06-06,91.0,92.0,91.0,92.0,86.64847564697266,39300
2022-06-07,92.0,93.0,91.0,91.0,85.70664978027344,62500
2022-06-08,92.0,93.0,91.0,93.0,87.5903091430664,107600
2022-06-09,93.0,94.0,91.0,93.0,87.5903091430664,201300
2022-06-10,93.0,93.0,92.0,92.0,86.64847564697266,111300
2022-06-13,92.0,92.0,91.0,91.0,85.70664978027344,131300
2022-06-14,91.0,92.0,90.0,90.0,84.76481628417969,144600
2022-06-15,91.0,91.0,90.0,90.0,84.76481628417969,33300
2022-06-16,91.0,92.0,90.0,91.0,85.70664978027344,72500
2022-06-17,90.0,91.0,89.0,90.0,84.76481628417969,142400
2022-06-20,90.0,91.0,89.0,90.0,84.76481628417969,107400
2022-06-21,90.0,91.0,90.0,91.0,85.70664978027344,14700
2022-06-22,90.0,91.0,89.0,89.0,83.82299041748047,70900
2022-06-23,90.0,91.0,89.0,90.0,84.76481628417969,99000
2022-06-24,90.0,91.0,89.0,91.0,85.70664978027344,37500
2022-06-27,91.0,91.0,90.0,90.0,84.76481628417969,67400
2022-06-28,90.0,91.0,90.0,91.0,85.70664978027344,48900
2022-06-29,91.0,91.0,89.0,91.0,85.70664978027344,87000
2022-06-30,90.0,91.0,90.0,90.0,84.76481628417969,36500
2022-07-01,90.0,91.0,90.0,90.0,84.76481628417969,34000
2022-07-04,90.0,91.0,89.0,89.0,83.82299041748047,110100
2022-07-05,90.0,91.0,89.0,90.0,84.76481628417969,141600
2022-07-06,90.0,91.0,90.0,91.0,85.70664978027344,121000
2022-07-07,91.0,93.0,91.0,91.0,85.70664978027344,206900
2022-07-08,92.0,93.0,89.0,90.0,84.76481628417969,351200
2022-07-11,91.0,92.0,90.0,91.0,85.70664978027344,137000
2022-07-12,91.0,91.0,90.0,90.0,84.76481628417969,60000
2022-07-13,90.0,91.0,89.0,89.0,83.82299041748047,182900
2022-07-14,90.0,90.0,89.0,89.0,83.82299041748047,30800
2022-07-15,89.0,90.0,89.0,89.0,83.82299041748047,88200
2022-07-19,90.0,90.0,89.0,89.0,83.82299041748047,65600
2022-07-20,89.0,90.0,89.0,89.0,83.82299041748047,50200
2022-07-21,89.0,91.0,89.0,91.0,85.70664978027344,332800
2022-07-22,90.0,91.0,90.0,90.0,84.76481628417969,132300
2022-07-25,91.0,91.0,90.0,90.0,84.76481628417969,79200
2022-07-26,91.0,91.0,89.0,90.0,84.76481628417969,164600
2022-07-27,90.0,90.0,89.0,89.0,83.82299041748047,77900
2022-07-28,90.0,91.0,89.0,91.0,85.70664978027344,87600
2022-07-29,90.0,91.0,90.0,90.0,84.76481628417969,43000
2022-08-01,90.0,91.0,90.0,90.0,84.76481628417969,82000
2022-08-02,90.0,91.0,89.0,89.0,83.82299041748047,75600
2022-08-03,89.0,90.0,89.0,89.0,83.82299041748047,67800
2022-08-04,90.0,91.0,90.0,90.0,84.76481628417969,158400
2022-08-05,90.0,91.0,90.0,91.0,85.70664978027344,39400
2022-08-08,90.0,91.0,90.0,91.0,85.70664978027344,67500
2022-08-09,91.0,91.0,89.0,90.0,84.76481628417969,121300
2022-08-10,90.0,90.0,89.0,89.0,83.82299041748047,47100
2022-08-12,89.0,90.0,89.0,90.0,84.76481628417969,75300
2022-08-15,90.0,91.0,90.0,91.0,85.70664978027344,62200
2022-08-16,90.0,91.0,89.0,91.0,85.70664978027344,77400
2022-08-17,90.0,91.0,89.0,91.0,85.70664978027344,122400
2022-08-18,90.0,91.0,89.0,90.0,84.76481628417969,82500
2022-08-19,90.0,90.0,89.0,89.0,83.82299041748047,44200
2022-08-22,89.0,90.0,89.0,90.0,84.76481628417969,26000
2022-08-23,89.0,90.0,89.0,89.0,83.82299041748047,41300
2022-08-24,89.0,90.0,89.0,89.0,83.82299041748047,36700
2022-08-25,90.0,90.0,89.0,90.0,84.76481628417969,52500
2022-08-26,90.0,90.0,89.0,90.0,84.76481628417969,42500
2022-08-29,89.0,90.0,89.0,89.0,83.82299041748047,73100
2022-08-30,90.0,90.0,89.0,90.0,84.76481628417969,29900
2022-08-31,89.0,90.0,89.0,89.0,83.82299041748047,32600
2022-09-01,89.0,90.0,89.0,89.0,83.82299041748047,124900
2022-09-02,89.0,89.0,88.0,88.0,82.88115692138672,169300
2022-09-05,88.0,89.0,88.0,88.0,82.88115692138672,69500
2022-09-06,88.0,89.0,88.0,89.0,83.82299041748047,43300
2022-09-07,89.0,89.0,83.0,83.0,78.1719970703125,901100
2022-09-08,84.0,86.0,84.0,85.0,80.0556640625,180300
2022-09-09,85.0,86.0,85.0,86.0,80.99748992919922,81100
2022-09-12,86.0,87.0,85.0,87.0,81.9393310546875,86200
2022-09-13,87.0,88.0,86.0,86.0,80.99748992919922,125200
2022-09-14,86.0,87.0,86.0,86.0,80.99748992919922,73200
2022-09-15,86.0,87.0,86.0,86.0,80.99748992919922,27200
2022-09-16,87.0,87.0,86.0,86.0,80.99748992919922,61900
2022-09-20,87.0,87.0,86.0,86.0,80.99748992919922,49000
2022-09-21,86.0,86.0,85.0,85.0,80.0556640625,97700
2022-09-22,85.0,85.0,83.0,84.0,79.11382293701172,273400
2022-09-26,85.0,85.0,84.0,84.0,79.11382293701172,72200
2022-09-27,85.0,85.0,84.0,84.0,79.11382293701172,67600
2022-09-28,84.0,85.0,83.0,84.0,79.11382293701172,89900
2022-09-29,84.0,85.0,84.0,85.0,80.0556640625,113300
2022-09-30,84.0,85.0,83.0,84.0,79.11382293701172,64500
2022-10-03,84.0,84.0,83.0,83.0,78.1719970703125,45000
2022-10-04,84.0,84.0,83.0,83.0,78.1719970703125,66100
2022-10-05,84.0,84.0,83.0,84.0,79.11382293701172,31700
2022-10-06,83.0,86.0,83.0,86.0,80.99748992919922,149300
2022-10-07,85.0,85.0,84.0,84.0,79.11382293701172,74700
2022-10-11,84.0,85.0,83.0,85.0,80.0556640625,111700
2022-10-12,85.0,85.0,84.0,85.0,80.0556640625,17000
2022-10-13,85.0,85.0,84.0,84.0,79.11382293701172,28400
2022-10-14,85.0,85.0,84.0,85.0,80.0556640625,40100
2022-10-17,84.0,85.0,84.0,84.0,79.11382293701172,24500
2022-10-18,86.0,86.0,85.0,86.0,80.99748992919922,82400
2022-10-19,85.0,86.0,84.0,85.0,80.0556640625,51200
2022-10-20,85.0,85.0,84.0,85.0,80.0556640625,22600
2022-10-21,85.0,86.0,84.0,85.0,80.0556640625,83600
2022-10-24,85.0,85.0,84.0,85.0,80.0556640625,19900
2022-10-25,86.0,86.0,85.0,86.0,80.99748992919922,85900
2022-10-26,86.0,86.0,85.0,86.0,80.99748992919922,44500
2022-10-27,86.0,86.0,85.0,85.0,80.0556640625,96900
2022-10-28,85.0,86.0,83.0,83.0,78.1719970703125,324900
2022-10-31,84.0,85.0,83.0,83.0,78.1719970703125,123300
2022-11-01,84.0,85.0,83.0,84.0,79.11382293701172,102000
2022-11-02,84.0,85.0,84.0,84.0,79.11382293701172,41000
2022-11-04,84.0,86.0,84.0,84.0,79.11382293701172,164700
2022-11-07,85.0,87.0,84.0,84.0,79.11382293701172,410100
2022-11-08,85.0,85.0,84.0,85.0,80.0556640625,118400
2022-11-09,85.0,85.0,84.0,84.0,79.11382293701172,69400
2022-11-10,84.0,85.0,83.0,83.0,78.1719970703125,126200
2022-11-11,84.0,85.0,83.0,84.0,79.11382293701172,130700
2022-11-14,84.0,85.0,83.0,84.0,79.11382293701172,174700
2022-11-15,84.0,85.0,83.0,85.0,80.0556640625,76000
2022-11-16,85.0,85.0,83.0,85.0,80.0556640625,164200
2022-11-17,83.0,85.0,83.0,85.0,80.0556640625,121000
2022-11-18,85.0,85.0,84.0,85.0,80.0556640625,51000
2022-11-21,85.0,85.0,84.0,84.0,79.11382293701172,65300
2022-11-22,85.0,87.0,84.0,87.0,81.9393310546875,232500
2022-11-24,87.0,87.0,85.0,87.0,81.9393310546875,105000
2022-11-25,87.0,87.0,86.0,87.0,81.9393310546875,91300
2022-11-28,87.0,87.0,86.0,87.0,81.9393310546875,88400
2022-11-29,87.0,87.0,86.0,86.0,80.99748992919922,96900
2022-11-30,87.0,87.0,85.0,86.0,80.99748992919922,135000
2022-12-01,87.0,87.0,86.0,86.0,80.99748992919922,68400
2022-12-02,86.0,87.0,85.0,85.0,80.0556640625,89900
2022-12-05,86.0,86.0,84.0,84.0,79.11382293701172,175100
2022-12-06,84.0,86.0,84.0,86.0,80.99748992919922,97100
2022-12-07,86.0,86.0,85.0,86.0,80.99748992919922,54800
2022-12-08,86.0,86.0,84.0,84.0,79.11382293701172,195400
2022-12-09,84.0,85.0,84.0,84.0,79.11382293701172,120100
2022-12-12,85.0,85.0,84.0,84.0,79.11382293701172,118800
2022-12-13,85.0,85.0,84.0,84.0,79.11382293701172,101300
2022-12-14,85.0,87.0,85.0,87.0,81.9393310546875,246800
2022-12-15,86.0,87.0,86.0,87.0,81.9393310546875,76400
2022-12-16,86.0,87.0,85.0,85.0,80.0556640625,93400
2022-12-19,85.0,86.0,85.0,85.0,80.0556640625,64800
2022-12-20,85.0,86.0,83.0,83.0,78.1719970703125,302700
2022-12-21,84.0,84.0,83.0,83.0,78.1719970703125,110000
2022-12-22,84.0,84.0,83.0,83.0,78.1719970703125,61200
2022-12-23,83.0,84.0,82.0,83.0,78.1719970703125,180000
2022-12-26,84.0,84.0,81.0,81.0,76.28833770751953,224700
2022-12-27,82.0,82.0,81.0,82.0,77.23016357421875,154600
2022-12-28,81.0,82.0,80.0,81.0,76.28833770751953,262100
2022-12-29,81.0,82.0,80.0,82.0,77.23016357421875,85800
2022-12-30,82.0,83.0,81.0,81.0,76.28833770751953,123400
2023-01-04,81.0,82.0,80.0,80.0,75.34650421142578,166000
2023-01-05,80.0,83.0,80.0,81.0,76.28833770751953,161200
2023-01-06,81.0,82.0,81.0,81.0,76.28833770751953,42900
2023-01-10,81.0,82.0,81.0,81.0,76.28833770751953,75900
2023-01-11,81.0,82.0,81.0,81.0,76.28833770751953,53100
2023-01-12,81.0,82.0,81.0,81.0,76.28833770751953,87600
2023-01-13,81.0,83.0,81.0,82.0,77.23016357421875,172900
2023-01-16,82.0,83.0,82.0,82.0,77.23016357421875,68200
2023-01-17,82.0,83.0,81.0,81.0,76.28833770751953,70500
2023-01-18,82.0,82.0,81.0,81.0,76.28833770751953,82600
2023-01-19,81.0,82.0,81.0,81.0,76.28833770751953,37300
2023-01-20,81.0,82.0,81.0,81.0,76.28833770751953,40900
2023-01-23,82.0,82.0,81.0,81.0,76.28833770751953,52000
2023-01-24,82.0,83.0,81.0,83.0,78.1719970703125,63400
2023-01-25,83.0,83.0,82.0,83.0,78.1719970703125,41500
2023-01-26,83.0,83.0,82.0,83.0,78.1719970703125,38400
2023-01-27,82.0,87.0,82.0,86.0,80.99748992919922,378900
2023-01-30,86.0,87.0,83.0,84.0,79.11382293701172,513900
2023-01-31,84.0,85.0,84.0,85.0,80.0556640625,31100
2023-02-01,85.0,92.0,84.0,88.0,82.88115692138672,901300
2023-02-02,88.0,91.0,84.0,85.0,80.0556640625,721900
2023-02-03,85.0,88.0,83.0,84.0,79.11382293701172,923700
2023-02-06,85.0,85.0,84.0,84.0,79.11382293701172,57700
2023-02-07,85.0,85.0,84.0,85.0,80.0556640625,118100
2023-02-08,85.0,89.0,83.0,83.0,78.1719970703125,955300
2023-02-09,84.0,84.0,82.0,83.0,78.1719970703125,388100
2023-02-10,82.0,83.0,81.0,82.0,77.23016357421875,268700
2023-02-13,82.0,82.0,81.0,82.0,77.23016357421875,170900
2023-02-14,82.0,83.0,82.0,82.0,77.23016357421875,75400
2023-02-15,83.0,85.0,82.0,82.0,77.23016357421875,289500
2023-02-16,83.0,84.0,82.0,83.0,78.1719970703125,116400
2023-02-17,82.0,83.0,82.0,82.0,77.23016357421875,136200
2023-02-20,82.0,83.0,82.0,83.0,78.1719970703125,128500
2023-02-21,82.0,83.0,82.0,82.0,77.23016357421875,29200
2023-02-22,82.0,83.0,82.0,82.0,77.23016357421875,25200
2023-02-24,82.0,83.0,82.0,83.0,78.1719970703125,22700
2023-02-27,83.0,83.0,82.0,83.0,78.1719970703125,60100
2023-02-28,82.0,84.0,82.0,84.0,79.11382293701172,169100
2023-03-01,83.0,84.0,83.0,84.0,79.11382293701172,45100
2023-03-02,83.0,84.0,83.0,84.0,79.11382293701172,88700
2023-03-03,84.0,84.0,83.0,83.0,78.1719970703125,35600
2023-03-06,83.0,84.0,83.0,84.0,79.11382293701172,36700
2023-03-07,83.0,85.0,83.0,84.0,79.11382293701172,213200
2023-03-08,83.0,84.0,83.0,84.0,79.11382293701172,42400
2023-03-09,84.0,85.0,84.0,85.0,80.0556640625,33200
2023-03-10,85.0,85.0,84.0,85.0,80.0556640625,81600
2023-03-13,84.0,85.0,84.0,85.0,80.0556640625,68800
2023-03-14,83.0,84.0,83.0,83.0,78.1719970703125,28200
2023-03-15,83.0,84.0,83.0,83.0,78.1719970703125,17000
2023-03-16,83.0,83.0,82.0,82.0,77.23016357421875,90400
2023-03-17,83.0,83.0,82.0,83.0,78.1719970703125,30400
2023-03-20,83.0,83.0,82.0,82.0,77.23016357421875,151000
2023-03-22,82.0,83.0,82.0,82.0,77.23016357421875,47100
2023-03-23,83.0,84.0,82.0,84.0,79.11382293701172,63200
2023-03-24,84.0,84.0,83.0,84.0,79.11382293701172,250500
2023-03-27,84.0,84.0,83.0,84.0,79.11382293701172,70900
2023-03-28,85.0,85.0,83.0,85.0,80.0556640625,68900
2023-03-29,85.0,86.0,84.0,86.0,80.99748992919922,248300
2023-03-30,83.0,84.0,82.0,84.0,80.0445785522461,281200
2023-03-31,83.0,84.0,83.0,84.0,80.0445785522461,67400
2023-04-03,83.0,84.0,83.0,83.0,79.0916748046875,132200
2023-04-04,84.0,84.0,83.0,83.0,79.0916748046875,37200
2023-04-05,84.0,84.0,83.0,83.0,79.0916748046875,63200
2023-04-06,83.0,84.0,82.0,82.0,78.13875579833984,155000
2023-04-07,82.0,83.0,82.0,82.0,78.13875579833984,86900
2023-04-10,83.0,83.0,82.0,83.0,79.0916748046875,44900
2023-04-11,83.0,84.0,82.0,84.0,80.0445785522461,86100
2023-04-12,84.0,84.0,82.0,83.0,79.0916748046875,94400
2023-04-13,83.0,84.0,83.0,83.0,79.0916748046875,80000
2023-04-14,83.0,83.0,83.0,83.0,79.0916748046875,389100
2023-04-17,83.0,84.0,83.0,83.0,79.0916748046875,47500
2023-04-18,83.0,84.0,83.0,83.0,79.0916748046875,22100
2023-04-19,83.0,85.0,83.0,85.0,80.99749755859375,108900
2023-04-20,84.0,85.0,84.0,84.0,80.0445785522461,26800
2023-04-21,84.0,85.0,84.0,84.0,80.0445785522461,19800
2023-04-24,84.0,85.0,84.0,85.0,80.99749755859375,49500
2023-04-25,85.0,85.0,84.0,84.0,80.0445785522461,80700
2023-04-26,84.0,84.0,83.0,83.0,79.0916748046875,58400
2023-04-27,83.0,84.0,83.0,83.0,79.0916748046875,195000
2023-04-28,84.0,84.0,83.0,84.0,80.0445785522461,107100
2023-05-01,84.0,84.0,83.0,83.0,79.0916748046875,31600
2023-05-02,83.0,84.0,83.0,84.0,80.0445785522461,29600
2023-05-08,84.0,84.0,83.0,83.0,79.0916748046875,97500
2023-05-09,83.0,85.0,83.0,85.0,80.99749755859375,115500
2023-05-10,85.0,99.0,84.0,93.0,88.62078857421875,2923000
2023-05-11,97.0,106.0,94.0,94.0,89.57369232177734,4120400
2023-05-12,93.0,94.0,90.0,90.0,85.76204681396484,531700
2023-05-15,92.0,93.0,91.0,91.0,86.7149658203125,272100
2023-05-16,91.0,93.0,90.0,92.0,87.6678695678711,288700
2023-05-17,92.0,92.0,90.0,90.0,85.76204681396484,165500
2023-05-18,91.0,93.0,91.0,92.0,87.6678695678711,197900
2023-05-19,91.0,92.0,91.0,91.0,86.7149658203125,26600
2023-05-22,91.0,95.0,91.0,94.0,89.57369232177734,315400
2023-05-23,94.0,94.0,92.0,92.0,87.6678695678711,161100
2023-05-24,92.0,94.0,92.0,92.0,87.6678695678711,152000
2023-05-25,94.0,94.0,90.0,92.0,87.6678695678711,330700
2023-05-26,92.0,92.0,90.0,91.0,86.7149658203125,145600
2023-05-29,92.0,93.0,91.0,91.0,86.7149658203125,136000
2023-05-30,92.0,92.0,90.0,90.0,85.76204681396484,80900
2023-05-31,90.0,91.0,88.0,89.0,84.80914306640625,253400
2023-06-01,89.0,90.0,88.0,88.0,83.8562240600586,147800
2023-06-02,88.0,90.0,88.0,89.0,84.80914306640625,187600
2023-06-05,89.0,93.0,89.0,90.0,85.76204681396484,204100
2023-06-06,90.0,92.0,90.0,92.0,87.6678695678711,98200
2023-06-07,92.0,92.0,91.0,92.0,87.6678695678711,125300
2023-06-08,92.0,92.0,90.0,90.0,85.76204681396484,68300
2023-06-09,91.0,92.0,90.0,91.0,86.7149658203125,121200
2023-06-12,92.0,92.0,91.0,92.0,87.6678695678711,28700
2023-06-13,92.0,92.0,91.0,92.0,87.6678695678711,123600
2023-06-14,92.0,92.0,91.0,91.0,86.7149658203125,148800
2023-06-15,91.0,93.0,91.0,93.0,88.62078857421875,92200
2023-06-16,93.0,93.0,91.0,91.0,86.7149658203125,153700
2023-06-19,93.0,93.0,91.0,93.0,88.62078857421875,64500
2023-06-20,93.0,93.0,91.0,93.0,88.62078857421875,38200
2023-06-21,92.0,94.0,92.0,93.0,88.62078857421875,255100
2023-06-22,93.0,94.0,92.0,92.0,87.6678695678711,127200
2023-06-23,92.0,93.0,90.0,91.0,86.7149658203125,216700
2023-06-26,92.0,92.0,91.0,91.0,86.7149658203125,54100
2023-06-27,92.0,92.0,91.0,91.0,86.7149658203125,63300
2023-06-28,91.0,93.0,91.0,93.0,88.62078857421875,45500
2023-06-29,92.0,94.0,92.0,93.0,88.62078857421875,208100
2023-06-30,93.0,94.0,92.0,94.0,89.57369232177734,95300
2023-07-03,94.0,95.0,93.0,94.0,89.57369232177734,187200
2023-07-04,94.0,95.0,94.0,94.0,89.57369232177734,96800
2023-07-05,94.0,95.0,94.0,94.0,89.57369232177734,111600
2023-07-06,94.0,95.0,93.0,93.0,88.62078857421875,71300
2023-07-07,93.0,94.0,92.0,92.0,87.6678695678711,67100
2023-07-10,93.0,94.0,92.0,93.0,88.62078857421875,67200
2023-07-11,94.0,95.0,93.0,93.0,88.62078857421875,132600
2023-07-12,94.0,95.0,93.0,93.0,88.62078857421875,124200
2023-07-13,93.0,95.0,93.0,95.0,90.526611328125,106900
2023-07-14,95.0,95.0,93.0,95.0,90.526611328125,101200
2023-07-18,94.0,95.0,93.0,94.0,89.57369232177734,68000
2023-07-19,94.0,97.0,94.0,97.0,92.43243408203124,229700
2023-07-20,97.0,97.0,95.0,96.0,91.47952270507812,227600
2023-07-21,97.0,97.0,95.0,96.0,91.47952270507812,148800
2023-07-24,96.0,97.0,95.0,97.0,92.43243408203124,38000
2023-07-25,98.0,98.0,97.0,97.0,92.43243408203124,122400
2023-07-26,98.0,98.0,97.0,98.0,93.38534545898438,105100
2023-07-27,98.0,98.0,95.0,96.0,91.47952270507812,197100
2023-07-28,96.0,96.0,93.0,95.0,90.526611328125,403500
2023-07-31,96.0,97.0,95.0,97.0,92.43243408203124,116600
2023-08-01,97.0,98.0,96.0,98.0,93.38534545898438,309100
2023-08-02,97.0,98.0,95.0,95.0,90.526611328125,161500
2023-08-03,96.0,97.0,94.0,96.0,91.47952270507812,199200
2023-08-04,95.0,97.0,95.0,97.0,92.43243408203124,125600
2023-08-07,97.0,97.0,96.0,97.0,92.43243408203124,93000
2023-08-08,97.0,99.0,95.0,96.0,91.47952270507812,600900
2023-08-09,95.0,96.0,94.0,94.0,89.57369232177734,181300
2023-08-10,94.0,96.0,93.0,96.0,91.47952270507812,154500
2023-08-14,96.0,97.0,95.0,96.0,91.47952270507812,110200
2023-08-15,97.0,97.0,95.0,96.0,91.47952270507812,153900
2023-08-16,95.0,95.0,94.0,94.0,89.57369232177734,68300
2023-08-17,94.0,94.0,91.0,92.0,87.6678695678711,283100
2023-08-18,91.0,93.0,90.0,91.0,86.7149658203125,272400
2023-08-21,92.0,93.0,91.0,92.0,87.6678695678711,61300
2023-08-22,93.0,93.0,92.0,92.0,87.6678695678711,9600
2023-08-23,93.0,93.0,92.0,92.0,87.6678695678711,33600
2023-08-24,93.0,93.0,92.0,92.0,87.6678695678711,38900
2023-08-25,93.0,93.0,92.0,93.0,88.62078857421875,69200
2023-08-28,93.0,95.0,92.0,94.0,89.57369232177734,86000
2023-08-29,94.0,95.0,94.0,95.0,90.526611328125,38900
2023-08-30,94.0,95.0,94.0,95.0,90.526611328125,25100
2023-08-31,95.0,95.0,94.0,95.0,90.526611328125,25000
2023-09-01,95.0,96.0,94.0,96.0,91.47952270507812,68000
2023-09-04,96.0,96.0,95.0,96.0,91.47952270507812,45700
2023-09-05,95.0,95.0,94.0,95.0,90.526611328125,150500
2023-09-06,95.0,95.0,94.0,94.0,89.57369232177734,42100
2023-09-07,94.0,95.0,93.0,93.0,88.62078857421875,113400
2023-09-08,93.0,95.0,93.0,94.0,89.57369232177734,86500
2023-09-11,95.0,95.0,94.0,95.0,90.526611328125,36300
2023-09-12,95.0,95.0,94.0,95.0,90.526611328125,25000
2023-09-13,95.0,95.0,94.0,95.0,90.526611328125,34700
2023-09-14,94.0,95.0,94.0,94.0,89.57369232177734,92400
2023-09-15,95.0,95.0,94.0,95.0,90.526611328125,53100
2023-09-19,95.0,96.0,94.0,95.0,90.526611328125,212600
2023-09-20,95.0,96.0,94.0,95.0,90.526611328125,96500
2023-09-21,95.0,95.0,93.0,93.0,88.62078857421875,157600
2023-09-22,93.0,94.0,93.0,93.0,88.62078857421875,52600
2023-09-25,95.0,95.0,93.0,93.0,88.62078857421875,94800
2023-09-26,95.0,95.0,93.0,94.0,89.57369232177734,58300
2023-09-27,94.0,95.0,93.0,95.0,90.526611328125,82500
2023-09-28,94.0,95.0,93.0,93.0,88.62078857421875,61400
2023-09-29,94.0,94.0,93.0,93.0,88.62078857421875,45000
2023-10-02,94.0,95.0,93.0,93.0,88.62078857421875,44400
2023-10-03,93.0,93.0,91.0,91.0,86.7149658203125,205300
2023-10-04,91.0,91.0,90.0,90.0,85.76204681396484,124600
2023-10-05,91.0,92.0,90.0,91.0,86.7149658203125,64500
2023-10-06,92.0,93.0,91.0,91.0,86.7149658203125,103500
2023-10-10,91.0,92.0,91.0,92.0,87.6678695678711,44700
2023-10-11,92.0,92.0,90.0,90.0,85.76204681396484,80800
2023-10-12,91.0,92.0,90.0,91.0,86.7149658203125,109500
2023-10-13,91.0,91.0,89.0,89.0,84.80914306640625,172100
2023-10-16,90.0,91.0,89.0,89.0,84.80914306640625,108900
2023-10-17,89.0,91.0,89.0,89.0,84.80914306640625,73000
2023-10-18,90.0,91.0,89.0,91.0,86.7149658203125,82600
2023-10-19,90.0,91.0,89.0,89.0,84.80914306640625,63000
2023-10-20,89.0,90.0,89.0,90.0,85.76204681396484,17900
2023-10-23,90.0,90.0,89.0,89.0,84.80914306640625,29900
2023-10-24,89.0,90.0,89.0,89.0,84.80914306640625,50900
2023-10-25,91.0,91.0,89.0,90.0,85.76204681396484,47500
2023-10-26,90.0,90.0,86.0,87.0,82.9033203125,352400
2023-10-27,87.0,89.0,87.0,89.0,84.80914306640625,122400
2023-10-30,88.0,89.0,86.0,86.0,81.95040130615234,363600
2023-10-31,87.0,89.0,86.0,87.0,82.9033203125,207500
2023-11-01,88.0,89.0,87.0,88.0,83.8562240600586,93000
2023-11-02,89.0,89.0,88.0,89.0,84.80914306640625,39800
2023-11-06,89.0,91.0,88.0,89.0,84.80914306640625,147300
2023-11-07,89.0,92.0,87.0,87.0,82.9033203125,440100
2023-11-08,88.0,88.0,85.0,86.0,81.95040130615234,343400
2023-11-09,86.0,87.0,85.0,87.0,82.9033203125,108800
2023-11-10,86.0,87.0,86.0,87.0,82.9033203125,54700
2023-11-13,87.0,87.0,86.0,86.0,81.95040130615234,68000
2023-11-14,87.0,87.0,85.0,87.0,82.9033203125,134500
2023-11-15,86.0,87.0,86.0,87.0,82.9033203125,17600
2023-11-16,87.0,87.0,86.0,86.0,81.95040130615234,49300
2023-11-17,86.0,88.0,86.0,88.0,83.8562240600586,83800
2023-11-20,88.0,89.0,87.0,87.0,82.9033203125,118400
2023-11-21,87.0,88.0,87.0,87.0,82.9033203125,38300
2023-11-22,88.0,89.0,87.0,88.0,83.8562240600586,110800
2023-11-24,89.0,89.0,88.0,89.0,84.80914306640625,23900
2023-11-27,89.0,90.0,88.0,89.0,84.80914306640625,81400
2023-11-28,89.0,90.0,89.0,90.0,85.76204681396484,37500
2023-11-29,89.0,89.0,88.0,89.0,84.80914306640625,69800
2023-11-30,89.0,89.0,88.0,88.0,83.8562240600586,32000
2023-12-01,89.0,92.0,89.0,90.0,85.76204681396484,231100
2023-12-04,91.0,92.0,90.0,90.0,85.76204681396484,54100
2023-12-05,90.0,91.0,90.0,90.0,85.76204681396484,124100
2023-12-06,90.0,92.0,90.0,91.0,86.7149658203125,73200
2023-12-07,91.0,92.0,89.0,89.0,84.80914306640625,152900
2023-12-08,89.0,91.0,89.0,89.0,84.80914306640625,78300
2023-12-11,90.0,90.0,89.0,90.0,85.76204681396484,31300
2023-12-12,90.0,90.0,89.0,89.0,84.80914306640625,31200
2023-12-13,89.0,90.0,89.0,89.0,84.80914306640625,31000
2023-12-14,90.0,91.0,89.0,89.0,84.80914306640625,155400
2023-12-15,89.0,90.0,89.0,89.0,84.80914306640625,22700
2023-12-18,89.0,90.0,89.0,90.0,85.76204681396484,32600
2023-12-19,90.0,90.0,89.0,90.0,85.76204681396484,29100
2023-12-20,90.0,90.0,89.0,89.0,84.80914306640625,105400
2023-12-21,89.0,90.0,88.0,89.0,84.80914306640625,135000
2023-12-22,89.0,90.0,89.0,89.0,84.80914306640625,34900
2023-12-25,89.0,90.0,89.0,90.0,85.76204681396484,60800
2023-12-26,88.0,89.0,88.0,88.0,83.8562240600586,84600
2023-12-27,88.0,89.0,88.0,89.0,84.80914306640625,133500
2023-12-28,89.0,90.0,88.0,90.0,85.76204681396484,116800
2023-12-29,89.0,91.0,88.0,90.0,85.76204681396484,134000
2024-01-04,91.0,93.0,90.0,92.0,87.6678695678711,399600
2024-01-05,92.0,92.0,90.0,91.0,86.7149658203125,137400
2024-01-09,92.0,93.0,91.0,93.0,88.62078857421875,141100
2024-01-10,93.0,94.0,92.0,93.0,88.62078857421875,207000
2024-01-11,93.0,94.0,91.0,93.0,88.62078857421875,163800
2024-01-12,93.0,93.0,91.0,93.0,88.62078857421875,158500
2024-01-15,93.0,93.0,92.0,92.0,87.6678695678711,15900
2024-01-16,94.0,94.0,92.0,92.0,87.6678695678711,39500
2024-01-17,92.0,93.0,92.0,93.0,88.62078857421875,29100
2024-01-18,93.0,93.0,92.0,93.0,88.62078857421875,66800
2024-01-19,93.0,93.0,92.0,92.0,87.6678695678711,32800
2024-01-22,93.0,94.0,92.0,94.0,89.57369232177734,88900
2024-01-23,94.0,94.0,93.0,93.0,88.62078857421875,35100
2024-01-24,93.0,94.0,92.0,92.0,87.6678695678711,65500
2024-01-25,94.0,94.0,92.0,92.0,87.6678695678711,65400
2024-01-26,92.0,93.0,92.0,92.0,87.6678695678711,47300
2024-01-29,93.0,94.0,92.0,94.0,89.57369232177734,70100
2024-01-30,94.0,94.0,92.0,92.0,87.6678695678711,271400
2024-01-31,92.0,93.0,92.0,92.0,87.6678695678711,27600
2024-02-01,92.0,93.0,92.0,92.0,87.6678695678711,38300
2024-02-02,93.0,93.0,92.0,92.0,87.6678695678711,28100
2024-02-05,92.0,93.0,91.0,92.0,87.6678695678711,184900
2024-02-06,93.0,95.0,91.0,91.0,86.7149658203125,297600
2024-02-07,91.0,91.0,90.0,90.0,85.76204681396484,168100
2024-02-08,91.0,91.0,90.0,91.0,86.7149658203125,45600
2024-02-09,91.0,92.0,91.0,91.0,86.7149658203125,62700
2024-02-13,91.0,92.0,91.0,92.0,87.6678695678711,56300
2024-02-14,91.0,92.0,89.0,89.0,84.80914306640625,265000
2024-02-15,90.0,91.0,89.0,90.0,85.76204681396484,105600
2024-02-16,90.0,91.0,90.0,91.0,86.7149658203125,30500
2024-02-19,91.0,91.0,90.0,91.0,86.7149658203125,34100
2024-02-20,91.0,92.0,91.0,91.0,86.7149658203125,29400
2024-02-21,92.0,92.0,90.0,92.0,87.6678695678711,37000
2024-02-22,91.0,92.0,91.0,92.0,87.6678695678711,39600
2024-02-26,92.0,92.0,91.0,92.0,87.6678695678711,74200
2024-02-27,91.0,92.0,91.0,92.0,87.6678695678711,40500
2024-02-28,91.0,94.0,91.0,93.0,88.62078857421875,287600
2024-02-29,93.0,94.0,92.0,92.0,87.6678695678711,131300
2024-03-01,93.0,94.0,92.0,94.0,89.57369232177734,73400
2024-03-04,94.0,94.0,92.0,94.0,89.57369232177734,80000
2024-03-05,94.0,94.0,92.0,93.0,88.62078857421875,52800
2024-03-06,93.0,96.0,92.0,96.0,91.47952270507812,326800
2024-03-07,96.0,96.0,94.0,95.0,90.526611328125,112400
2024-03-08,95.0,95.0,93.0,95.0,90.526611328125,85500
2024-03-11,95.0,96.0,92.0,93.0,88.62078857421875,187500
2024-03-12,93.0,94.0,93.0,94.0,89.57369232177734,108100
2024-03-13,95.0,95.0,93.0,94.0,89.57369232177734,130000
2024-03-14,94.0,95.0,93.0,95.0,90.526611328125,41500
2024-03-15,95.0,95.0,94.0,94.0,89.57369232177734,58900
2024-03-18,96.0,96.0,94.0,94.0,89.57369232177734,118100
2024-03-19,96.0,98.0,94.0,97.0,92.43243408203124,395300
2024-03-21,97.0,98.0,95.0,96.0,91.47952270507812,284400
2024-03-22,96.0,96.0,95.0,96.0,91.47952270507812,81100
2024-03-25,97.0,97.0,95.0,97.0,92.43243408203124,124700
2024-03-26,96.0,97.0,95.0,97.0,92.43243408203124,91000
2024-03-27,97.0,97.0,96.0,97.0,92.43243408203124,249400
2024-03-28,94.0,95.0,93.0,93.0,90.48648834228516,371400
2024-03-29,93.0,94.0,92.0,93.0,90.48648834228516,77900
2024-04-01,94.0,94.0,93.0,93.0,90.48648834228516,69400
2024-04-02,93.0,94.0,92.0,92.0,89.51351165771484,55700
2024-04-03,92.0,93.0,90.0,91.0,88.54054260253906,222400
2024-04-04,91.0,93.0,91.0,92.0,89.51351165771484,38300
2024-04-05,91.0,92.0,91.0,92.0,89.51351165771484,47000
2024-04-08,92.0,92.0,91.0,91.0,88.54054260253906,32600
2024-04-09,91.0,93.0,91.0,91.0,88.54054260253906,39500
2024-04-10,92.0,93.0,92.0,92.0,89.51351165771484,38800
2024-04-11,92.0,93.0,92.0,92.0,89.51351165771484,26500
2024-04-12,92.0,93.0,92.0,92.0,89.51351165771484,32100
2024-04-15,93.0,93.0,91.0,91.0,88.54054260253906,65100
2024-04-16,91.0,92.0,91.0,91.0,88.54054260253906,24600
2024-04-17,91.0,92.0,91.0,91.0,88.54054260253906,22900
2024-04-18,92.0,92.0,91.0,91.0,88.54054260253906,172100
2024-04-19,91.0,91.0,90.0,90.0,87.56756591796875,56100
2024-04-22,90.0,91.0,90.0,91.0,88.54054260253906,21800
2024-04-23,91.0,92.0,90.0,92.0,89.51351165771484,38300
2024-04-24,91.0,92.0,91.0,92.0,89.51351165771484,44400
2024-04-25,92.0,92.0,91.0,91.0,88.54054260253906,41800
2024-04-26,91.0,91.0,90.0,90.0,87.56756591796875,215500
2024-04-30,90.0,91.0,90.0,91.0,88.54054260253906,54000
2024-05-01,90.0,91.0,90.0,91.0,88.54054260253906,29500
2024-05-02,90.0,93.0,90.0,91.0,88.54054260253906,185000
2024-05-07,91.0,92.0,90.0,91.0,88.54054260253906,56100
2024-05-08,92.0,92.0,90.0,90.0,87.56756591796875,70800
2024-05-09,91.0,95.0,91.0,94.0,91.45945739746094,217600
2024-05-10,119.0,122.0,105.0,106.0,103.13513946533205,9808200
2024-05-13,104.0,105.0,100.0,101.0,98.27027130126952,1628600
2024-05-14,101.0,102.0,100.0,100.0,97.29730224609376,377900
2024-05-15,100.0,101.0,98.0,99.0,96.32432556152344,371400
2024-05-16,99.0,100.0,98.0,99.0,96.32432556152344,218100
2024-05-17,99.0,100.0,98.0,99.0,96.32432556152344,204500
2024-05-20,100.0,101.0,99.0,100.0,97.29730224609376,172100
2024-05-21,101.0,101.0,99.0,100.0,97.29730224609376,133000
2024-05-22,100.0,101.0,99.0,99.0,96.32432556152344,158100
2024-05-23,100.0,100.0,99.0,100.0,97.29730224609376,70800
2024-05-24,100.0,101.0,99.0,99.0,96.32432556152344,106200
2024-05-27,101.0,101.0,100.0,101.0,98.27027130126952,45700
2024-05-28,101.0,101.0,100.0,100.0,97.29730224609376,63800
2024-05-29,101.0,103.0,100.0,102.0,99.24324798583984,452000
2024-05-30,102.0,102.0,100.0,100.0,97.29730224609376,170700
2024-05-31,100.0,102.0,100.0,102.0,99.24324798583984,100600
2024-06-03,102.0,103.0,101.0,103.0,100.21621704101562,72900
2024-06-04,103.0,103.0,101.0,103.0,100.21621704101562,157600
2024-06-05,103.0,103.0,102.0,103.0,100.21621704101562,72600
2024-06-06,103.0,103.0,102.0,103.0,100.21621704101562,63200
2024-06-07,103.0,103.0,102.0,103.0,100.21621704101562,95500
2024-06-10,103.0,104.0,103.0,104.0,101.18919372558594,74100
2024-06-11,104.0,105.0,104.0,105.0,102.16216278076172,121000
2024-06-12,105.0,105.0,103.0,104.0,101.18919372558594,143800
2024-06-13,103.0,105.0,103.0,104.0,101.18919372558594,95600
2024-06-14,104.0,104.0,102.0,102.0,99.24324798583984,124100
2024-06-17,103.0,104.0,102.0,102.0,99.24324798583984,67200
2024-06-18,102.0,105.0,102.0,103.0,100.21621704101562,160200
2024-06-19,104.0,105.0,103.0,103.0,100.21621704101562,41900
2024-06-20,103.0,104.0,103.0,103.0,100.21621704101562,87500
2024-06-21,104.0,104.0,103.0,104.0,101.18919372558594,73600
2024-06-24,104.0,105.0,104.0,105.0,102.16216278076172,80800
2024-06-25,105.0,105.0,104.0,104.0,101.18919372558594,76200
2024-06-26,104.0,105.0,104.0,105.0,102.16216278076172,43700
2024-06-27,105.0,105.0,104.0,104.0,101.18919372558594,63400
2024-06-28,104.0,105.0,104.0,104.0,101.18919372558594,44500
2024-07-01,105.0,106.0,104.0,105.0,102.16216278076172,84300
2024-07-02,106.0,106.0,105.0,105.0,102.16216278076172,59500
2024-07-03,106.0,106.0,104.0,105.0,102.16216278076172,141100
2024-07-04,105.0,106.0,105.0,105.0,102.16216278076172,75700
2024-07-05,106.0,106.0,104.0,104.0,101.18919372558594,68500
2024-07-08,105.0,106.0,105.0,105.0,102.16216278076172,44900
2024-07-09,105.0,106.0,104.0,104.0,101.18919372558594,208400
2024-07-10,105.0,105.0,104.0,104.0,101.18919372558594,63300
2024-07-11,104.0,106.0,104.0,105.0,102.16216278076172,96700
2024-07-12,105.0,106.0,104.0,106.0,103.13513946533205,185500
2024-07-16,106.0,106.0,104.0,105.0,102.16216278076172,119400
2024-07-17,105.0,106.0,105.0,105.0,102.16216278076172,68200
2024-07-18,106.0,106.0,105.0,106.0,103.13513946533205,53900
2024-07-19,106.0,106.0,105.0,105.0,102.16216278076172,34300
2024-07-22,105.0,106.0,105.0,105.0,102.16216278076172,128600
2024-07-23,106.0,107.0,105.0,106.0,103.13513946533205,107300
2024-07-24,106.0,106.0,105.0,105.0,102.16216278076172,59800
2024-07-25,105.0,106.0,105.0,105.0,102.16216278076172,41800
2024-07-26,106.0,106.0,105.0,105.0,102.16216278076172,51600
2024-07-29,105.0,106.0,105.0,106.0,103.13513946533205,39500
2024-07-30,105.0,107.0,104.0,104.0,101.18919372558594,356400
2024-07-31,105.0,106.0,105.0,105.0,102.16216278076172,56300
2024-08-01,106.0,106.0,104.0,104.0,101.18919372558594,94200
2024-08-02,104.0,105.0,102.0,102.0,99.24324798583984,275900
2024-08-05,102.0,102.0,95.0,96.0,93.40541076660156,604000
2024-08-06,97.0,103.0,97.0,99.0,96.32432556152344,359600
2024-08-07,98.0,102.0,98.0,100.0,97.29730224609376,191500
2024-08-08,100.0,103.0,100.0,100.0,97.29730224609376,116300
2024-08-09,102.0,102.0,101.0,102.0,99.24324798583984,41300
2024-08-13,102.0,103.0,101.0,103.0,100.21621704101562,68300
2024-08-14,103.0,103.0,102.0,102.0,99.24324798583984,26200
2024-08-15,103.0,103.0,102.0,102.0,99.24324798583984,25000
2024-08-16,103.0,103.0,102.0,102.0,99.24324798583984,45600
2024-08-19,102.0,103.0,102.0,102.0,99.24324798583984,22600
2024-08-20,103.0,103.0,102.0,103.0,100.21621704101562,17100
2024-08-21,102.0,103.0,102.0,102.0,99.24324798583984,49300
2024-08-22,103.0,103.0,101.0,103.0,100.21621704101562,92000
2024-08-23,103.0,116.0,102.0,106.0,103.13513946533205,1507200
2024-08-26,107.0,108.0,104.0,105.0,102.16216278076172,331600
2024-08-27,105.0,105.0,104.0,105.0,102.16216278076172,121100
2024-08-28,105.0,105.0,104.0,104.0,101.18919372558594,54800
2024-08-29,104.0,107.0,103.0,106.0,103.13513946533205,169900
2024-08-30,106.0,107.0,105.0,105.0,102.16216278076172,87200
2024-09-02,106.0,106.0,105.0,106.0,103.13513946533205,51900
2024-09-03,106.0,106.0,104.0,106.0,103.13513946533205,56100
2024-09-04,104.0,105.0,103.0,103.0,100.21621704101562,188600
2024-09-05,103.0,104.0,102.0,103.0,100.21621704101562,140000
2024-09-06,103.0,104.0,102.0,102.0,99.24324798583984,70500
2024-09-09,102.0,103.0,100.0,101.0,98.27027130126952,184000
2024-09-10,101.0,102.0,101.0,101.0,98.27027130126952,88600
2024-09-11,101.0,102.0,100.0,100.0,97.29730224609376,74100
2024-09-12,102.0,102.0,101.0,101.0,98.27027130126952,42800
2024-09-13,102.0,102.0,101.0,101.0,98.27027130126952,38200
2024-09-17,101.0,102.0,101.0,101.0,98.27027130126952,48200
2024-09-18,101.0,103.0,101.0,102.0,99.24324798583984,64100
2024-09-19,103.0,103.0,102.0,102.0,99.24324798583984,90000
2024-09-20,103.0,105.0,102.0,103.0,100.21621704101562,135600
2024-09-24,104.0,105.0,103.0,105.0,102.16216278076172,68600
2024-09-25,105.0,105.0,104.0,105.0,102.16216278076172,71900
2024-09-26,105.0,106.0,104.0,106.0,103.13513946533205,120500
2024-09-27,104.0,105.0,104.0,105.0,102.16216278076172,29800
2024-09-30,104.0,104.0,103.0,103.0,100.21621704101562,80700
2024-10-01,104.0,105.0,103.0,105.0,102.16216278076172,19600
2024-10-02,105.0,105.0,103.0,103.0,100.21621704101562,13600
2024-10-03,105.0,105.0,103.0,104.0,101.18919372558594,11700
2024-10-04,104.0,105.0,104.0,105.0,102.16216278076172,10200
2024-10-07,104.0,105.0,103.0,103.0,100.21621704101562,50300
2024-10-08,105.0,105.0,103.0,103.0,100.21621704101562,26900
2024-10-09,105.0,105.0,103.0,103.0,100.21621704101562,46400
2024-10-10,104.0,104.0,103.0,104.0,101.18919372558594,21800
2024-10-11,103.0,104.0,102.0,103.0,100.21621704101562,27000
2024-10-15,102.0,103.0,102.0,102.0,99.24324798583984,53400
2024-10-16,102.0,103.0,102.0,102.0,99.24324798583984,25100
2024-10-17,102.0,104.0,102.0,104.0,101.18919372558594,38700
2024-10-18,103.0,104.0,103.0,104.0,101.18919372558594,8300
2024-10-21,103.0,103.0,102.0,102.0,99.24324798583984,35900
2024-10-22,103.0,103.0,102.0,102.0,99.24324798583984,16500
2024-10-23,103.0,103.0,102.0,102.0,99.24324798583984,11400
2024-10-24,103.0,103.0,102.0,102.0,99.24324798583984,34400
2024-10-25,103.0,103.0,101.0,101.0,98.27027130126952,88400
2024-10-28,102.0,102.0,101.0,101.0,98.27027130126952,39600
2024-10-29,102.0,102.0,101.0,101.0,98.27027130126952,30100
2024-10-30,101.0,102.0,100.0,100.0,97.29730224609376,259500
2024-10-31,100.0,101.0,100.0,100.0,97.29730224609376,40600
2024-11-01,100.0,101.0,100.0,101.0,98.27027130126952,15500
2024-11-05,101.0,101.0,100.0,100.0,97.29730224609376,10800
2024-11-06,100.0,102.0,100.0,101.0,98.27027130126952,53600
2024-11-07,102.0,102.0,100.0,100.0,97.29730224609376,41800
2024-11-08,101.0,102.0,100.0,102.0,99.24324798583984,37900
2024-11-11,102.0,102.0,100.0,101.0,98.27027130126952,38900
2024-11-12,100.0,102.0,100.0,102.0,99.24324798583984,39100
2024-11-13,101.0,102.0,101.0,101.0,98.27027130126952,26200
2024-11-14,102.0,102.0,101.0,101.0,98.27027130126952,10500
2024-11-15,101.0,102.0,100.0,100.0,97.29730224609376,26300
2024-11-18,101.0,101.0,100.0,101.0,98.27027130126952,23300
2024-11-19,101.0,102.0,101.0,101.0,98.27027130126952,18200
2024-11-20,101.0,102.0,101.0,101.0,98.27027130126952,9200
2024-11-21,101.0,102.0,101.0,101.0,98.27027130126952,78100
2024-11-22,100.0,102.0,100.0,102.0,99.24324798583984,32900
2024-11-25,102.0,102.0,101.0,102.0,99.24324798583984,44000
2024-11-26,102.0,102.0,101.0,102.0,99.24324798583984,11000
2024-11-27,101.0,102.0,101.0,102.0,99.24324798583984,27700
2024-11-28,101.0,102.0,101.0,102.0,99.24324798583984,25000
2024-11-29,101.0,102.0,101.0,102.0,99.24324798583984,42000
2024-12-02,102.0,102.0,101.0,102.0,99.24324798583984,38600
2024-12-03,102.0,102.0,101.0,102.0,99.24324798583984,36800
2024-12-04,102.0,102.0,101.0,102.0,99.24324798583984,29900
2024-12-05,102.0,102.0,101.0,102.0,99.24324798583984,31200
2024-12-06,102.0,102.0,101.0,102.0,99.24324798583984,39300
2024-12-09,102.0,102.0,101.0,102.0,99.24324798583984,37000
2024-12-10,102.0,102.0,101.0,102.0,99.24324798583984,37000
2024-12-11,103.0,103.0,102.0,103.0,100.21621704101562,16700
2024-12-12,103.0,103.0,102.0,103.0,100.21621704101562,29800
2024-12-13,103.0,103.0,102.0,103.0,100.21621704101562,50600
2024-12-16,103.0,103.0,102.0,102.0,99.24324798583984,44600
2024-12-17,102.0,103.0,102.0,102.0,99.24324798583984,23000
2024-12-18,102.0,102.0,101.0,102.0,99.24324798583984,32600
2024-12-19,102.0,103.0,101.0,102.0,99.24324798583984,52900
2024-12-20,101.0,102.0,100.0,102.0,99.24324798583984,113900
2024-12-23,101.0,102.0,101.0,102.0,99.24324798583984,91700
2024-12-24,102.0,102.0,101.0,102.0,99.24324798583984,25400
2024-12-25,102.0,102.0,101.0,102.0,99.24324798583984,82200
2024-12-26,102.0,102.0,101.0,101.0,98.27027130126952,61500
2024-12-27,101.0,102.0,101.0,101.0,98.27027130126952,32200
2024-12-30,102.0,102.0,101.0,102.0,99.24324798583984,38100
2025-01-06,102.0,103.0,101.0,102.0,99.24324798583984,65500
2025-01-07,103.0,103.0,102.0,103.0,100.21621704101562,59000
2025-01-08,103.0,108.0,102.0,105.0,102.16216278076172,422100
2025-01-09,105.0,105.0,103.0,103.0,100.21621704101562,89900
2025-01-10,103.0,108.0,103.0,106.0,103.13513946533205,180600
2025-01-14,106.0,106.0,103.0,103.0,100.21621704101562,154500
2025-01-15,104.0,104.0,103.0,103.0,100.21621704101562,39000
2025-01-16,103.0,104.0,102.0,102.0,99.24324798583984,132000
2025-01-17,102.0,103.0,101.0,101.0,98.27027130126952,114200
2025-01-20,102.0,103.0,101.0,103.0,100.21621704101562,71800
2025-01-21,102.0,103.0,102.0,103.0,100.21621704101562,48800
2025-01-22,103.0,104.0,103.0,104.0,101.18919372558594,43300
2025-01-23,103.0,103.0,102.0,103.0,100.21621704101562,39500
2025-01-24,103.0,104.0,102.0,103.0,100.21621704101562,27600
2025-01-27,104.0,104.0,102.0,103.0,100.21621704101562,71100
2025-01-28,102.0,103.0,102.0,102.0,99.24324798583984,39500
2025-01-29,102.0,103.0,102.0,102.0,99.24324798583984,40400
2025-01-30,102.0,103.0,99.0,99.0,96.32432556152344,594600
2025-01-31,101.0,102.0,100.0,101.0,98.27027130126952,109500
2025-02-03,102.0,102.0,100.0,101.0,98.27027130126952,69500
2025-02-04,102.0,102.0,100.0,101.0,98.27027130126952,58400
2025-02-05,101.0,102.0,101.0,102.0,99.24324798583984,56900
2025-02-06,102.0,104.0,100.0,102.0,99.24324798583984,315300
2025-02-07,101.0,102.0,100.0,101.0,98.27027130126952,49800
2025-02-10,102.0,102.0,101.0,102.0,99.24324798583984,66800
2025-02-12,102.0,102.0,101.0,102.0,99.24324798583984,39500
2025-02-13,102.0,102.0,101.0,102.0,99.24324798583984,39600
2025-02-14,102.0,103.0,101.0,102.0,99.24324798583984,53000
2025-02-17,102.0,102.0,101.0,102.0,99.24324798583984,87800
2025-02-18,102.0,102.0,101.0,102.0,99.24324798583984,31100
2025-02-19,102.0,103.0,101.0,102.0,99.24324798583984,42600
2025-02-20,103.0,103.0,102.0,102.0,99.24324798583984,74500
2025-02-21,102.0,103.0,101.0,103.0,100.21621704101562,88700
2025-02-25,103.0,103.0,101.0,103.0,100.21621704101562,130300
2025-02-26,102.0,103.0,102.0,103.0,100.21621704101562,42900
2025-02-27,103.0,105.0,103.0,104.0,101.18919372558594,80800
2025-02-28,104.0,105.0,102.0,104.0,101.18919372558594,224100
2025-03-03,105.0,106.0,104.0,106.0,103.13513946533205,110600
2025-03-04,106.0,106.0,104.0,104.0,101.18919372558594,82400
2025-03-05,104.0,106.0,104.0,106.0,103.13513946533205,83700
2025-03-06,106.0,107.0,105.0,106.0,103.13513946533205,93700
2025-03-07,106.0,107.0,106.0,106.0,103.13513946533205,50600
2025-03-10,107.0,108.0,106.0,108.0,105.08108520507812,85600
2025-03-11,107.0,108.0,106.0,108.0,105.08108520507812,85700
2025-03-12,108.0,109.0,107.0,109.0,106.0540542602539,72300
2025-03-13,109.0,109.0,108.0,109.0,106.0540542602539,57100
2025-03-14,109.0,109.0,108.0,109.0,106.0540542602539,45400
2025-03-17,109.0,110.0,108.0,110.0,107.02703094482422,110900
2025-03-18,109.0,110.0,108.0,109.0,106.0540542602539,76700
2025-03-19,109.0,110.0,108.0,110.0,107.02703094482422,43200
2025-03-21,110.0,110.0,109.0,110.0,107.02703094482422,95500
2025-03-24,110.0,110.0,109.0,110.0,107.02703094482422,71700
2025-03-25,110.0,110.0,109.0,110.0,107.02703094482422,71800
2025-03-26,110.0,110.0,108.0,109.0,106.0540542602539,223800
2025-03-27,109.0,111.0,108.0,111.0,108.0,216700
2025-03-28,103.0,104.0,102.0,103.0,103.0,292700
2025-03-31,102.0,103.0,101.0,102.0,102.0,96100
2025-04-01,102.0,103.0,102.0,102.0,102.0,38400
2025-04-02,102.0,116.0,100.0,101.0,101.0,2954400
2025-04-03,100.0,101.0,100.0,100.0,100.0,185100
2025-04-04,100.0,101.0,99.0,99.0,99.0,163500
2025-04-07,98.0,98.0,94.0,94.0,94.0,330800
2025-04-08,97.0,100.0,97.0,99.0,99.0,191200
2025-04-09,97.0,99.0,97.0,99.0,99.0,80900
2025-04-10,101.0,102.0,100.0,100.0,100.0,134200
2025-04-11,99.0,100.0,99.0,100.0,100.0,81900
2025-04-14,100.0,101.0,100.0,101.0,101.0,39700
2025-04-15,100.0,102.0,100.0,101.0,101.0,51200
2025-04-16,102.0,102.0,100.0,101.0,101.0,38200
2025-04-17,101.0,107.0,99.0,101.0,101.0,789400
2025-04-18,101.0,101.0,100.0,101.0,101.0,54200
2025-04-21,100.0,110.0,100.0,102.0,102.0,1862000
2025-04-22,102.0,112.0,101.0,102.0,102.0,3586000
2025-04-23,104.0,106.0,103.0,103.0,103.0,205600
2025-04-24,104.0,105.0,102.0,102.0,102.0,82000
2025-04-25,104.0,104.0,102.0,102.0,102.0,63200
2025-04-28,103.0,109.0,102.0,103.0,103.0,2200200
2025-04-30,103.0,108.0,102.0,102.0,102.0,1556600
2025-05-01,103.0,105.0,103.0,104.0,104.0,119200
2025-05-02,103.0,105.0,103.0,104.0,104.0,183400
2025-05-07,104.0,109.0,102.0,104.0,104.0,3277000
2025-05-08,104.0,107.0,103.0,105.0,105.0,291800
2025-05-09,105.0,106.0,104.0,105.0,105.0,113400
2025-05-12,105.0,105.0,104.0,104.0,104.0,50400
2025-05-13,104.0,106.0,103.0,106.0,106.0,153500
2025-05-14,106.0,106.0,103.0,105.0,105.0,140000
2025-05-15,103.0,105.0,103.0,103.0,103.0,158800
2025-05-16,104.0,105.0,103.0,103.0,103.0,85700
2025-05-19,104.0,105.0,103.0,105.0,105.0,36800
2025-05-20,105.0,105.0,104.0,104.0,104.0,31400
2025-05-21,104.0,105.0,103.0,103.0,103.0,165600
2025-05-22,103.0,105.0,103.0,105.0,105.0,43200
2025-05-23,105.0,105.0,103.0,103.0,103.0,89400
2025-05-26,104.0,104.0,103.0,103.0,103.0,58100
2025-05-27,104.0,104.0,103.0,103.0,103.0,23800
2025-05-28,104.0,105.0,104.0,104.0,104.0,19600
2025-05-29,104.0,105.0,104.0,104.0,104.0,39700
2025-05-30,105.0,105.0,104.0,104.0,104.0,17600
2025-06-02,105.0,105.0,104.0,104.0,104.0,13300
2025-06-03,105.0,105.0,103.0,103.0,103.0,133800
2025-06-04,104.0,105.0,103.0,104.0,104.0,34000
2025-06-05,104.0,105.0,103.0,104.0,104.0,83400
2025-06-06,104.0,105.0,103.0,104.0,104.0,103900
2025-06-09,104.0,105.0,103.0,104.0,104.0,44100
2025-06-10,105.0,105.0,103.0,104.0,104.0,30900
2025-06-11,105.0,105.0,104.0,104.0,104.0,18900
2025-06-12,105.0,105.0,104.0,105.0,105.0,9700
2025-06-13,105.0,105.0,104.0,104.0,104.0,48600
2025-06-16,104.0,105.0,104.0,105.0,105.0,24700
2025-06-17,105.0,105.0,104.0,105.0,105.0,20700
2025-06-18,105.0,106.0,104.0,105.0,105.0,111100
2025-06-19,106.0,109.0,106.0,107.0,107.0,456200
2025-06-20,109.0,109.0,105.0,105.0,105.0,118600
2025-06-23,106.0,107.0,105.0,107.0,107.0,26100
2025-06-24,107.0,108.0,106.0,106.0,106.0,47600
2025-06-25,108.0,108.0,106.0,107.0,107.0,47900
2025-06-26,107.0,107.0,106.0,106.0,106.0,26700
2025-06-27,107.0,108.0,106.0,106.0,106.0,36900
2025-06-30,107.0,108.0,106.0,106.0,106.0,33000
2025-07-01,107.0,108.0,106.0,108.0,108.0,51100
2025-07-02,108.0,109.0,107.0,108.0,108.0,74400
2025-07-03,109.0,109.0,108.0,108.0,108.0,27600
2025-07-04,108.0,109.0,108.0,108.0,108.0,71000
2025-07-07,108.0,113.0,107.0,113.0,113.0,576400
2025-07-08,112.0,113.0,110.0,111.0,111.0,76200
2025-07-09,111.0,113.0,111.0,111.0,111.0,52600
2025-07-10,112.0,112.0,111.0,111.0,111.0,33400
2025-07-11,111.0,111.0,110.0,110.0,110.0,50600
2025-07-14,111.0,112.0,110.0,111.0,111.0,92800
2025-07-15,111.0,113.0,110.0,112.0,112.0,55900
2025-07-16,111.0,112.0,110.0,110.0,110.0,39100
2025-07-17,110.0,110.0,109.0,109.0,109.0,163100
2025-07-18,109.0,110.0,108.0,108.0,108.0,69400
2025-07-22,109.0,110.0,108.0,108.0,108.0,46000
2025-07-23,109.0,110.0,108.0,108.0,108.0,53700
2025-07-24,109.0,110.0,108.0,108.0,108.0,44800
2025-07-25,110.0,110.0,109.0,110.0,110.0,33400
2025-07-28,110.0,110.0,109.0,110.0,110.0,19700
2025-07-29,110.0,111.0,108.0,108.0,108.0,89000
2025-07-30,108.0,109.0,108.0,109.0,109.0,24300
2025-07-31,109.0,110.0,109.0,109.0,109.0,40400
2025-08-01,109.0,109.0,108.0,109.0,109.0,43000
2025-08-04,109.0,110.0,108.0,110.0,110.0,39400
2025-08-05,110.0,110.0,108.0,110.0,110.0,57200
2025-08-06,110.0,111.0,108.0,109.0,109.0,299600
2025-08-07,108.0,110.0,108.0,109.0,109.0,60800
2025-08-08,110.0,110.0,109.0,110.0,110.0,32400
2025-08-12,110.0,113.0,110.0,110.0,110.0,190600
2025-08-13,112.0,112.0,111.0,112.0,112.0,25800
2025-08-14,113.0,113.0,111.0,112.0,112.0,50100
2025-08-15,112.0,113.0,111.0,112.0,112.0,96300
2025-08-18,112.0,114.0,112.0,114.0,114.0,204400
2025-08-19,114.0,119.0,113.0,119.0,119.0,282200
2025-08-20,119.0,119.0,115.0,117.0,117.0,131200
2025-08-21,118.0,118.0,116.0,117.0,117.0,73900
2025-08-22,118.0,118.0,115.0,117.0,117.0,131400
2025-08-25,119.0,119.0,115.0,117.0,117.0,83300
2025-08-26,116.0,117.0,116.0,117.0,117.0,53000
2025-08-27,117.0,117.0,116.0,117.0,117.0,44800
2025-08-28,117.0,118.0,116.0,118.0,118.0,51700
2025-08-29,117.0,118.0,116.0,117.0,117.0,62200
2025-09-01,117.0,117.0,116.0,117.0,117.0,27600
2025-09-02,116.0,117.0,116.0,117.0,117.0,35000
2025-09-03,117.0,117.0,110.0,110.0,110.0,431500
2025-09-04,112.0,113.0,112.0,112.0,112.0,89700
2025-09-05,113.0,113.0,111.0,113.0,113.0,109800
2025-09-08,113.0,113.0,111.0,112.0,112.0,66300
2025-09-09,112.0,112.0,111.0,112.0,112.0,48000
2025-09-10,111.0,112.0,111.0,112.0,112.0,55700
2025-09-11,112.0,112.0,111.0,111.0,111.0,68700
2025-09-12,112.0,113.0,110.0,110.0,110.0,165000
2025-09-16,112.0,113.0,111.0,113.0,113.0,50800
2025-09-17,113.0,113.0,111.0,113.0,113.0,42700
2025-09-18,113.0,113.0,111.0,113.0,113.0,83400
2025-09-19,112.0,113.0,111.0,111.0,111.0,100900
2025-09-22,112.0,114.0,111.0,113.0,113.0,178800
2025-09-24,113.0,114.0,113.0,114.0,114.0,74000
2025-09-25,114.0,115.0,112.0,115.0,115.0,812400
2025-09-26,116.0,117.0,115.0,117.0,117.0,132700
2025-09-29,114.0,116.0,113.0,113.0,113.0,105600
2025-09-30,114.0,117.0,112.0,112.0,112.0,193400
2025-10-01,112.0,113.0,111.0,112.0,112.0,45200
2025-10-02,111.0,113.0,110.0,111.0,111.0,129400
2025-10-03,112.0,112.0,111.0,111.0,111.0,38500
2025-10-06,112.0,114.0,112.0,113.0,113.0,53900
2025-10-07,113.0,114.0,112.0,112.0,112.0,57400
2025-10-08,112.0,113.0,110.0,111.0,111.0,126600
2025-10-09,112.0,113.0,111.0,112.0,112.0,85000
2025-10-10,111.0,111.0,108.0,109.0,109.0,254600
2025-10-14,109.0,111.0,109.0,109.0,109.0,55100
2025-10-15,110.0,112.0,110.0,111.0,111.0,31400
2025-10-16,112.0,112.0,111.0,112.0,112.0,21400
2025-10-17,112.0,112.0,110.0,111.0,111.0,43600
2025-10-20,112.0,112.0,110.0,111.0,111.0,34100
2025-10-21,112.0,112.0,110.0,111.0,111.0,34300
2025-10-22,110.0,111.0,110.0,111.0,111.0,17400
2025-10-23,111.0,111.0,110.0,110.0,110.0,58400
2025-10-24,110.0,111.0,110.0,111.0,111.0,36600
2025-10-27,112.0,112.0,110.0,112.0,112.0,43200
2025-10-28,112.0,112.0,110.0,111.0,111.0,32600
2025-10-29,111.0,112.0,110.0,110.0,110.0,21200
2025-10-30,110.0,111.0,110.0,110.0,110.0,13000
2025-10-31,111.0,111.0,110.0,111.0,111.0,54900
2025-11-04,110.0,112.0,110.0,110.0,110.0,95700
2025-11-05,110.0,111.0,109.0,111.0,111.0,97800
2025-11-06,111.0,111.0,110.0,111.0,111.0,73200
2025-11-07,110.0,111.0,110.0,111.0,111.0,35300
2025-11-10,111.0,111.0,110.0,110.0,110.0,21800
2025-11-11,110.0,111.0,110.0,110.0,110.0,16200
2025-11-12,111.0,111.0,110.0,111.0,111.0,39700
2025-11-13,111.0,111.0,110.0,111.0,111.0,20900
2025-11-14,110.0,111.0,110.0,111.0,111.0,27700
2025-11-17,111.0,111.0,110.0,110.0,110.0,32400
2025-11-18,110.0,110.0,109.0,109.0,109.0,82100
2025-11-19,110.0,110.0,109.0,109.0,109.0,12300
2025-11-20,110.0,110.0,109.0,110.0,110.0,16500
2025-11-21,110.0,111.0,109.0,110.0,110.0,30000
2025-11-25,111.0,111.0,110.0,110.0,110.0,18200
2025-11-26,111.0,111.0,110.0,110.0,110.0,42900
2025-11-27,111.0,111.0,110.0,110.0,110.0,26800
2025-11-28,111.0,111.0,110.0,110.0,110.0,24700
2025-12-01,111.0,111.0,110.0,111.0,111.0,15400
2025-12-02,111.0,111.0,110.0,111.0,111.0,11200
2025-12-03,111.0,111.0,110.0,111.0,111.0,28400
2025-12-04,110.0,111.0,110.0,110.0,110.0,27300
2025-12-05,110.0,111.0,110.0,110.0,110.0,24700
2025-12-08,111.0,111.0,110.0,111.0,111.0,14200
2025-12-09,110.0,111.0,110.0,110.0,110.0,12600
2025-12-10,110.0,111.0,110.0,110.0,110.0,31600
2025-12-11,111.0,111.0,110.0,110.0,110.0,20200
2025-12-12,111.0,111.0,110.0,111.0,111.0,14100
2025-12-15,111.0,111.0,110.0,111.0,111.0,29500
2025-12-16,111.0,111.0,110.0,111.0,111.0,23000
2025-12-17,111.0,111.0,110.0,110.0,110.0,25400
2025-12-18,110.0,111.0,110.0,111.0,111.0,31500
2025-12-19,111.0,112.0,110.0,111.0,111.0,80900
2025-12-22,111.0,112.0,111.0,112.0,112.0,40400
2025-12-23,112.0,114.0,111.0,114.0,114.0,123700
2025-12-24,113.0,114.0,112.0,112.0,112.0,52600
2025-12-25,114.0,114.0,112.0,112.0,112.0,38400
2025-12-26,113.0,113.0,111.0,111.0,111.0,377600
2025-12-29,112.0,113.0,111.0,113.0,113.0,68500
2025-12-30,113.0,114.0,112.0,114.0,114.0,41800
2026-01-05,114.0,117.0,114.0,114.0,114.0,143500
2026-01-06,116.0,118.0,115.0,115.0,115.0,105000
2026-01-07,117.0,118.0,116.0,117.0,117.0,84800
2026-01-08,118.0,120.0,117.0,118.0,118.0,191800
2026-01-09,118.0,120.0,118.0,120.0,120.0,118700
2026-01-13,120.0,120.0,119.0,120.0,120.0,86100
2026-01-14,120.0,120.0,119.0,120.0,120.0,47700
2026-01-15,120.0,120.0,119.0,120.0,120.0,35700
2026-01-16,120.0,122.0,120.0,122.0,122.0,105000
2026-01-19,122.0,123.0,119.0,122.0,122.0,132700
2026-01-20,122.0,122.0,121.0,121.0,121.0,39000
2026-01-21,122.0,122.0,119.0,122.0,122.0,129500
2026-01-22,122.0,122.0,120.0,122.0,122.0,45300
2026-01-23,129.0,131.0,125.0,130.0,130.0,439500
2026-01-26,131.0,132.0,126.0,129.0,129.0,200300
2026-01-27,128.0,130.0,126.0,129.0,129.0,106500
2026-01-28,129.0,129.0,125.0,128.0,128.0,136900
2026-01-29,129.0,129.0,123.0,124.0,124.0,145900
2026-01-30,123.0,131.0,123.0,128.0,128.0,275400
2026-02-02,128.0,128.0,125.0,127.0,127.0,93600
2026-02-03,127.0,129.0,126.0,128.0,128.0,53300
2026-02-04,129.0,129.0,127.0,128.0,128.0,88400
2026-02-05,128.0,132.0,125.0,127.0,127.0,294700
2026-02-06,126.0,129.0,126.0,128.0,128.0,63400
2026-02-09,129.0,130.0,127.0,130.0,130.0,70300
2026-02-10,130.0,133.0,129.0,132.0,132.0,99200
2026-02-12,133.0,133.0,131.0,132.0,132.0,73700
2026-02-13,132.0,132.0,130.0,131.0,131.0,75800
2026-02-16,133.0,133.0,131.0,133.0,133.0,33900
2026-02-17,133.0,137.0,131.0,136.0,136.0,159100
2026-02-18,138.0,145.0,137.0,142.0,142.0,265400
2026-02-19,142.0,143.0,138.0,141.0,141.0,213400
2026-02-20,141.0,142.0,135.0,140.0,140.0,122600
2026-02-24,141.0,141.0,137.0,139.0,139.0,56500
2026-02-25,140.0,140.0,139.0,140.0,140.0,59200
2026-02-26,140.0,141.0,138.0,139.0,139.0,68400
2026-02-27,140.0,145.0,139.0,143.0,143.0,138700
2026-03-02,140.0,144.0,140.0,141.0,141.0,91100
2026-03-03,142.0,142.0,136.0,136.0,136.0,138000
2026-03-04,136.0,138.0,130.0,133.0,133.0,220500
2026-03-05,134.0,138.0,134.0,136.0,136.0,49500
2026-03-06,138.0,140.0,136.0,139.0,139.0,65400
