Date,Open,High,Low,Close,Adj Close,Volume
2020-02-25,473.0,483.0,462.0,463.0,455.73724365234375,106400
2020-02-26,455.0,460.0,442.0,454.0,446.87841796875,35200
2020-02-27,450.0,455.0,425.0,430.0,423.2549133300781,51400
2020-02-28,412.0,428.0,392.0,394.0,387.8196105957031,92100
2020-03-02,442.0,450.0,418.0,437.0,430.1451110839844,34400
2020-03-03,445.0,450.0,417.0,417.0,410.4588317871094,21200
2020-03-04,409.0,427.0,409.0,427.0,420.3019714355469,15500
2020-03-05,429.0,434.0,418.0,419.0,412.4274597167969,9000
2020-03-06,407.0,407.0,392.0,400.0,393.7254943847656,22200
2020-03-09,386.0,389.0,344.0,344.0,338.6039123535156,94800
2020-03-10,313.0,346.0,299.0,340.0,334.6666564941406,105000
2020-03-11,412.0,419.0,352.0,375.0,369.1176452636719,161900
2020-03-12,350.0,369.0,325.0,332.0,326.7921447753906,51300
2020-03-13,279.0,315.0,279.0,281.0,276.5921630859375,91000
2020-03-16,337.0,337.0,301.0,301.0,296.2784423828125,54400
2020-03-17,277.0,326.0,277.0,317.0,312.0274658203125,30600
2020-03-18,320.0,331.0,315.0,315.0,310.058837890625,22100
2020-03-19,315.0,322.0,296.0,300.0,295.29412841796875,29700
2020-03-23,298.0,309.0,291.0,301.0,296.2784423828125,17800
2020-03-24,303.0,343.0,303.0,319.0,313.99609375,37300
2020-03-25,343.0,368.0,338.0,355.0,349.4313659667969,24600
2020-03-26,362.0,370.0,335.0,337.0,331.7137145996094,20000
2020-03-27,359.0,359.0,334.0,336.0,330.7294006347656,15800
2020-03-30,320.0,416.0,319.0,390.0,383.8823547363281,436600
2020-03-31,374.0,377.0,346.0,346.0,340.5725402832031,136200
2020-04-01,355.0,366.0,346.0,351.0,345.4941101074219,36300
2020-04-02,339.0,342.0,320.0,328.0,322.8548889160156,56900
2020-04-03,330.0,341.0,313.0,328.0,322.8548889160156,39200
2020-04-06,315.0,344.0,314.0,330.0,324.8235168457031,39000
2020-04-07,342.0,355.0,329.0,344.0,338.6039123535156,33600
2020-04-08,344.0,360.0,337.0,357.0,351.3999938964844,16500
2020-04-09,381.0,413.0,352.0,365.0,359.2745056152344,126500
2020-04-10,365.0,374.0,356.0,374.0,368.1333312988281,14600
2020-04-13,382.0,382.0,359.0,359.0,353.3686218261719,11900
2020-04-14,365.0,372.0,355.0,355.0,349.4313659667969,31500
2020-04-15,367.0,367.0,353.0,360.0,354.3529357910156,15800
2020-04-16,368.0,368.0,360.0,364.0,358.2901916503906,11800
2020-04-17,380.0,398.0,364.0,364.0,358.2901916503906,38200
2020-04-20,362.0,374.0,361.0,368.0,362.2274475097656,17200
2020-04-21,360.0,367.0,349.0,349.0,343.5254821777344,19200
2020-04-22,348.0,351.0,335.0,337.0,331.7137145996094,17500
2020-04-23,335.0,356.0,335.0,352.0,346.4784240722656,21900
2020-04-24,345.0,350.0,339.0,341.0,335.6509704589844,12300
2020-04-27,341.0,375.0,341.0,370.0,364.1960754394531,22800
2020-04-28,378.0,380.0,360.0,365.0,359.2745056152344,10800
2020-04-30,367.0,377.0,363.0,368.0,362.2274475097656,34900
2020-05-01,356.0,363.0,356.0,361.0,355.3372497558594,6600
2020-05-07,350.0,370.0,350.0,368.0,362.2274475097656,21200
2020-05-08,372.0,375.0,360.0,360.0,354.3529357910156,24400
2020-05-11,352.0,367.0,352.0,365.0,359.2745056152344,39700
2020-05-12,368.0,368.0,358.0,364.0,358.2901916503906,20200
2020-05-13,360.0,375.0,356.0,365.0,359.2745056152344,39200
2020-05-14,359.0,367.0,348.0,348.0,342.5411682128906,19500
2020-05-15,375.0,390.0,353.0,361.0,355.3372497558594,93900
2020-05-18,360.0,360.0,343.0,359.0,353.3686218261719,31800
2020-05-19,365.0,368.0,359.0,363.0,357.3058776855469,14500
2020-05-20,379.0,380.0,367.0,373.0,367.1490173339844,45400
2020-05-21,379.0,394.0,379.0,382.0,376.0078430175781,49200
2020-05-22,380.0,416.0,379.0,398.0,391.7568664550781,99200
2020-05-25,414.0,415.0,398.0,399.0,392.7411804199219,41200
2020-05-26,400.0,459.0,400.0,420.0,413.4117736816406,108600
2020-05-27,415.0,435.0,415.0,418.0,411.4431457519531,53600
2020-05-28,420.0,435.0,399.0,402.0,395.6941223144531,84400
2020-05-29,401.0,435.0,399.0,426.0,419.3176574707031,43300
2020-06-01,442.0,443.0,424.0,427.0,420.3019714355469,50000
2020-06-02,426.0,437.0,416.0,422.0,415.3804016113281,40500
2020-06-03,424.0,431.0,419.0,420.0,413.4117736816406,29200
2020-06-04,423.0,425.0,404.0,414.0,407.5058898925781,32100
2020-06-05,421.0,421.0,405.0,407.0,400.6156921386719,31800
2020-06-08,418.0,418.0,388.0,404.0,397.6627502441406,64600
2020-06-09,408.0,426.0,399.0,425.0,418.3333435058594,38300
2020-06-10,421.0,428.0,417.0,417.0,410.4588317871094,19800
2020-06-11,416.0,416.0,400.0,407.0,400.6156921386719,26500
2020-06-12,383.0,397.0,382.0,396.0,389.7882385253906,29100
2020-06-15,399.0,399.0,364.0,370.0,364.1960754394531,30600
2020-06-16,380.0,403.0,380.0,398.0,391.7568664550781,28300
2020-06-17,398.0,400.0,393.0,400.0,393.7254943847656,6000
2020-06-18,406.0,406.0,399.0,402.0,395.6941223144531,4400
2020-06-19,405.0,426.0,405.0,422.0,415.3804016113281,38100
2020-06-22,438.0,444.0,432.0,438.0,431.1294250488281,59800
2020-06-23,438.0,440.0,421.0,421.0,414.3960876464844,43800
2020-06-24,429.0,437.0,419.0,429.0,422.2705993652344,27600
2020-06-25,420.0,433.0,420.0,429.0,422.2705993652344,17100
2020-06-26,430.0,430.0,415.0,422.0,415.3804016113281,26200
2020-06-29,419.0,425.0,401.0,409.0,402.5843200683594,16900
2020-06-30,410.0,415.0,400.0,404.0,397.6627502441406,13900
2020-07-01,411.0,411.0,397.0,399.0,392.7411804199219,9000
2020-07-02,402.0,402.0,373.0,379.0,373.0549011230469,37700
2020-07-03,381.0,396.0,379.0,390.0,383.8823547363281,20200
2020-07-06,400.0,400.0,392.0,393.0,386.8352966308594,7100
2020-07-07,400.0,400.0,384.0,385.0,378.9607849121094,5200
2020-07-08,385.0,395.0,385.0,394.0,387.8196105957031,3700
2020-07-09,394.0,394.0,385.0,394.0,387.8196105957031,18100
2020-07-10,386.0,390.0,385.0,385.0,378.9607849121094,4700
2020-07-13,403.0,403.0,384.0,390.0,383.8823547363281,5800
2020-07-14,396.0,396.0,388.0,393.0,386.8352966308594,14300
2020-07-15,388.0,397.0,385.0,394.0,387.8196105957031,16500
2020-07-16,386.0,394.0,385.0,385.0,378.9607849121094,6400
2020-07-17,385.0,387.0,375.0,386.0,379.9450988769531,14700
2020-07-20,402.0,466.0,402.0,466.0,458.690185546875,204700
2020-07-21,449.0,546.0,427.0,546.0,537.435302734375,2415800
2020-07-22,580.0,593.0,502.0,524.0,515.7803955078125,1820700
2020-07-27,494.0,515.0,464.0,465.0,457.7058715820313,617600
2020-07-28,477.0,496.0,440.0,472.0,464.5960693359375,635500
2020-07-29,456.0,463.0,422.0,423.0,416.3647155761719,224300
2020-07-30,421.0,446.0,407.0,435.0,428.1764831542969,221100
2020-07-31,428.0,432.0,404.0,404.0,397.6627502441406,113000
2020-08-03,410.0,414.0,400.0,406.0,399.6313781738281,41500
2020-08-04,403.0,423.0,403.0,413.0,406.5215759277344,82900
2020-08-05,412.0,433.0,410.0,423.0,416.3647155761719,42600
2020-08-06,423.0,424.0,413.0,415.0,408.4902038574219,18600
2020-08-07,415.0,421.0,408.0,411.0,404.5529479980469,23600
2020-08-11,415.0,416.0,406.0,406.0,399.6313781738281,26700
2020-08-12,400.0,400.0,385.0,385.0,378.9607849121094,60300
2020-08-13,399.0,419.0,388.0,398.0,391.7568664550781,49900
2020-08-14,406.0,409.0,398.0,409.0,402.5843200683594,26400
2020-08-17,404.0,405.0,399.0,403.0,396.6784362792969,14600
2020-08-18,404.0,404.0,399.0,402.0,395.6941223144531,27900
2020-08-19,405.0,406.0,400.0,402.0,395.6941223144531,16500
2020-08-20,403.0,403.0,390.0,390.0,383.8823547363281,19600
2020-08-21,391.0,398.0,380.0,391.0,384.8666687011719,39100
2020-08-24,393.0,393.0,376.0,382.0,376.0078430175781,49900
2020-08-25,384.0,388.0,380.0,384.0,377.9764709472656,15500
2020-08-26,382.0,398.0,382.0,396.0,389.7882385253906,35400
2020-08-27,398.0,398.0,386.0,386.0,379.9450988769531,17600
2020-08-28,392.0,392.0,372.0,373.0,367.1490173339844,31400
2020-08-31,381.0,383.0,374.0,381.0,375.0235290527344,9100
2020-09-01,385.0,385.0,377.0,385.0,378.9607849121094,14400
2020-09-02,385.0,386.0,378.0,380.0,374.0392150878906,12300
2020-09-03,385.0,385.0,372.0,372.0,366.1647033691406,14100
2020-09-04,372.0,375.0,366.0,371.0,365.1803894042969,37700
2020-09-07,370.0,374.0,365.0,367.0,361.2431335449219,24700
2020-09-08,370.0,371.0,363.0,368.0,362.2274475097656,13200
2020-09-09,370.0,371.0,363.0,364.0,358.2901916503906,21700
2020-09-10,365.0,372.0,365.0,368.0,362.2274475097656,17400
2020-09-11,365.0,372.0,365.0,368.0,362.2274475097656,10500
2020-09-14,375.0,376.0,367.0,371.0,365.1803894042969,21500
2020-09-15,376.0,381.0,367.0,380.0,374.0392150878906,26500
2020-09-16,381.0,393.0,379.0,392.0,385.8509826660156,32500
2020-09-17,392.0,392.0,383.0,383.0,376.9921569824219,21100
2020-09-18,381.0,389.0,381.0,389.0,382.8980407714844,22100
2020-09-23,391.0,393.0,385.0,393.0,386.8352966308594,25600
2020-09-24,393.0,393.0,375.0,377.0,371.0862731933594,22900
2020-09-25,378.0,383.0,377.0,377.0,371.0862731933594,19700
2020-09-28,380.0,386.0,379.0,383.0,376.9921569824219,17700
2020-09-29,389.0,396.0,385.0,396.0,389.7882385253906,17600
2020-09-30,396.0,396.0,386.0,388.0,381.9137268066406,16100
2020-10-02,393.0,393.0,378.0,379.0,373.0549011230469,14500
2020-10-05,378.0,384.0,378.0,384.0,377.9764709472656,4000
2020-10-06,386.0,418.0,381.0,415.0,408.4902038574219,72300
2020-10-07,414.0,414.0,389.0,398.0,391.7568664550781,117300
2020-10-08,412.0,412.0,395.0,398.0,391.7568664550781,42500
2020-10-09,400.0,412.0,386.0,410.0,403.5686340332031,72800
2020-10-12,406.0,410.0,395.0,406.0,399.6313781738281,34800
2020-10-13,408.0,409.0,403.0,407.0,400.6156921386719,11300
2020-10-14,409.0,409.0,396.0,404.0,397.6627502441406,19100
2020-10-15,397.0,399.0,384.0,389.0,382.8980407714844,24700
2020-10-16,386.0,392.0,377.0,386.0,379.9450988769531,24700
2020-10-19,386.0,391.0,382.0,384.0,377.9764709472656,6400
2020-10-20,384.0,385.0,379.0,381.0,375.0235290527344,7800
2020-10-21,382.0,389.0,382.0,388.0,381.9137268066406,5600
2020-10-22,388.0,388.0,375.0,375.0,369.1176452636719,14700
2020-10-23,375.0,383.0,374.0,379.0,373.0549011230469,15200
2020-10-26,379.0,381.0,376.0,377.0,371.0862731933594,8000
2020-10-27,375.0,380.0,374.0,379.0,373.0549011230469,10300
2020-10-28,381.0,392.0,375.0,384.0,377.9764709472656,18900
2020-10-29,376.0,390.0,376.0,389.0,382.8980407714844,13100
2020-10-30,389.0,399.0,377.0,399.0,392.7411804199219,37400
2020-11-02,394.0,398.0,384.0,386.0,379.9450988769531,17900
2020-11-04,394.0,395.0,385.0,395.0,388.8039245605469,10300
2020-11-05,397.0,403.0,389.0,392.0,385.8509826660156,26100
2020-11-06,392.0,396.0,390.0,391.0,384.8666687011719,7700
2020-11-09,397.0,397.0,390.0,397.0,390.7725524902344,11600
2020-11-10,398.0,398.0,389.0,390.0,383.8823547363281,9700
2020-11-11,393.0,393.0,389.0,390.0,383.8823547363281,9400
2020-11-12,393.0,400.0,392.0,400.0,393.7254943847656,16300
2020-11-13,396.0,396.0,382.0,385.0,378.9607849121094,17400
2020-11-16,387.0,387.0,378.0,380.0,374.0392150878906,8000
2020-11-17,380.0,381.0,373.0,375.0,369.1176452636719,10000
2020-11-18,377.0,377.0,371.0,372.0,366.1647033691406,8400
2020-11-19,373.0,374.0,368.0,368.0,362.2274475097656,10300
2020-11-20,372.0,375.0,368.0,374.0,368.1333312988281,7900
2020-11-24,374.0,383.0,373.0,383.0,376.9921569824219,14200
2020-11-25,369.0,375.0,369.0,370.0,364.1960754394531,68500
2020-11-26,386.0,450.0,383.0,412.0,405.5372619628906,1269400
2020-11-27,404.0,438.0,396.0,415.0,408.4902038574219,191800
2020-11-30,411.0,418.0,399.0,402.0,395.6941223144531,50100
2020-12-01,404.0,405.0,386.0,403.0,396.6784362792969,60400
2020-12-02,405.0,427.0,398.0,414.0,407.5058898925781,76200
2020-12-03,416.0,416.0,404.0,404.0,397.6627502441406,16700
2020-12-04,406.0,411.0,397.0,401.0,394.7098083496094,29400
2020-12-07,401.0,423.0,387.0,421.0,414.3960876464844,90300
2020-12-08,425.0,441.0,419.0,432.0,425.2235412597656,91100
2020-12-09,426.0,440.0,419.0,428.0,421.2862854003906,46400
2020-12-10,430.0,434.0,402.0,402.0,395.6941223144531,52200
2020-12-11,416.0,416.0,397.0,415.0,408.4902038574219,49200
2020-12-14,416.0,416.0,401.0,406.0,399.6313781738281,32100
2020-12-15,413.0,415.0,405.0,407.0,400.6156921386719,17000
2020-12-16,407.0,409.0,392.0,392.0,385.8509826660156,26300
2020-12-17,390.0,397.0,366.0,374.0,368.1333312988281,96700
2020-12-18,376.0,382.0,369.0,370.0,364.1960754394531,35200
2020-12-21,375.0,375.0,365.0,365.0,359.2745056152344,33900
2020-12-22,365.0,400.0,363.0,369.0,363.2117614746094,108700
2020-12-23,371.0,383.0,368.0,372.0,366.1647033691406,20300
2020-12-24,373.0,385.0,373.0,378.0,372.0705871582031,45700
2020-12-25,375.0,384.0,371.0,377.0,371.0862731933594,27200
2020-12-28,385.0,385.0,368.0,368.0,362.2274475097656,28800
2020-12-29,375.0,376.0,370.0,373.0,367.1490173339844,10000
2020-12-30,389.0,393.0,377.0,381.0,375.0235290527344,34300
2021-01-04,377.0,378.0,373.0,375.0,369.1176452636719,9600
2021-01-05,377.0,377.0,370.0,372.0,366.1647033691406,10700
2021-01-06,372.0,375.0,370.0,375.0,369.1176452636719,21600
2021-01-07,379.0,405.0,378.0,390.0,383.8823547363281,45800
2021-01-08,388.0,467.0,387.0,412.0,405.5372619628906,764900
2021-01-12,408.0,419.0,403.0,411.0,404.5529479980469,89100
2021-01-13,427.0,429.0,407.0,414.0,407.5058898925781,63400
2021-01-14,414.0,415.0,396.0,396.0,389.7882385253906,52400
2021-01-15,396.0,408.0,393.0,395.0,388.8039245605469,25900
2021-01-18,398.0,403.0,394.0,396.0,389.7882385253906,9400
2021-01-19,404.0,405.0,398.0,401.0,394.7098083496094,13100
2021-01-20,398.0,406.0,396.0,404.0,397.6627502441406,22600
2021-01-21,407.0,409.0,396.0,396.0,389.7882385253906,22000
2021-01-22,395.0,401.0,394.0,396.0,389.7882385253906,23000
2021-01-25,396.0,406.0,396.0,398.0,391.7568664550781,18500
2021-01-26,399.0,403.0,398.0,398.0,391.7568664550781,8600
2021-01-27,395.0,402.0,392.0,402.0,395.6941223144531,22000
2021-01-28,396.0,398.0,393.0,394.0,387.8196105957031,15500
2021-01-29,395.0,398.0,385.0,385.0,378.9607849121094,34500
2021-02-01,381.0,392.0,379.0,390.0,383.8823547363281,19700
2021-02-02,388.0,393.0,388.0,391.0,384.8666687011719,8800
2021-02-03,389.0,398.0,389.0,398.0,391.7568664550781,15500
2021-02-04,398.0,399.0,390.0,396.0,389.7882385253906,18500
2021-02-05,395.0,402.0,394.0,400.0,393.7254943847656,12600
2021-02-08,403.0,413.0,401.0,413.0,406.5215759277344,33200
2021-02-09,412.0,412.0,401.0,403.0,396.6784362792969,22500
2021-02-10,407.0,414.0,402.0,411.0,404.5529479980469,46100
2021-02-12,402.0,404.0,393.0,394.0,387.8196105957031,38200
2021-02-15,396.0,398.0,387.0,387.0,380.9294128417969,29300
2021-02-16,388.0,392.0,381.0,390.0,383.8823547363281,32700
2021-02-17,389.0,398.0,389.0,398.0,391.7568664550781,9000
2021-02-18,399.0,405.0,391.0,391.0,384.8666687011719,30300
2021-02-19,391.0,396.0,384.0,388.0,381.9137268066406,25400
2021-02-22,393.0,393.0,389.0,391.0,384.8666687011719,11400
2021-02-24,395.0,395.0,384.0,385.0,378.9607849121094,21100
2021-02-25,389.0,389.0,379.0,380.0,374.0392150878906,49900
2021-02-26,380.0,382.0,376.0,378.0,372.0705871582031,23000
2021-03-01,380.0,385.0,379.0,379.0,373.0549011230469,6500
2021-03-02,384.0,389.0,381.0,389.0,382.8980407714844,25700
2021-03-03,389.0,391.0,382.0,390.0,383.8823547363281,14800
2021-03-04,388.0,395.0,385.0,395.0,388.8039245605469,17100
2021-03-05,389.0,395.0,384.0,385.0,378.9607849121094,19200
2021-03-08,386.0,388.0,380.0,384.0,377.9764709472656,12300
2021-03-09,391.0,391.0,381.0,381.0,375.0235290527344,28100
2021-03-10,389.0,390.0,382.0,388.0,381.9137268066406,17700
2021-03-11,387.0,395.0,387.0,395.0,388.8039245605469,7900
2021-03-12,396.0,408.0,395.0,406.0,399.6313781738281,38500
2021-03-15,405.0,415.0,403.0,414.0,407.5058898925781,30300
2021-03-16,415.0,424.0,414.0,420.0,413.4117736816406,36300
2021-03-17,420.0,420.0,406.0,416.0,409.4745178222656,26900
2021-03-18,430.0,496.0,428.0,448.0,440.9725341796875,603200
2021-03-19,436.0,441.0,425.0,440.0,433.0980529785156,99900
2021-03-22,432.0,444.0,432.0,432.0,425.2235412597656,35300
2021-03-23,436.0,443.0,418.0,418.0,411.4431457519531,58500
2021-03-24,416.0,416.0,403.0,403.0,396.6784362792969,43100
2021-03-25,400.0,412.0,400.0,410.0,403.5686340332031,29300
2021-03-26,414.0,414.0,406.0,408.0,401.6000061035156,8900
2021-03-29,424.0,424.0,404.0,406.0,399.6313781738281,28600
2021-03-30,407.0,425.0,406.0,421.0,414.3960876464844,27600
2021-03-31,420.0,422.0,414.0,420.0,413.4117736816406,15900
2021-04-01,425.0,464.0,425.0,446.0,439.0039367675781,126700
2021-04-02,435.0,442.0,424.0,427.0,420.3019714355469,55600
2021-04-05,432.0,492.0,432.0,475.0,467.5490112304688,297800
2021-04-06,491.0,547.0,483.0,526.0,517.7490234375,1095300
2021-04-07,509.0,509.0,478.0,485.0,477.3921508789063,302800
2021-04-08,485.0,525.0,458.0,469.0,461.6431274414063,314800
2021-04-09,473.0,492.0,469.0,492.0,484.2823486328125,65900
2021-04-12,508.0,527.0,470.0,480.0,472.4705810546875,196000
2021-04-13,482.0,488.0,472.0,474.0,466.564697265625,36600
2021-04-14,475.0,475.0,451.0,457.0,449.8313598632813,88600
2021-04-15,464.0,471.0,459.0,460.0,452.7843017578125,54000
2021-04-16,453.0,457.0,444.0,447.0,439.9882507324219,72800
2021-04-19,448.0,453.0,441.0,444.0,437.0353088378906,42800
2021-04-20,444.0,452.0,440.0,442.0,435.0666809082031,21200
2021-04-21,426.0,430.0,413.0,424.0,417.3490295410156,128900
2021-04-22,430.0,434.0,425.0,425.0,418.3333435058594,23800
2021-04-23,417.0,426.0,415.0,416.0,409.4745178222656,57600
2021-04-26,429.0,443.0,426.0,433.0,426.2078552246094,27800
2021-04-27,441.0,441.0,429.0,436.0,429.1607971191406,17700
2021-04-28,428.0,437.0,421.0,432.0,425.2235412597656,34800
2021-04-30,435.0,442.0,426.0,437.0,430.1451110839844,37700
2021-05-06,440.0,453.0,439.0,453.0,445.8941040039063,32500
2021-05-07,456.0,458.0,442.0,444.0,437.0353088378906,21900
2021-05-10,452.0,452.0,443.0,447.0,439.9882507324219,11600
2021-05-11,448.0,448.0,434.0,437.0,430.1451110839844,30800
2021-05-12,435.0,439.0,421.0,434.0,427.1921691894531,45500
2021-05-13,424.0,425.0,411.0,411.0,404.5529479980469,52600
2021-05-14,419.0,419.0,408.0,414.0,407.5058898925781,41400
2021-05-17,398.0,400.0,376.0,389.0,382.8980407714844,102900
2021-05-18,385.0,392.0,381.0,389.0,382.8980407714844,35800
2021-05-19,388.0,406.0,385.0,406.0,399.6313781738281,25800
2021-05-20,405.0,405.0,395.0,404.0,397.6627502441406,19600
2021-05-21,405.0,406.0,397.0,401.0,394.7098083496094,23300
2021-05-24,403.0,403.0,392.0,394.0,387.8196105957031,13800
2021-05-25,392.0,403.0,388.0,402.0,395.6941223144531,31900
2021-05-26,395.0,413.0,395.0,402.0,395.6941223144531,27600
2021-05-27,404.0,405.0,398.0,398.0,391.7568664550781,14700
2021-05-28,400.0,403.0,397.0,402.0,395.6941223144531,9900
2021-05-31,405.0,405.0,395.0,397.0,390.7725524902344,21900
2021-06-01,398.0,400.0,395.0,396.0,389.7882385253906,13900
2021-06-02,399.0,399.0,385.0,390.0,383.8823547363281,33700
2021-06-03,390.0,395.0,388.0,391.0,384.8666687011719,7900
2021-06-04,392.0,395.0,392.0,393.0,386.8352966308594,10400
2021-06-07,397.0,403.0,390.0,400.0,393.7254943847656,43900
2021-06-08,397.0,401.0,393.0,393.0,386.8352966308594,8800
2021-06-09,397.0,397.0,391.0,396.0,389.7882385253906,6100
2021-06-10,397.0,398.0,388.0,393.0,386.8352966308594,36700
2021-06-11,395.0,396.0,392.0,392.0,385.8509826660156,11000
2021-06-14,395.0,399.0,390.0,396.0,389.7882385253906,27700
2021-06-15,400.0,400.0,394.0,395.0,388.8039245605469,8700
2021-06-16,393.0,398.0,393.0,397.0,390.7725524902344,13400
2021-06-17,398.0,411.0,394.0,409.0,402.5843200683594,32000
2021-06-18,405.0,415.0,398.0,406.0,399.6313781738281,29200
2021-06-21,399.0,402.0,395.0,397.0,390.7725524902344,10300
2021-06-22,398.0,406.0,396.0,396.0,389.7882385253906,17200
2021-06-23,398.0,399.0,396.0,396.0,389.7882385253906,6400
2021-06-24,402.0,402.0,395.0,401.0,394.7098083496094,5700
2021-06-25,403.0,403.0,395.0,396.0,389.7882385253906,7900
2021-06-28,395.0,399.0,395.0,395.0,388.8039245605469,19300
2021-06-29,400.0,400.0,387.0,395.0,388.8039245605469,41100
2021-06-30,398.0,398.0,390.0,393.0,386.8352966308594,6200
2021-07-01,392.0,393.0,390.0,390.0,383.8823547363281,8900
2021-07-02,390.0,399.0,389.0,391.0,384.8666687011719,21300
2021-07-05,393.0,393.0,390.0,391.0,384.8666687011719,4800
2021-07-06,393.0,393.0,390.0,391.0,384.8666687011719,3700
2021-07-07,390.0,390.0,384.0,384.0,377.9764709472656,29700
2021-07-08,383.0,383.0,368.0,368.0,362.2274475097656,65200
2021-07-09,370.0,382.0,365.0,381.0,375.0235290527344,25600
2021-07-12,387.0,395.0,384.0,392.0,385.8509826660156,33400
2021-07-13,393.0,394.0,390.0,394.0,387.8196105957031,6400
2021-07-14,394.0,394.0,390.0,391.0,384.8666687011719,5900
2021-07-15,391.0,391.0,384.0,384.0,377.9764709472656,13000
2021-07-16,384.0,385.0,379.0,380.0,374.0392150878906,11300
2021-07-19,378.0,379.0,372.0,372.0,366.1647033691406,16000
2021-07-20,380.0,380.0,372.0,374.0,368.1333312988281,17100
2021-07-21,379.0,379.0,372.0,373.0,367.1490173339844,5900
2021-07-26,377.0,380.0,374.0,377.0,371.0862731933594,4400
2021-07-27,378.0,380.0,373.0,375.0,369.1176452636719,5500
2021-07-28,373.0,374.0,369.0,370.0,364.1960754394531,11300
2021-07-29,370.0,374.0,370.0,372.0,366.1647033691406,4300
2021-07-30,370.0,373.0,368.0,368.0,362.2274475097656,7100
2021-08-02,374.0,375.0,368.0,371.0,365.1803894042969,6900
2021-08-03,369.0,369.0,369.0,369.0,363.2117614746094,400
2021-08-04,380.0,380.0,368.0,369.0,363.2117614746094,8300
2021-08-05,368.0,374.0,362.0,362.0,356.3215637207031,4700
2021-08-06,364.0,369.0,364.0,366.0,360.2588195800781,3500
2021-08-10,365.0,371.0,359.0,369.0,363.2117614746094,6500
2021-08-11,365.0,380.0,365.0,370.0,364.1960754394531,6600
2021-08-12,375.0,376.0,372.0,373.0,367.1490173339844,7200
2021-08-13,410.0,414.0,392.0,399.0,392.7411804199219,207200
2021-08-16,405.0,405.0,389.0,397.0,390.7725524902344,32500
2021-08-17,395.0,395.0,378.0,378.0,372.0705871582031,29300
2021-08-18,378.0,382.0,369.0,373.0,367.1490173339844,17000
2021-08-19,369.0,380.0,367.0,370.0,364.1960754394531,16000
2021-08-20,375.0,375.0,359.0,360.0,354.3529357910156,9900
2021-08-23,363.0,370.0,363.0,367.0,361.2431335449219,8400
2021-08-24,371.0,371.0,360.0,369.0,363.2117614746094,34800
2021-08-25,370.0,372.0,365.0,366.0,360.2588195800781,8600
2021-08-26,364.0,373.0,364.0,373.0,367.1490173339844,20200
2021-08-27,369.0,373.0,367.0,369.0,363.2117614746094,7300
2021-08-30,377.0,380.0,372.0,380.0,374.0392150878906,13100
2021-08-31,378.0,386.0,378.0,381.0,375.0235290527344,6100
2021-09-01,384.0,387.0,380.0,385.0,378.9607849121094,16200
2021-09-02,387.0,389.0,383.0,389.0,382.8980407714844,10000
2021-09-03,387.0,394.0,387.0,388.0,381.9137268066406,10500
2021-09-06,396.0,396.0,388.0,390.0,383.8823547363281,10900
2021-09-07,392.0,392.0,381.0,387.0,380.9294128417969,19900
2021-09-08,387.0,401.0,383.0,399.0,392.7411804199219,34000
2021-09-09,392.0,398.0,390.0,396.0,389.7882385253906,17700
2021-09-10,399.0,399.0,392.0,398.0,391.7568664550781,13900
2021-09-13,397.0,397.0,390.0,394.0,387.8196105957031,14000
2021-09-14,394.0,396.0,385.0,394.0,387.8196105957031,13400
2021-09-15,394.0,399.0,392.0,399.0,392.7411804199219,19200
2021-09-16,397.0,399.0,390.0,394.0,387.8196105957031,18500
2021-09-17,399.0,404.0,395.0,399.0,392.7411804199219,27600
2021-09-21,395.0,397.0,394.0,395.0,388.8039245605469,19800
2021-09-22,395.0,396.0,389.0,390.0,383.8823547363281,11800
2021-09-24,392.0,394.0,391.0,394.0,387.8196105957031,5100
2021-09-27,393.0,393.0,386.0,393.0,386.8352966308594,32800
2021-09-28,394.0,394.0,390.0,390.0,383.8823547363281,7200
2021-09-29,392.0,394.0,389.0,392.0,385.8509826660156,9200
2021-09-30,391.0,397.0,386.0,397.0,390.7725524902344,15700
2021-10-01,394.0,403.0,394.0,395.0,388.8039245605469,42900
2021-10-04,396.0,398.0,387.0,390.0,383.8823547363281,19400
2021-10-05,390.0,390.0,370.0,388.0,381.9137268066406,48400
2021-10-06,385.0,388.0,377.0,377.0,371.0862731933594,16200
2021-10-07,378.0,388.0,377.0,384.0,377.9764709472656,11600
2021-10-08,384.0,387.0,381.0,382.0,376.0078430175781,6600
2021-10-11,380.0,387.0,379.0,383.0,376.9921569824219,11000
2021-10-12,380.0,382.0,380.0,380.0,374.0392150878906,3000
2021-10-13,380.0,390.0,380.0,385.0,378.9607849121094,9800
2021-10-14,385.0,385.0,379.0,379.0,373.0549011230469,4200
2021-10-15,379.0,383.0,377.0,378.0,372.0705871582031,8900
2021-10-18,378.0,380.0,376.0,379.0,373.0549011230469,4800
2021-10-19,376.0,380.0,375.0,378.0,372.0705871582031,13300
2021-10-20,382.0,382.0,379.0,381.0,375.0235290527344,1700
2021-10-21,377.0,383.0,375.0,375.0,369.1176452636719,11100
2021-10-22,375.0,375.0,369.0,374.0,368.1333312988281,7900
2021-10-25,374.0,374.0,372.0,373.0,367.1490173339844,500
2021-10-26,372.0,377.0,371.0,373.0,367.1490173339844,8000
2021-10-27,373.0,377.0,372.0,374.0,368.1333312988281,1500
2021-10-28,374.0,374.0,371.0,372.0,366.1647033691406,2200
2021-10-29,374.0,376.0,372.0,376.0,370.1019592285156,1800
2021-11-01,376.0,384.0,373.0,384.0,377.9764709472656,13100
2021-11-02,383.0,385.0,377.0,382.0,376.0078430175781,7200
2021-11-04,387.0,390.0,381.0,390.0,383.8823547363281,12900
2021-11-05,394.0,394.0,382.0,390.0,383.8823547363281,26800
2021-11-08,388.0,394.0,384.0,385.0,378.9607849121094,12300
2021-11-09,385.0,387.0,384.0,384.0,377.9764709472656,7100
2021-11-10,386.0,395.0,384.0,394.0,387.8196105957031,12000
2021-11-11,389.0,398.0,387.0,395.0,388.8039245605469,12200
2021-11-12,393.0,401.0,393.0,401.0,394.7098083496094,15900
2021-11-15,406.0,407.0,392.0,402.0,395.6941223144531,24000
2021-11-16,402.0,402.0,388.0,390.0,383.8823547363281,17200
2021-11-17,384.0,392.0,383.0,385.0,378.9607849121094,16400
2021-11-18,386.0,386.0,370.0,376.0,370.1019592285156,31200
2021-11-19,373.0,376.0,370.0,374.0,368.1333312988281,8800
2021-11-22,374.0,389.0,373.0,385.0,378.9607849121094,16900
2021-11-24,386.0,393.0,382.0,388.0,381.9137268066406,22400
2021-11-25,386.0,394.0,382.0,382.0,376.0078430175781,14500
2021-11-26,382.0,387.0,378.0,387.0,380.9294128417969,13600
2021-11-29,381.0,383.0,376.0,382.0,376.0078430175781,12800
2021-11-30,382.0,390.0,375.0,375.0,369.1176452636719,25100
2021-12-01,373.0,383.0,370.0,376.0,370.1019592285156,19900
2021-12-02,372.0,378.0,370.0,378.0,372.0705871582031,23700
2021-12-03,376.0,379.0,372.0,379.0,373.0549011230469,4400
2021-12-06,375.0,379.0,368.0,371.0,365.1803894042969,23900
2021-12-07,371.0,379.0,371.0,377.0,371.0862731933594,5900
2021-12-08,380.0,380.0,374.0,376.0,370.1019592285156,8100
2021-12-09,375.0,377.0,375.0,376.0,370.1019592285156,6300
2021-12-10,376.0,376.0,373.0,374.0,368.1333312988281,5200
2021-12-13,375.0,380.0,373.0,378.0,372.0705871582031,7000
2021-12-14,376.0,377.0,369.0,375.0,369.1176452636719,18100
2021-12-15,373.0,375.0,372.0,374.0,368.1333312988281,2400
2021-12-16,376.0,376.0,371.0,372.0,366.1647033691406,2700
2021-12-17,371.0,372.0,368.0,368.0,362.2274475097656,11700
2021-12-20,370.0,370.0,362.0,362.0,356.3215637207031,24200
2021-12-21,360.0,365.0,359.0,360.0,354.3529357910156,44800
2021-12-22,363.0,367.0,363.0,366.0,360.2588195800781,12000
2021-12-23,365.0,366.0,362.0,364.0,358.2901916503906,9000
2021-12-24,364.0,364.0,361.0,361.0,355.3372497558594,12600
2021-12-27,362.0,365.0,362.0,362.0,356.3215637207031,21500
2021-12-28,365.0,365.0,361.0,362.0,356.3215637207031,14600
2021-12-29,362.0,369.0,362.0,369.0,363.2117614746094,3200
2021-12-30,369.0,375.0,367.0,375.0,369.1176452636719,6600
2022-01-04,373.0,373.0,370.0,373.0,367.1490173339844,2000
2022-01-05,370.0,371.0,368.0,368.0,362.2274475097656,7300
2022-01-06,368.0,373.0,367.0,370.0,364.1960754394531,9200
2022-01-07,371.0,373.0,362.0,369.0,363.2117614746094,25100
2022-01-11,367.0,373.0,366.0,373.0,367.1490173339844,4700
2022-01-12,372.0,372.0,361.0,363.0,357.3058776855469,26100
2022-01-13,364.0,375.0,361.0,366.0,360.2588195800781,19200
2022-01-14,365.0,375.0,362.0,374.0,368.1333312988281,22000
2022-01-17,374.0,374.0,361.0,366.0,360.2588195800781,28600
2022-01-18,364.0,364.0,360.0,363.0,357.3058776855469,14300
2022-01-19,361.0,361.0,352.0,357.0,351.3999938964844,27000
2022-01-20,359.0,361.0,355.0,360.0,354.3529357910156,5200
2022-01-21,363.0,363.0,351.0,356.0,350.4156799316406,22300
2022-01-24,356.0,362.0,355.0,361.0,355.3372497558594,2900
2022-01-25,359.0,361.0,354.0,354.0,348.4470520019531,6600
2022-01-26,354.0,363.0,354.0,363.0,357.3058776855469,7500
2022-01-27,364.0,365.0,356.0,363.0,357.3058776855469,9600
2022-01-28,359.0,367.0,355.0,367.0,361.2431335449219,16000
2022-01-31,364.0,367.0,355.0,362.0,356.3215637207031,11900
2022-02-01,362.0,378.0,362.0,372.0,366.1647033691406,15700
2022-02-02,374.0,380.0,370.0,376.0,370.1019592285156,17100
2022-02-03,374.0,377.0,372.0,377.0,371.0862731933594,6000
2022-02-04,374.0,378.0,372.0,375.0,369.1176452636719,6900
2022-02-07,375.0,382.0,375.0,378.0,372.0705871582031,9000
2022-02-08,380.0,380.0,375.0,378.0,372.0705871582031,3700
2022-02-09,379.0,382.0,375.0,381.0,375.0235290527344,6000
2022-02-10,380.0,380.0,376.0,380.0,374.0392150878906,5700
2022-02-14,376.0,379.0,364.0,377.0,371.0862731933594,14700
2022-02-15,373.0,374.0,353.0,369.0,363.2117614746094,26400
2022-02-16,367.0,368.0,362.0,368.0,362.2274475097656,5300
2022-02-17,369.0,370.0,359.0,370.0,364.1960754394531,9400
2022-02-18,369.0,369.0,363.0,364.0,358.2901916503906,1400
2022-02-21,364.0,364.0,350.0,358.0,352.3843078613281,19600
2022-02-22,358.0,358.0,347.0,352.0,346.4784240722656,19300
2022-02-24,347.0,350.0,338.0,345.0,339.5882263183594,34300
2022-02-25,345.0,345.0,340.0,341.0,335.6509704589844,9100
2022-02-28,352.0,352.0,338.0,349.0,343.5254821777344,16500
2022-03-01,350.0,356.0,350.0,356.0,350.4156799316406,6300
2022-03-02,358.0,358.0,353.0,356.0,350.4156799316406,1500
2022-03-03,351.0,354.0,350.0,354.0,348.4470520019531,7000
2022-03-04,355.0,355.0,341.0,350.0,344.5097961425781,7900
2022-03-07,342.0,344.0,329.0,343.0,337.6195983886719,38600
2022-03-08,343.0,346.0,333.0,340.0,334.6666564941406,3000
2022-03-09,337.0,351.0,332.0,340.0,334.6666564941406,4700
2022-03-10,340.0,342.0,334.0,334.0,328.7607727050781,18500
2022-03-11,334.0,334.0,328.0,331.0,325.8078308105469,4200
2022-03-14,329.0,332.0,328.0,328.0,322.8548889160156,8400
2022-03-15,329.0,330.0,327.0,327.0,321.8705749511719,4700
2022-03-16,375.0,407.0,374.0,407.0,400.6156921386719,476000
2022-03-17,383.0,408.0,380.0,394.0,387.8196105957031,395500
2022-03-18,386.0,389.0,368.0,380.0,374.0392150878906,86700
2022-03-22,385.0,386.0,370.0,384.0,377.9764709472656,37800
2022-03-23,385.0,398.0,385.0,388.0,381.9137268066406,67100
2022-03-24,381.0,389.0,381.0,384.0,377.9764709472656,17200
2022-03-25,385.0,389.0,383.0,387.0,380.9294128417969,17700
2022-03-28,383.0,385.0,379.0,379.0,373.0549011230469,11700
2022-03-29,382.0,382.0,374.0,377.0,371.0862731933594,6900
2022-03-30,380.0,380.0,366.0,366.0,360.2588195800781,11700
2022-03-31,367.0,370.0,358.0,370.0,364.1960754394531,19200
2022-04-01,364.0,378.0,364.0,378.0,372.0705871582031,11800
2022-04-04,378.0,380.0,373.0,380.0,374.0392150878906,7700
2022-04-05,384.0,409.0,384.0,407.0,400.6156921386719,62600
2022-04-06,410.0,410.0,401.0,404.0,397.6627502441406,15400
2022-04-07,403.0,404.0,389.0,398.0,391.7568664550781,21300
2022-04-08,392.0,404.0,390.0,399.0,392.7411804199219,8700
2022-04-11,399.0,401.0,395.0,397.0,390.7725524902344,7000
2022-04-12,397.0,397.0,394.0,396.0,389.7882385253906,3600
2022-04-13,393.0,400.0,393.0,395.0,388.8039245605469,3900
2022-04-14,394.0,397.0,383.0,394.0,387.8196105957031,13200
2022-04-15,396.0,396.0,387.0,387.0,380.9294128417969,6900
2022-04-18,384.0,390.0,383.0,390.0,383.8823547363281,3300
2022-04-19,391.0,392.0,388.0,391.0,384.8666687011719,4100
2022-04-20,391.0,391.0,389.0,391.0,384.8666687011719,800
2022-04-21,393.0,401.0,390.0,401.0,394.7098083496094,14100
2022-04-22,409.0,424.0,380.0,380.0,374.0392150878906,69200
2022-04-25,381.0,389.0,376.0,389.0,382.8980407714844,8800
2022-04-26,389.0,390.0,381.0,384.0,377.9764709472656,2600
2022-04-27,377.0,384.0,376.0,379.0,373.0549011230469,4200
2022-04-28,379.0,386.0,375.0,377.0,371.0862731933594,3500
2022-05-02,378.0,389.0,378.0,389.0,382.8980407714844,5000
2022-05-06,389.0,389.0,384.0,389.0,382.8980407714844,2600
2022-05-09,385.0,386.0,355.0,359.0,353.3686218261719,42600
2022-05-10,360.0,364.0,355.0,358.0,352.3843078613281,8700
2022-05-11,356.0,366.0,350.0,365.0,359.2745056152344,22800
2022-05-12,365.0,367.0,360.0,362.0,356.3215637207031,8100
2022-05-13,378.0,380.0,367.0,380.0,374.0392150878906,7700
2022-05-16,372.0,372.0,360.0,363.0,357.3058776855469,22300
2022-05-17,368.0,372.0,361.0,367.0,361.2431335449219,7400
2022-05-18,367.0,370.0,362.0,368.0,362.2274475097656,5000
2022-05-19,362.0,363.0,358.0,363.0,357.3058776855469,5600
2022-05-20,366.0,366.0,360.0,361.0,355.3372497558594,3500
2022-05-23,364.0,364.0,360.0,361.0,355.3372497558594,3800
2022-05-24,360.0,361.0,351.0,356.0,350.4156799316406,18200
2022-05-25,354.0,356.0,353.0,353.0,347.4627380371094,6100
2022-05-26,354.0,356.0,354.0,356.0,350.4156799316406,500
2022-05-27,435.0,436.0,378.0,436.0,429.1607971191406,2177800
2022-05-30,516.0,516.0,516.0,516.0,507.9058837890625,26400
2022-05-31,546.0,590.0,458.0,467.0,459.6744995117188,6858000
2022-06-01,453.0,483.0,438.0,460.0,452.7843017578125,1269500
2022-06-02,460.0,460.0,421.0,432.0,425.2235412597656,388600
2022-06-03,424.0,449.0,416.0,425.0,418.3333435058594,252000
2022-06-06,417.0,424.0,410.0,420.0,413.4117736816406,132800
2022-06-07,421.0,442.0,416.0,420.0,413.4117736816406,125200
2022-06-08,422.0,440.0,419.0,432.0,425.2235412597656,86300
2022-06-09,432.0,460.0,432.0,443.0,436.0509948730469,185900
2022-06-10,447.0,448.0,410.0,420.0,413.4117736816406,131300
2022-06-13,410.0,417.0,402.0,410.0,403.5686340332031,97800
2022-06-14,407.0,409.0,404.0,405.0,398.6470642089844,54000
2022-06-15,406.0,408.0,404.0,406.0,399.6313781738281,31900
2022-06-16,407.0,413.0,405.0,412.0,405.5372619628906,24800
2022-06-17,401.0,408.0,400.0,401.0,394.7098083496094,51100
2022-06-20,401.0,409.0,374.0,375.0,369.1176452636719,111300
2022-06-21,382.0,383.0,370.0,374.0,368.1333312988281,48500
2022-06-22,378.0,378.0,369.0,369.0,363.2117614746094,44800
2022-06-23,371.0,373.0,362.0,364.0,358.2901916503906,37700
2022-06-24,366.0,374.0,366.0,369.0,363.2117614746094,28200
2022-06-27,370.0,373.0,370.0,372.0,366.1647033691406,16800
2022-06-28,375.0,375.0,370.0,374.0,368.1333312988281,24200
2022-06-29,374.0,374.0,371.0,374.0,368.1333312988281,33900
2022-06-30,373.0,375.0,368.0,368.0,362.2274475097656,34600
2022-07-01,368.0,372.0,364.0,368.0,362.2274475097656,36500
2022-07-04,369.0,369.0,362.0,366.0,360.2588195800781,30200
2022-07-05,365.0,372.0,365.0,372.0,366.1647033691406,35700
2022-07-06,369.0,369.0,365.0,367.0,361.2431335449219,26200
2022-07-07,367.0,367.0,362.0,363.0,357.3058776855469,15400
2022-07-08,368.0,415.0,360.0,363.0,357.3058776855469,596800
2022-07-11,368.0,370.0,363.0,366.0,360.2588195800781,62500
2022-07-12,366.0,368.0,362.0,365.0,359.2745056152344,48600
2022-07-13,366.0,368.0,365.0,365.0,359.2745056152344,15100
2022-07-14,367.0,368.0,363.0,365.0,359.2745056152344,48700
2022-07-15,366.0,383.0,364.0,372.0,366.1647033691406,112000
2022-07-19,412.0,412.0,387.0,395.0,388.8039245605469,536100
2022-07-20,395.0,400.0,375.0,399.0,392.7411804199219,151400
2022-07-21,395.0,467.0,395.0,412.0,405.5372619628906,1166300
2022-07-22,412.0,433.0,409.0,424.0,417.3490295410156,317400
2022-07-25,422.0,457.0,420.0,442.0,435.0666809082031,336600
2022-07-26,442.0,483.0,428.0,445.0,438.0196228027344,827900
2022-07-27,450.0,459.0,429.0,451.0,443.9254760742188,414900
2022-07-28,451.0,455.0,434.0,447.0,439.9882507324219,200600
2022-07-29,444.0,451.0,428.0,437.0,430.1451110839844,218500
2022-08-01,434.0,461.0,434.0,461.0,453.76861572265625,206300
2022-08-02,458.0,478.0,457.0,468.0,460.6588134765625,274300
2022-08-03,476.0,515.0,470.0,491.0,483.2980346679688,567300
2022-08-04,487.0,503.0,456.0,486.0,478.37646484375,238800
2022-08-05,494.0,494.0,478.0,481.0,473.4548950195313,96200
2022-08-08,515.0,525.0,494.0,505.0,497.0784301757813,285900
2022-08-09,496.0,513.0,491.0,513.0,504.9529418945313,115800
2022-08-10,510.0,510.0,488.0,490.0,482.313720703125,141200
2022-08-12,461.0,515.0,459.0,515.0,506.9215698242188,147100
2022-08-15,514.0,554.0,511.0,545.0,536.4509887695312,237900
2022-08-16,552.0,570.0,543.0,564.0,555.1529541015625,163100
2022-08-17,562.0,569.0,536.0,549.0,540.3882446289062,170100
2022-08-18,544.0,575.0,540.0,563.0,554.1686401367188,152800
2022-08-19,564.0,566.0,530.0,549.0,540.3882446289062,190300
2022-08-22,531.0,540.0,509.0,514.0,505.937255859375,119400
2022-08-23,509.0,536.0,501.0,508.0,500.0313720703125,119500
2022-08-24,510.0,529.0,509.0,514.0,505.937255859375,54400
2022-08-25,516.0,530.0,503.0,507.0,499.0470581054688,34200
2022-08-26,504.0,513.0,496.0,504.0,496.0941162109375,68700
2022-08-29,494.0,506.0,491.0,499.0,491.1725463867188,48200
2022-08-30,510.0,510.0,496.0,504.0,496.0941162109375,37900
2022-08-31,499.0,502.0,480.0,487.0,479.36077880859375,71000
2022-09-01,475.0,481.0,461.0,474.0,466.564697265625,125700
2022-09-02,475.0,475.0,464.0,475.0,467.5490112304688,31500
2022-09-05,472.0,488.0,471.0,480.0,472.4705810546875,33700
2022-09-06,480.0,493.0,478.0,487.0,479.36077880859375,37200
2022-09-07,481.0,485.0,470.0,470.0,462.62744140625,35400
2022-09-08,486.0,486.0,471.0,480.0,472.4705810546875,68000
2022-09-09,482.0,485.0,471.0,476.0,468.5333251953125,41300
2022-09-12,476.0,482.0,454.0,465.0,457.7058715820313,136600
2022-09-13,463.0,467.0,455.0,460.0,452.7843017578125,56700
2022-09-14,453.0,461.0,449.0,455.0,447.86273193359375,27800
2022-09-15,457.0,458.0,446.0,454.0,446.87841796875,50000
2022-09-16,452.0,452.0,443.0,449.0,441.9568481445313,43000
2022-09-20,450.0,455.0,430.0,430.0,423.2549133300781,59500
2022-09-21,430.0,430.0,409.0,411.0,404.5529479980469,133400
2022-09-22,405.0,415.0,401.0,403.0,396.6784362792969,96400
2022-09-26,402.0,407.0,397.0,405.0,398.6470642089844,49000
2022-09-27,421.0,421.0,403.0,404.0,397.6627502441406,34100
2022-09-28,412.0,412.0,391.0,402.0,395.6941223144531,49400
2022-09-29,400.0,405.0,395.0,396.0,389.7882385253906,16200
2022-09-30,388.0,397.0,382.0,395.0,388.8039245605469,46400
2022-10-03,399.0,399.0,382.0,393.0,386.8352966308594,26900
2022-10-04,395.0,404.0,395.0,404.0,397.6627502441406,24100
2022-10-05,404.0,413.0,401.0,401.0,394.7098083496094,29300
2022-10-06,401.0,405.0,397.0,398.0,391.7568664550781,20200
2022-10-07,398.0,426.0,390.0,426.0,419.3176574707031,75900
2022-10-11,437.0,437.0,409.0,409.0,402.5843200683594,73800
2022-10-12,406.0,409.0,386.0,397.0,390.7725524902344,77000
2022-10-13,393.0,400.0,389.0,391.0,384.8666687011719,41200
2022-10-14,399.0,412.0,395.0,409.0,402.5843200683594,37200
2022-10-17,406.0,427.0,406.0,411.0,404.5529479980469,37200
2022-10-18,415.0,426.0,415.0,422.0,415.3804016113281,30000
2022-10-19,420.0,421.0,413.0,420.0,413.4117736816406,21500
2022-10-20,412.0,421.0,406.0,410.0,403.5686340332031,27900
2022-10-21,409.0,413.0,406.0,412.0,405.5372619628906,13000
2022-10-24,412.0,419.0,402.0,402.0,395.6941223144531,33200
2022-10-25,401.0,411.0,399.0,411.0,404.5529479980469,33700
2022-10-26,411.0,415.0,407.0,412.0,405.5372619628906,15200
2022-10-27,414.0,426.0,409.0,425.0,418.3333435058594,32900
2022-10-28,430.0,432.0,418.0,418.0,411.4431457519531,33600
2022-10-31,418.0,430.0,415.0,415.0,408.4902038574219,29400
2022-11-01,423.0,427.0,415.0,423.0,416.3647155761719,18600
2022-11-02,422.0,431.0,416.0,426.0,419.3176574707031,37500
2022-11-04,434.0,434.0,420.0,427.0,420.3019714355469,28700
2022-11-07,431.0,435.0,423.0,433.0,426.2078552246094,18400
2022-11-08,430.0,440.0,430.0,438.0,431.1294250488281,22500
2022-11-09,438.0,462.0,434.0,455.0,447.86273193359375,27300
2022-11-10,454.0,460.0,436.0,436.0,429.1607971191406,33900
2022-11-11,444.0,458.0,439.0,440.0,433.0980529785156,15600
2022-11-14,445.0,455.0,431.0,452.0,444.9097900390625,20100
2022-11-15,453.0,454.0,446.0,454.0,446.87841796875,9200
2022-11-16,454.0,460.0,447.0,460.0,452.7843017578125,14000
2022-11-17,455.0,455.0,430.0,450.0,442.941162109375,35600
2022-11-18,445.0,446.0,433.0,442.0,435.0666809082031,22300
2022-11-21,444.0,444.0,427.0,435.0,428.1764831542969,36800
2022-11-22,430.0,432.0,417.0,419.0,412.4274597167969,31900
2022-11-24,425.0,425.0,418.0,424.0,417.3490295410156,21000
2022-11-25,420.0,428.0,419.0,419.0,412.4274597167969,13800
2022-11-28,420.0,429.0,418.0,418.0,411.4431457519531,9000
2022-11-29,416.0,419.0,415.0,415.0,408.4902038574219,7800
2022-11-30,413.0,413.0,406.0,409.0,402.5843200683594,11500
2022-12-01,416.0,425.0,401.0,415.0,408.4902038574219,26000
2022-12-02,407.0,412.0,405.0,407.0,400.6156921386719,19700
2022-12-05,423.0,430.0,404.0,411.0,404.5529479980469,96100
2022-12-06,411.0,415.0,406.0,415.0,408.4902038574219,11800
2022-12-07,414.0,418.0,410.0,418.0,411.4431457519531,11200
2022-12-08,418.0,434.0,417.0,424.0,417.3490295410156,30300
2022-12-09,416.0,424.0,416.0,418.0,411.4431457519531,20300
2022-12-12,415.0,418.0,411.0,418.0,411.4431457519531,11700
2022-12-13,416.0,418.0,413.0,417.0,410.4588317871094,6600
2022-12-14,418.0,418.0,409.0,409.0,402.5843200683594,13000
2022-12-15,409.0,417.0,409.0,411.0,404.5529479980469,10800
2022-12-16,409.0,415.0,408.0,412.0,405.5372619628906,9500
2022-12-19,406.0,412.0,403.0,408.0,401.6000061035156,13600
2022-12-20,404.0,409.0,389.0,397.0,390.7725524902344,35900
2022-12-21,391.0,398.0,389.0,396.0,389.7882385253906,17400
2022-12-22,394.0,398.0,391.0,394.0,387.8196105957031,3400
2022-12-23,391.0,391.0,383.0,388.0,381.9137268066406,17400
2022-12-26,385.0,399.0,384.0,384.0,377.9764709472656,11100
2022-12-27,385.0,385.0,366.0,383.0,376.9921569824219,39200
2022-12-28,387.0,388.0,377.0,378.0,372.0705871582031,23300
2022-12-29,383.0,383.0,372.0,376.0,370.1019592285156,12500
2022-12-30,385.0,386.0,376.0,377.0,371.0862731933594,14200
2023-01-04,379.0,379.0,375.0,376.0,370.1019592285156,7000
2023-01-05,377.0,380.0,372.0,376.0,370.1019592285156,18500
2023-01-06,376.0,377.0,371.0,374.0,368.1333312988281,22500
2023-01-10,374.0,384.0,374.0,381.0,375.0235290527344,6100
2023-01-11,381.0,382.0,379.0,382.0,376.0078430175781,3000
2023-01-12,382.0,383.0,376.0,379.0,373.0549011230469,20100
2023-01-13,377.0,382.0,377.0,382.0,376.0078430175781,1900
2023-01-16,389.0,389.0,375.0,381.0,375.0235290527344,9900
2023-01-17,383.0,383.0,371.0,379.0,373.0549011230469,7100
2023-01-18,377.0,380.0,376.0,377.0,371.0862731933594,3400
2023-01-19,375.0,385.0,375.0,383.0,376.9921569824219,7400
2023-01-20,384.0,388.0,383.0,383.0,376.9921569824219,2500
2023-01-23,385.0,386.0,383.0,384.0,377.9764709472656,7900
2023-01-24,387.0,398.0,384.0,398.0,391.7568664550781,13400
2023-01-25,396.0,400.0,391.0,398.0,391.7568664550781,15400
2023-01-26,394.0,397.0,391.0,392.0,385.8509826660156,9800
2023-01-27,392.0,394.0,390.0,391.0,384.8666687011719,3500
2023-01-30,391.0,393.0,383.0,393.0,386.8352966308594,7000
2023-01-31,390.0,391.0,387.0,388.0,381.9137268066406,6500
2023-02-01,389.0,389.0,384.0,385.0,378.9607849121094,10900
2023-02-02,385.0,387.0,384.0,384.0,377.9764709472656,7400
2023-02-03,383.0,384.0,380.0,380.0,374.0392150878906,11500
2023-02-06,380.0,381.0,375.0,377.0,371.0862731933594,11200
2023-02-07,379.0,379.0,376.0,376.0,370.1019592285156,7200
2023-02-08,381.0,381.0,376.0,378.0,372.0705871582031,4300
2023-02-09,375.0,378.0,375.0,378.0,372.0705871582031,9400
2023-02-10,375.0,379.0,375.0,377.0,371.0862731933594,6000
2023-02-13,377.0,379.0,374.0,376.0,370.1019592285156,9500
2023-02-14,380.0,385.0,377.0,381.0,375.0235290527344,10500
2023-02-15,370.0,372.0,353.0,353.0,347.4627380371094,57200
2023-02-16,357.0,359.0,346.0,355.0,349.4313659667969,48900
2023-02-17,347.0,357.0,346.0,357.0,351.3999938964844,48900
2023-02-20,361.0,361.0,352.0,355.0,349.4313659667969,14100
2023-02-21,351.0,359.0,351.0,356.0,350.4156799316406,14400
2023-02-22,355.0,362.0,352.0,362.0,356.3215637207031,12400
2023-02-24,355.0,365.0,355.0,365.0,359.2745056152344,18700
2023-02-27,361.0,372.0,360.0,365.0,359.2745056152344,15800
2023-02-28,365.0,371.0,365.0,370.0,364.1960754394531,12800
2023-03-01,372.0,388.0,366.0,382.0,376.0078430175781,23100
2023-03-02,382.0,382.0,375.0,378.0,372.0705871582031,18200
2023-03-03,378.0,382.0,373.0,375.0,369.1176452636719,14200
2023-03-06,379.0,379.0,374.0,379.0,373.0549011230469,7100
2023-03-07,375.0,387.0,374.0,387.0,380.9294128417969,28200
2023-03-08,387.0,401.0,385.0,393.0,386.8352966308594,29800
2023-03-09,390.0,394.0,388.0,392.0,385.8509826660156,11000
2023-03-10,395.0,395.0,376.0,387.0,380.9294128417969,22800
2023-03-13,387.0,387.0,369.0,374.0,368.1333312988281,20500
2023-03-14,371.0,371.0,364.0,364.0,358.2901916503906,8600
2023-03-15,364.0,368.0,361.0,368.0,362.2274475097656,9100
2023-03-16,362.0,362.0,358.0,362.0,356.3215637207031,7200
2023-03-17,363.0,366.0,359.0,365.0,359.2745056152344,7800
2023-03-20,365.0,365.0,351.0,355.0,349.4313659667969,29900
2023-03-22,359.0,359.0,358.0,358.0,352.3843078613281,900
2023-03-23,358.0,359.0,352.0,359.0,353.3686218261719,5100
2023-03-24,357.0,362.0,356.0,362.0,356.3215637207031,10900
2023-03-27,362.0,362.0,357.0,357.0,351.3999938964844,6000
2023-03-28,357.0,359.0,353.0,354.0,348.4470520019531,7500
2023-03-29,355.0,356.0,351.0,351.0,345.4941101074219,10800
2023-03-30,348.0,355.0,348.0,353.0,347.4627380371094,15900
2023-03-31,353.0,357.0,352.0,357.0,351.3999938964844,7900
2023-04-03,357.0,357.0,353.0,357.0,351.3999938964844,9800
2023-04-04,357.0,359.0,355.0,356.0,350.4156799316406,5200
2023-04-05,358.0,358.0,353.0,356.0,350.4156799316406,5100
2023-04-06,356.0,356.0,353.0,355.0,349.4313659667969,3300
2023-04-07,353.0,355.0,352.0,355.0,349.4313659667969,9700
2023-04-10,352.0,365.0,350.0,358.0,352.3843078613281,56100
2023-04-11,360.0,360.0,343.0,355.0,349.4313659667969,44200
2023-04-12,354.0,354.0,351.0,353.0,347.4627380371094,11200
2023-04-13,350.0,359.0,342.0,352.0,346.4784240722656,104700
2023-04-14,360.0,386.0,356.0,366.0,360.2588195800781,114100
2023-04-17,358.0,365.0,358.0,362.0,356.3215637207031,30000
2023-04-18,363.0,380.0,358.0,379.0,373.0549011230469,70700
2023-04-19,381.0,381.0,370.0,377.0,371.0862731933594,41200
2023-04-20,377.0,377.0,373.0,373.0,367.1490173339844,8000
2023-04-21,372.0,373.0,361.0,368.0,362.2274475097656,25500
2023-04-24,366.0,370.0,365.0,368.0,362.2274475097656,5400
2023-04-25,371.0,391.0,367.0,382.0,376.0078430175781,40400
2023-04-26,392.0,392.0,368.0,368.0,362.2274475097656,40700
2023-04-27,368.0,377.0,367.0,377.0,371.0862731933594,10000
2023-04-28,380.0,380.0,372.0,380.0,374.0392150878906,9300
2023-05-01,383.0,383.0,369.0,374.0,368.1333312988281,14300
2023-05-02,374.0,374.0,369.0,369.0,363.2117614746094,9000
2023-05-08,368.0,370.0,365.0,365.0,359.2745056152344,10400
2023-05-09,365.0,371.0,365.0,366.0,360.2588195800781,10100
2023-05-10,365.0,377.0,365.0,366.0,360.2588195800781,7200
2023-05-11,367.0,375.0,367.0,375.0,369.1176452636719,17300
2023-05-12,372.0,373.0,368.0,368.0,362.2274475097656,9800
2023-05-15,368.0,368.0,360.0,360.0,354.3529357910156,11100
2023-05-16,361.0,366.0,354.0,360.0,354.3529357910156,16700
2023-05-17,360.0,361.0,358.0,361.0,355.3372497558594,5100
2023-05-18,361.0,364.0,357.0,357.0,351.3999938964844,7500
2023-05-19,357.0,359.0,355.0,358.0,352.3843078613281,6100
2023-05-22,356.0,365.0,356.0,358.0,352.3843078613281,8500
2023-05-23,358.0,365.0,355.0,360.0,354.3529357910156,13400
2023-05-24,362.0,367.0,360.0,360.0,354.3529357910156,7300
2023-05-25,360.0,362.0,356.0,356.0,350.4156799316406,5500
2023-05-26,357.0,359.0,354.0,354.0,348.4470520019531,3900
2023-05-29,354.0,358.0,350.0,351.0,345.4941101074219,15600
2023-05-30,351.0,360.0,348.0,357.0,351.3999938964844,7500
2023-05-31,362.0,362.0,355.0,362.0,356.3215637207031,12700
2023-06-01,360.0,367.0,360.0,367.0,361.2431335449219,9400
2023-06-02,362.0,367.0,362.0,367.0,361.2431335449219,16800
2023-06-05,365.0,375.0,365.0,371.0,365.1803894042969,19900
2023-06-06,367.0,370.0,367.0,370.0,364.1960754394531,8900
2023-06-07,370.0,375.0,367.0,372.0,366.1647033691406,16600
2023-06-08,371.0,372.0,371.0,371.0,365.1803894042969,3900
2023-06-09,372.0,376.0,370.0,374.0,368.1333312988281,6700
2023-06-12,378.0,378.0,370.0,372.0,366.1647033691406,18100
2023-06-13,376.0,376.0,367.0,374.0,368.1333312988281,16200
2023-06-14,374.0,374.0,369.0,369.0,363.2117614746094,6900
2023-06-15,366.0,368.0,362.0,362.0,356.3215637207031,13000
2023-06-16,362.0,368.0,362.0,368.0,362.2274475097656,2600
2023-06-19,367.0,373.0,358.0,367.0,361.2431335449219,30300
2023-06-20,363.0,368.0,363.0,366.0,360.2588195800781,5900
2023-06-21,365.0,369.0,361.0,362.0,356.3215637207031,21600
2023-06-22,365.0,377.0,355.0,355.0,349.4313659667969,35400
2023-06-23,358.0,363.0,357.0,358.0,352.3843078613281,7900
2023-06-26,358.0,364.0,355.0,358.0,352.3843078613281,13800
2023-06-27,359.0,360.0,353.0,356.0,350.4156799316406,13500
2023-06-28,356.0,362.0,356.0,360.0,354.3529357910156,3600
2023-06-29,358.0,362.0,358.0,360.0,354.3529357910156,4800
2023-06-30,359.0,362.0,358.0,359.0,353.3686218261719,9600
2023-07-03,361.0,364.0,359.0,363.0,357.3058776855469,4700
2023-07-04,360.0,365.0,360.0,365.0,359.2745056152344,3000
2023-07-05,360.0,362.0,360.0,360.0,354.3529357910156,4700
2023-07-06,361.0,361.0,349.0,354.0,348.4470520019531,39500
2023-07-07,353.0,355.0,349.0,352.0,346.4784240722656,8100
2023-07-10,353.0,357.0,352.0,357.0,351.3999938964844,5900
2023-07-11,358.0,358.0,354.0,356.0,350.4156799316406,3300
2023-07-12,356.0,361.0,353.0,358.0,352.3843078613281,12400
2023-07-13,359.0,361.0,358.0,359.0,353.3686218261719,5300
2023-07-14,358.0,363.0,358.0,362.0,356.3215637207031,8900
2023-07-18,360.0,363.0,355.0,357.0,351.3999938964844,15300
2023-07-19,358.0,359.0,354.0,359.0,353.3686218261719,9200
2023-07-20,357.0,364.0,356.0,360.0,354.3529357910156,6200
2023-07-21,358.0,359.0,358.0,358.0,352.3843078613281,4200
2023-07-24,358.0,358.0,354.0,355.0,349.4313659667969,6800
2023-07-25,352.0,358.0,352.0,358.0,352.3843078613281,8200
2023-07-26,358.0,358.0,356.0,357.0,351.3999938964844,2900
2023-07-27,356.0,356.0,353.0,355.0,349.4313659667969,3100
2023-07-28,357.0,357.0,352.0,352.0,346.4784240722656,13800
2023-07-31,355.0,357.0,352.0,354.0,348.4470520019531,5000
2023-08-01,354.0,359.0,351.0,355.0,349.4313659667969,14400
2023-08-02,356.0,356.0,352.0,354.0,348.4470520019531,3900
2023-08-03,351.0,354.0,351.0,353.0,347.4627380371094,3500
2023-08-04,354.0,355.0,351.0,353.0,347.4627380371094,6700
2023-08-07,353.0,356.0,350.0,356.0,350.4156799316406,5500
2023-08-08,358.0,363.0,357.0,362.0,356.3215637207031,19200
2023-08-09,362.0,362.0,352.0,360.0,354.3529357910156,14200
2023-08-10,360.0,361.0,358.0,358.0,352.3843078613281,3500
2023-08-14,365.0,385.0,359.0,366.0,360.2588195800781,57000
2023-08-15,382.0,414.0,364.0,371.0,365.1803894042969,401300
2023-08-16,377.0,385.0,367.0,370.0,364.1960754394531,86600
2023-08-17,371.0,375.0,360.0,362.0,356.3215637207031,31800
2023-08-18,361.0,399.0,360.0,397.0,390.7725524902344,116300
2023-08-21,389.0,405.0,386.0,400.0,393.7254943847656,124200
2023-08-22,404.0,404.0,384.0,390.0,383.8823547363281,61300
2023-08-23,390.0,390.0,379.0,387.0,380.9294128417969,18300
2023-08-24,388.0,393.0,381.0,393.0,386.8352966308594,17300
2023-08-25,399.0,399.0,385.0,394.0,387.8196105957031,39100
2023-08-28,392.0,403.0,392.0,397.0,390.7725524902344,22300
2023-08-29,399.0,401.0,394.0,395.0,388.8039245605469,18900
2023-08-30,396.0,399.0,396.0,396.0,389.7882385253906,10800
2023-08-31,399.0,409.0,396.0,402.0,395.6941223144531,45200
2023-09-01,399.0,411.0,387.0,400.0,393.7254943847656,122500
2023-09-04,400.0,456.0,383.0,387.0,380.9294128417969,713800
2023-09-05,391.0,436.0,389.0,423.0,416.3647155761719,312900
2023-09-06,415.0,416.0,405.0,411.0,404.5529479980469,69200
2023-09-07,410.0,411.0,402.0,402.0,395.6941223144531,44400
2023-09-08,405.0,406.0,397.0,401.0,394.7098083496094,27000
2023-09-11,401.0,401.0,387.0,387.0,380.9294128417969,61300
2023-09-12,391.0,398.0,389.0,396.0,389.7882385253906,16800
2023-09-13,400.0,413.0,396.0,412.0,405.5372619628906,50400
2023-09-14,409.0,412.0,406.0,409.0,402.5843200683594,17500
2023-09-15,407.0,407.0,390.0,393.0,386.8352966308594,53800
2023-09-19,392.0,397.0,375.0,385.0,378.9607849121094,61900
2023-09-20,381.0,384.0,379.0,384.0,377.9764709472656,15400
2023-09-21,381.0,385.0,373.0,378.0,372.0705871582031,21600
2023-09-22,373.0,381.0,373.0,381.0,375.0235290527344,12800
2023-09-25,381.0,381.0,378.0,378.0,372.0705871582031,17200
2023-09-26,378.0,380.0,373.0,380.0,374.0392150878906,7000
2023-09-27,378.0,383.0,377.0,380.0,374.0392150878906,4700
2023-09-28,378.0,384.0,377.0,379.0,373.0549011230469,7700
2023-09-29,379.0,382.0,375.0,376.0,370.1019592285156,9600
2023-10-02,378.0,380.0,373.0,375.0,369.1176452636719,15800
2023-10-03,376.0,381.0,371.0,371.0,365.1803894042969,25800
2023-10-04,372.0,372.0,360.0,362.0,356.3215637207031,24500
2023-10-05,364.0,418.0,361.0,375.0,369.1176452636719,180500
2023-10-06,385.0,400.0,380.0,392.0,385.8509826660156,99800
2023-10-10,393.0,394.0,382.0,392.0,385.8509826660156,21900
2023-10-11,390.0,394.0,382.0,383.0,376.9921569824219,19700
2023-10-12,384.0,395.0,384.0,395.0,388.8039245605469,23900
2023-10-13,392.0,409.0,385.0,391.0,384.8666687011719,50100
2023-10-16,407.0,435.0,395.0,418.0,411.4431457519531,125200
2023-10-17,411.0,418.0,407.0,409.0,402.5843200683594,34400
2023-10-18,411.0,420.0,405.0,414.0,407.5058898925781,25600
2023-10-19,411.0,441.0,411.0,421.0,414.3960876464844,104300
2023-10-20,428.0,429.0,415.0,425.0,418.3333435058594,51200
2023-10-23,430.0,438.0,417.0,421.0,414.3960876464844,58300
2023-10-24,416.0,422.0,392.0,413.0,406.5215759277344,72900
2023-10-25,414.0,423.0,413.0,414.0,407.5058898925781,25400
2023-10-26,411.0,413.0,407.0,408.0,401.6000061035156,14900
2023-10-27,408.0,410.0,400.0,406.0,399.6313781738281,22800
2023-10-30,404.0,405.0,396.0,398.0,391.7568664550781,8400
2023-10-31,397.0,402.0,392.0,400.0,393.7254943847656,14800
2023-11-01,404.0,404.0,397.0,397.0,390.7725524902344,4600
2023-11-02,398.0,408.0,398.0,408.0,401.6000061035156,13400
2023-11-06,410.0,418.0,408.0,417.0,410.4588317871094,25200
2023-11-07,415.0,427.0,414.0,427.0,420.3019714355469,11200
2023-11-08,427.0,428.0,410.0,410.0,403.5686340332031,19600
2023-11-09,408.0,419.0,407.0,409.0,402.5843200683594,17800
2023-11-10,410.0,417.0,406.0,410.0,403.5686340332031,3200
2023-11-13,418.0,418.0,404.0,409.0,402.5843200683594,19900
2023-11-14,410.0,414.0,398.0,398.0,391.7568664550781,22500
2023-11-15,395.0,400.0,372.0,393.0,386.8352966308594,54000
2023-11-16,388.0,389.0,385.0,387.0,380.9294128417969,5000
2023-11-17,390.0,396.0,389.0,394.0,387.8196105957031,6400
2023-11-20,394.0,397.0,389.0,394.0,387.8196105957031,9800
2023-11-21,395.0,395.0,390.0,393.0,386.8352966308594,5200
2023-11-22,393.0,395.0,392.0,394.0,387.8196105957031,8000
2023-11-24,396.0,398.0,394.0,395.0,388.8039245605469,6700
2023-11-27,395.0,395.0,390.0,390.0,383.8823547363281,8900
2023-11-28,390.0,392.0,378.0,388.0,381.9137268066406,33500
2023-11-29,420.0,435.0,401.0,401.0,394.7098083496094,181600
2023-11-30,409.0,409.0,396.0,402.0,395.6941223144531,28800
2023-12-01,400.0,405.0,396.0,397.0,390.7725524902344,16300
2023-12-04,398.0,400.0,395.0,396.0,389.7882385253906,10700
2023-12-05,398.0,398.0,388.0,388.0,381.9137268066406,8300
2023-12-06,389.0,393.0,389.0,390.0,383.8823547363281,7700
2023-12-07,388.0,394.0,384.0,385.0,378.9607849121094,16700
2023-12-08,383.0,388.0,378.0,378.0,372.0705871582031,16100
2023-12-11,382.0,387.0,382.0,386.0,379.9450988769531,8600
2023-12-12,387.0,389.0,380.0,385.0,378.9607849121094,10000
2023-12-13,385.0,385.0,378.0,384.0,377.9764709472656,13700
2023-12-14,385.0,385.0,379.0,381.0,375.0235290527344,5200
2023-12-15,382.0,382.0,378.0,381.0,375.0235290527344,10600
2023-12-18,375.0,390.0,372.0,384.0,377.9764709472656,16300
2023-12-19,384.0,384.0,373.0,374.0,368.1333312988281,18500
2023-12-20,376.0,379.0,375.0,376.0,370.1019592285156,6400
2023-12-21,378.0,378.0,373.0,374.0,368.1333312988281,6200
2023-12-22,373.0,374.0,369.0,369.0,363.2117614746094,13700
2023-12-25,367.0,369.0,358.0,365.0,359.2745056152344,32500
2023-12-26,362.0,366.0,361.0,365.0,359.2745056152344,7100
2023-12-27,361.0,365.0,360.0,364.0,358.2901916503906,13000
2023-12-28,365.0,367.0,361.0,367.0,361.2431335449219,3100
2023-12-29,367.0,371.0,361.0,371.0,365.1803894042969,7800
2024-01-04,370.0,370.0,364.0,367.0,361.2431335449219,12700
2024-01-05,367.0,369.0,364.0,365.0,359.2745056152344,6600
2024-01-09,370.0,376.0,363.0,370.0,364.1960754394531,21200
2024-01-10,370.0,370.0,367.0,370.0,364.1960754394531,7700
2024-01-11,371.0,375.0,366.0,366.0,360.2588195800781,13200
2024-01-12,367.0,370.0,366.0,369.0,363.2117614746094,5100
2024-01-15,367.0,367.0,367.0,367.0,361.2431335449219,2300
2024-01-16,367.0,371.0,365.0,368.0,362.2274475097656,5800
2024-01-17,370.0,370.0,363.0,363.0,357.3058776855469,5200
2024-01-18,364.0,365.0,360.0,363.0,357.3058776855469,19100
2024-01-19,363.0,364.0,361.0,364.0,358.2901916503906,7300
2024-01-22,365.0,365.0,362.0,364.0,358.2901916503906,2800
2024-01-23,362.0,364.0,362.0,364.0,358.2901916503906,7800
2024-01-24,365.0,365.0,362.0,365.0,359.2745056152344,7500
2024-01-25,363.0,364.0,361.0,364.0,358.2901916503906,10300
2024-01-26,364.0,364.0,362.0,362.0,356.3215637207031,3000
2024-01-29,364.0,364.0,361.0,361.0,355.3372497558594,8100
2024-01-30,364.0,364.0,360.0,363.0,357.3058776855469,7400
2024-01-31,361.0,362.0,361.0,362.0,356.3215637207031,5500
2024-02-01,362.0,362.0,360.0,360.0,354.3529357910156,2900
2024-02-02,360.0,370.0,360.0,361.0,355.3372497558594,13500
2024-02-05,361.0,362.0,359.0,360.0,354.3529357910156,8400
2024-02-06,362.0,364.0,360.0,362.0,356.3215637207031,7700
2024-02-07,362.0,362.0,357.0,361.0,355.3372497558594,5800
2024-02-08,359.0,359.0,357.0,358.0,352.3843078613281,4600
2024-02-09,357.0,358.0,357.0,357.0,351.3999938964844,6500
2024-02-13,357.0,360.0,356.0,360.0,354.3529357910156,3600
2024-02-14,356.0,359.0,355.0,356.0,350.4156799316406,9800
2024-02-15,352.0,352.0,339.0,350.0,344.5097961425781,46200
2024-02-16,343.0,347.0,342.0,346.0,340.5725402832031,14100
2024-02-19,346.0,347.0,342.0,347.0,341.5568542480469,14000
2024-02-20,345.0,353.0,345.0,348.0,342.5411682128906,14500
2024-02-21,348.0,350.0,346.0,350.0,344.5097961425781,13700
2024-02-22,351.0,352.0,344.0,345.0,339.5882263183594,10400
2024-02-26,348.0,355.0,345.0,352.0,346.4784240722656,15100
2024-02-27,352.0,355.0,350.0,350.0,344.5097961425781,16100
2024-02-28,354.0,354.0,345.0,352.0,346.4784240722656,21800
2024-02-29,353.0,353.0,346.0,347.0,341.5568542480469,16500
2024-03-01,348.0,350.0,343.0,343.0,337.6195983886719,37800
2024-03-04,341.0,345.0,340.0,342.0,336.6352844238281,27700
2024-03-05,343.0,343.0,337.0,339.0,333.6823425292969,27300
2024-03-06,342.0,343.0,337.0,342.0,336.6352844238281,24800
2024-03-07,341.0,342.0,337.0,338.0,332.6980285644531,14000
2024-03-08,337.0,340.0,336.0,340.0,334.6666564941406,8700
2024-03-11,339.0,339.0,334.0,337.0,331.7137145996094,26900
2024-03-12,336.0,338.0,333.0,338.0,332.6980285644531,13700
2024-03-13,336.0,339.0,336.0,336.0,330.7294006347656,4700
2024-03-14,336.0,342.0,336.0,338.0,332.6980285644531,9100
2024-03-15,339.0,345.0,338.0,345.0,339.5882263183594,18500
2024-03-18,345.0,350.0,332.0,344.0,338.6039123535156,53400
2024-03-19,344.0,347.0,339.0,342.0,336.6352844238281,22300
2024-03-21,344.0,352.0,343.0,343.0,337.6195983886719,72400
2024-03-22,347.0,347.0,342.0,342.0,336.6352844238281,25000
2024-03-25,344.0,344.0,338.0,339.0,333.6823425292969,16900
2024-03-26,339.0,341.0,339.0,339.0,333.6823425292969,6500
2024-03-27,339.0,342.0,336.0,338.0,332.6980285644531,12800
2024-03-28,338.0,339.0,333.0,334.0,328.7607727050781,18100
2024-03-29,335.0,337.0,335.0,335.0,329.7450866699219,3800
2024-04-01,340.0,341.0,338.0,338.0,332.6980285644531,5400
2024-04-02,337.0,338.0,332.0,333.0,327.7764587402344,22400
2024-04-03,333.0,333.0,330.0,331.0,325.8078308105469,15900
2024-04-04,331.0,332.0,309.0,315.0,310.058837890625,76900
2024-04-05,312.0,318.0,308.0,316.0,311.04315185546875,40400
2024-04-08,319.0,325.0,316.0,323.0,317.9333190917969,8700
2024-04-09,322.0,325.0,321.0,323.0,317.9333190917969,4800
2024-04-10,325.0,325.0,323.0,325.0,319.9019470214844,4200
2024-04-11,320.0,333.0,320.0,331.0,325.8078308105469,21600
2024-04-12,327.0,334.0,326.0,332.0,326.7921447753906,19400
2024-04-15,328.0,337.0,327.0,334.0,328.7607727050781,37500
2024-04-16,334.0,337.0,333.0,335.0,329.7450866699219,23200
2024-04-17,337.0,341.0,335.0,338.0,332.6980285644531,40400
2024-04-18,338.0,340.0,336.0,337.0,331.7137145996094,17400
2024-04-19,337.0,338.0,330.0,334.0,328.7607727050781,46900
2024-04-22,335.0,340.0,330.0,333.0,327.7764587402344,90900
2024-04-23,335.0,343.0,335.0,342.0,336.6352844238281,69400
2024-04-24,340.0,346.0,333.0,337.0,331.7137145996094,79700
2024-04-25,333.0,337.0,332.0,337.0,331.7137145996094,20100
2024-04-26,337.0,337.0,331.0,332.0,326.7921447753906,18400
2024-04-30,332.0,338.0,332.0,335.0,329.7450866699219,29700
2024-05-01,335.0,337.0,334.0,337.0,331.7137145996094,3700
2024-05-02,334.0,336.0,332.0,332.0,326.7921447753906,15400
2024-05-07,336.0,338.0,333.0,334.0,328.7607727050781,30200
2024-05-08,333.0,335.0,331.0,331.0,325.8078308105469,14100
2024-05-09,332.0,346.0,330.0,345.0,339.5882263183594,89200
2024-05-10,347.0,360.0,343.0,348.0,342.5411682128906,208500
2024-05-13,355.0,358.0,348.0,358.0,352.3843078613281,59600
2024-05-14,358.0,360.0,353.0,358.0,352.3843078613281,22700
2024-05-15,356.0,359.0,344.0,347.0,341.5568542480469,46500
2024-05-16,315.0,324.0,314.0,316.0,311.04315185546875,100000
2024-05-17,315.0,315.0,307.0,309.0,304.1529541015625,34100
2024-05-20,310.0,314.0,310.0,313.0,308.0902099609375,12900
2024-05-21,314.0,314.0,305.0,309.0,304.1529541015625,16100
2024-05-22,309.0,309.0,303.0,303.0,298.2470703125,21800
2024-05-23,304.0,309.0,300.0,303.0,298.2470703125,12900
2024-05-24,301.0,304.0,300.0,300.0,295.29412841796875,14300
2024-05-27,300.0,306.0,290.0,294.0,289.38824462890625,33200
2024-05-28,292.0,299.0,292.0,295.0,290.37255859375,19800
2024-05-29,295.0,296.0,290.0,290.0,285.45098876953125,14000
2024-05-30,293.0,293.0,276.0,287.0,282.498046875,41900
2024-05-31,288.0,288.0,280.0,286.0,281.51373291015625,17200
2024-06-03,288.0,288.0,283.0,286.0,281.51373291015625,12400
2024-06-04,286.0,286.0,282.0,286.0,281.51373291015625,9100
2024-06-05,286.0,286.0,282.0,283.0,278.560791015625,18200
2024-06-06,285.0,287.0,284.0,286.0,281.51373291015625,13000
2024-06-07,285.0,287.0,284.0,286.0,281.51373291015625,2600
2024-06-10,287.0,295.0,287.0,292.0,287.41961669921875,16600
2024-06-11,291.0,295.0,290.0,294.0,289.38824462890625,6500
2024-06-12,295.0,295.0,290.0,291.0,286.435302734375,5300
2024-06-13,292.0,293.0,290.0,290.0,285.45098876953125,7400
2024-06-14,289.0,292.0,286.0,289.0,284.4666748046875,7800
2024-06-17,289.0,293.0,288.0,289.0,284.4666748046875,2100
2024-06-18,292.0,295.0,291.0,293.0,288.4039306640625,8700
2024-06-19,292.0,293.0,285.0,289.0,284.4666748046875,15500
2024-06-20,290.0,290.0,280.0,284.0,279.54510498046875,14000
2024-06-21,296.0,305.0,290.0,299.0,294.309814453125,29500
2024-06-24,298.0,299.0,295.0,298.0,293.32550048828125,3600
2024-06-25,296.0,298.0,294.0,294.0,289.38824462890625,9500
2024-06-26,295.0,295.0,289.0,294.0,289.38824462890625,8900
2024-06-27,294.0,294.0,292.0,293.0,288.4039306640625,2900
2024-06-28,296.0,297.0,292.0,297.0,292.3411865234375,6100
2024-07-01,297.0,297.0,293.0,293.0,288.4039306640625,10100
2024-07-02,293.0,294.0,291.0,293.0,288.4039306640625,2400
2024-07-03,291.0,292.0,290.0,291.0,286.435302734375,4800
2024-07-04,290.0,294.0,290.0,294.0,289.38824462890625,6100
2024-07-05,294.0,294.0,290.0,290.0,285.45098876953125,4600
2024-07-08,293.0,294.0,288.0,293.0,288.4039306640625,10800
2024-07-09,293.0,293.0,290.0,290.0,285.45098876953125,4300
2024-07-10,290.0,290.0,287.0,288.0,283.4823608398437,10000
2024-07-11,288.0,288.0,286.0,286.0,281.51373291015625,3500
2024-07-12,285.0,289.0,282.0,288.0,283.4823608398437,14500
2024-07-16,289.0,292.0,285.0,290.0,285.45098876953125,18100
2024-07-17,291.0,293.0,290.0,290.0,285.45098876953125,7300
2024-07-18,291.0,291.0,287.0,287.0,282.498046875,16700
2024-07-19,289.0,289.0,287.0,289.0,284.4666748046875,9500
2024-07-22,289.0,295.0,287.0,290.0,285.45098876953125,15900
2024-07-23,291.0,292.0,289.0,290.0,285.45098876953125,9500
2024-07-24,289.0,289.0,286.0,288.0,283.4823608398437,11400
2024-07-25,288.0,288.0,270.0,283.0,278.560791015625,36000
2024-07-26,282.0,284.0,281.0,284.0,279.54510498046875,4300
2024-07-29,285.0,285.0,282.0,284.0,279.54510498046875,3800
2024-07-30,284.0,284.0,280.0,281.0,276.5921630859375,8400
2024-07-31,283.0,284.0,281.0,283.0,278.560791015625,3000
2024-08-01,281.0,281.0,272.0,278.0,273.63922119140625,16600
2024-08-02,277.0,277.0,270.0,272.0,267.7333374023437,28800
2024-08-05,267.0,267.0,214.0,230.0,226.39215087890625,79000
2024-08-06,222.0,244.0,222.0,238.0,234.26666259765625,30700
2024-08-07,223.0,242.0,223.0,238.0,234.26666259765625,43600
2024-08-08,238.0,248.0,238.0,247.0,243.12548828125,8900
2024-08-09,255.0,257.0,247.0,250.0,246.07843017578125,10800
2024-08-13,243.0,251.0,242.0,251.0,247.062744140625,6700
2024-08-14,251.0,252.0,248.0,252.0,248.04705810546875,4700
2024-08-15,248.0,260.0,248.0,260.0,255.92156982421875,5900
2024-08-16,260.0,263.0,253.0,259.0,254.937255859375,24700
2024-08-19,259.0,260.0,255.0,259.0,254.937255859375,1900
2024-08-20,257.0,266.0,257.0,261.0,256.9058837890625,4100
2024-08-21,266.0,266.0,252.0,260.0,255.92156982421875,13200
2024-08-22,262.0,262.0,255.0,260.0,255.92156982421875,1400
2024-08-23,260.0,262.0,258.0,262.0,257.89019775390625,4500
2024-08-26,261.0,267.0,260.0,264.0,259.8588256835937,2500
2024-08-27,266.0,270.0,264.0,267.0,262.811767578125,3700
2024-08-28,267.0,271.0,267.0,271.0,266.7490234375,3800
2024-08-29,273.0,292.0,270.0,281.0,276.5921630859375,24600
2024-08-30,280.0,280.0,277.0,278.0,273.63922119140625,3100
2024-09-02,273.0,275.0,271.0,274.0,269.70196533203125,7400
2024-09-03,273.0,275.0,271.0,271.0,266.7490234375,4100
2024-09-04,269.0,269.0,260.0,260.0,255.92156982421875,23900
2024-09-05,259.0,266.0,258.0,263.0,258.87451171875,6700
2024-09-06,266.0,266.0,257.0,260.0,255.92156982421875,4500
2024-09-09,252.0,259.0,252.0,259.0,254.937255859375,4900
2024-09-10,261.0,266.0,261.0,265.0,260.8431396484375,1100
2024-09-11,265.0,265.0,255.0,255.0,251.0,4700
2024-09-12,260.0,260.0,254.0,255.0,251.0,1900
2024-09-13,255.0,255.0,254.0,255.0,251.0,1000
2024-09-17,257.0,257.0,257.0,257.0,252.9686279296875,1000
2024-09-18,254.0,256.0,252.0,254.0,250.01568603515625,2100
2024-09-19,253.0,256.0,252.0,256.0,251.9843139648437,8200
2024-09-20,257.0,259.0,256.0,258.0,253.95294189453125,4500
2024-09-24,259.0,259.0,252.0,257.0,252.9686279296875,3700
2024-09-25,257.0,259.0,253.0,259.0,254.937255859375,1200
2024-09-26,257.0,257.0,254.0,255.0,251.0,1200
2024-09-27,256.0,261.0,256.0,259.0,254.937255859375,2100
2024-09-30,250.0,255.0,250.0,251.0,247.062744140625,6700
2024-10-01,249.0,256.0,249.0,256.0,251.9843139648437,7400
2024-10-02,258.0,258.0,258.0,258.0,253.95294189453125,100
2024-10-03,256.0,258.0,249.0,253.0,249.0313720703125,2900
2024-10-04,253.0,256.0,252.0,256.0,251.9843139648437,13300
2024-10-07,258.0,258.0,258.0,258.0,253.95294189453125,1300
2024-10-08,261.0,261.0,254.0,256.0,251.9843139648437,3800
2024-10-09,257.0,261.0,257.0,257.0,252.9686279296875,1500
2024-10-10,254.0,254.0,252.0,252.0,248.04705810546875,11400
2024-10-11,254.0,257.0,251.0,255.0,251.0,2600
2024-10-15,253.0,255.0,248.0,249.0,245.0941162109375,5100
2024-10-16,250.0,250.0,244.0,246.0,242.14117431640625,4100
2024-10-17,248.0,254.0,248.0,252.0,248.04705810546875,6200
2024-10-18,252.0,253.0,251.0,252.0,248.04705810546875,8100
2024-10-21,251.0,251.0,250.0,251.0,247.062744140625,3100
2024-10-22,250.0,251.0,248.0,248.0,244.1098022460937,1300
2024-10-23,245.0,246.0,244.0,246.0,242.14117431640625,7500
2024-10-24,243.0,249.0,242.0,249.0,245.0941162109375,12700
2024-10-25,249.0,249.0,236.0,242.0,238.20391845703125,9200
2024-10-28,236.0,245.0,235.0,240.0,236.2352905273437,4800
2024-10-29,241.0,241.0,240.0,240.0,236.2352905273437,1000
2024-10-30,240.0,242.0,239.0,240.0,236.2352905273437,2200
2024-10-31,238.0,240.0,224.0,240.0,236.2352905273437,26200
2024-11-01,238.0,238.0,232.0,233.0,229.3450927734375,5400
2024-11-05,234.0,234.0,232.0,234.0,230.32940673828125,2100
2024-11-06,234.0,238.0,234.0,236.0,232.29803466796875,9300
2024-11-07,237.0,238.0,237.0,237.0,233.2823486328125,3400
2024-11-08,238.0,239.0,237.0,239.0,235.2509765625,3200
2024-11-11,238.0,242.0,225.0,239.0,235.2509765625,23000
2024-11-12,237.0,244.0,231.0,239.0,235.2509765625,10200
2024-11-13,239.0,242.0,237.0,241.0,237.2196044921875,3100
2024-11-14,240.0,241.0,238.0,238.0,234.26666259765625,6600
2024-11-15,234.0,234.0,232.0,234.0,230.32940673828125,10600
2024-11-18,232.0,232.0,230.0,231.0,227.37646484375,2600
2024-11-19,230.0,232.0,230.0,231.0,227.37646484375,4400
2024-11-20,230.0,233.0,230.0,232.0,228.3607788085937,5000
2024-11-21,230.0,234.0,230.0,232.0,228.3607788085937,10800
2024-11-22,232.0,233.0,231.0,233.0,229.3450927734375,3100
2024-11-25,234.0,234.0,232.0,233.0,229.3450927734375,6500
2024-11-26,233.0,234.0,231.0,233.0,229.3450927734375,2600
2024-11-27,234.0,237.0,233.0,237.0,233.2823486328125,13100
2024-11-28,238.0,238.0,234.0,236.0,232.29803466796875,4000
2024-11-29,234.0,236.0,233.0,236.0,232.29803466796875,3900
2024-12-02,233.0,234.0,232.0,234.0,230.32940673828125,10500
2024-12-03,234.0,237.0,232.0,236.0,232.29803466796875,22200
2024-12-04,236.0,236.0,235.0,235.0,231.313720703125,5100
2024-12-05,234.0,236.0,232.0,235.0,231.313720703125,5300
2024-12-06,234.0,236.0,231.0,232.0,228.3607788085937,9900
2024-12-09,228.0,232.0,226.0,230.0,226.39215087890625,35500
2024-12-10,234.0,234.0,230.0,234.0,230.32940673828125,17900
2024-12-11,234.0,235.0,232.0,235.0,231.313720703125,12500
2024-12-12,235.0,235.0,230.0,234.0,230.32940673828125,7300
2024-12-13,230.0,236.0,229.0,234.0,230.32940673828125,14800
2024-12-16,233.0,233.0,227.0,231.0,227.37646484375,32000
2024-12-17,229.0,231.0,228.0,230.0,226.39215087890625,32200
2024-12-18,229.0,229.0,227.0,229.0,225.4078369140625,18300
2024-12-19,228.0,229.0,225.0,228.0,224.42352294921875,16400
2024-12-20,226.0,228.0,226.0,228.0,224.42352294921875,14000
2024-12-23,227.0,227.0,220.0,222.0,218.5176544189453,24900
2024-12-24,221.0,223.0,220.0,220.0,216.5490264892578,17700
2024-12-25,220.0,222.0,219.0,221.0,217.5333404541016,22000
2024-12-26,218.0,223.0,218.0,221.0,217.5333404541016,39300
2024-12-27,219.0,223.0,219.0,220.0,216.5490264892578,13900
2024-12-30,225.0,227.0,221.0,226.0,222.45489501953125,6200
2025-01-06,224.0,228.0,224.0,228.0,224.42352294921875,13300
2025-01-07,228.0,236.0,225.0,234.0,230.32940673828125,21900
2025-01-08,233.0,235.0,231.0,234.0,230.32940673828125,13800
2025-01-09,233.0,236.0,231.0,235.0,231.313720703125,8100
2025-01-10,232.0,234.0,223.0,231.0,227.37646484375,12700
2025-01-14,228.0,232.0,227.0,227.0,223.439208984375,4600
2025-01-15,230.0,230.0,227.0,229.0,225.4078369140625,6500
2025-01-16,229.0,230.0,224.0,228.0,224.42352294921875,6500
2025-01-17,227.0,229.0,226.0,229.0,225.4078369140625,2100
2025-01-20,229.0,229.0,226.0,226.0,222.45489501953125,8500
2025-01-21,227.0,230.0,227.0,228.0,224.42352294921875,2100
2025-01-22,228.0,229.0,223.0,223.0,219.50196838378903,24400
2025-01-23,229.0,267.0,229.0,244.0,240.17254638671875,1103900
2025-01-24,236.0,248.0,233.0,239.0,235.2509765625,139400
2025-01-27,247.0,315.0,245.0,301.0,296.2784423828125,4811500
2025-01-28,288.0,290.0,268.0,280.0,275.6078491210937,478700
2025-01-29,272.0,277.0,253.0,265.0,260.8431396484375,266000
2025-01-30,265.0,266.0,250.0,254.0,250.01568603515625,160900
2025-01-31,254.0,261.0,247.0,253.0,249.0313720703125,93700
2025-02-03,251.0,254.0,244.0,246.0,242.14117431640625,46100
2025-02-04,248.0,268.0,247.0,251.0,247.062744140625,155500
2025-02-05,251.0,251.0,244.0,244.0,240.17254638671875,60500
2025-02-06,260.0,261.0,247.0,247.0,243.12548828125,95800
2025-02-07,247.0,248.0,244.0,245.0,241.1568603515625,41300
2025-02-10,246.0,253.0,245.0,249.0,245.0941162109375,26600
2025-02-12,254.0,255.0,250.0,255.0,251.0,31100
2025-02-13,258.0,262.0,253.0,254.0,250.01568603515625,58000
2025-02-14,255.0,257.0,252.0,252.0,248.04705810546875,13600
2025-02-17,251.0,252.0,246.0,246.0,242.14117431640625,24700
2025-02-18,245.0,250.0,245.0,248.0,244.1098022460937,13400
2025-02-19,249.0,252.0,246.0,246.0,242.14117431640625,28200
2025-02-20,247.0,253.0,247.0,249.0,245.0941162109375,13200
2025-02-21,250.0,266.0,250.0,262.0,257.89019775390625,61600
2025-02-25,259.0,263.0,255.0,255.0,251.0,32200
2025-02-26,260.0,260.0,252.0,254.0,250.01568603515625,20500
2025-02-27,259.0,262.0,255.0,260.0,255.92156982421875,31300
2025-02-28,261.0,261.0,249.0,250.0,246.07843017578125,44500
2025-03-03,256.0,268.0,255.0,266.0,261.82745361328125,67200
2025-03-04,263.0,269.0,260.0,267.0,262.811767578125,47500
2025-03-05,265.0,266.0,263.0,266.0,261.82745361328125,14400
2025-03-06,265.0,265.0,258.0,260.0,255.92156982421875,22800
2025-03-07,258.0,260.0,254.0,256.0,251.9843139648437,20600
2025-03-10,257.0,261.0,255.0,256.0,251.9843139648437,16300
2025-03-11,254.0,256.0,251.0,254.0,250.01568603515625,14400
2025-03-12,254.0,256.0,252.0,253.0,249.0313720703125,6400
2025-03-13,253.0,254.0,251.0,251.0,247.062744140625,8100
2025-03-14,251.0,253.0,251.0,253.0,249.0313720703125,8700
2025-03-17,254.0,260.0,253.0,259.0,254.937255859375,23500
2025-03-18,263.0,263.0,257.0,258.0,253.95294189453125,11400
2025-03-19,258.0,259.0,254.0,255.0,251.0,18200
2025-03-21,254.0,258.0,253.0,257.0,252.9686279296875,12400
2025-03-24,254.0,258.0,252.0,257.0,252.9686279296875,28300
2025-03-25,259.0,263.0,257.0,262.0,257.89019775390625,21300
2025-03-26,262.0,264.0,259.0,263.0,258.87451171875,14700
2025-03-27,262.0,262.0,255.0,255.0,251.0,30800
2025-03-28,255.0,259.0,253.0,259.0,259.0,9500
2025-03-31,252.0,254.0,248.0,250.0,250.0,19000
2025-04-01,250.0,251.0,247.0,247.0,247.0,12500
2025-04-02,247.0,247.0,231.0,235.0,235.0,60500
2025-04-03,232.0,235.0,226.0,229.0,229.0,21600
2025-04-04,226.0,230.0,192.0,208.0,208.0,70700
2025-04-07,180.0,206.0,178.0,196.0,196.0,53600
2025-04-08,200.0,207.0,197.0,201.0,201.0,50200
2025-04-09,199.0,205.0,196.0,203.0,203.0,15200
2025-04-10,227.0,227.0,201.0,210.0,210.0,17700
2025-04-11,208.0,215.0,203.0,211.0,211.0,12600
2025-04-14,219.0,265.0,211.0,219.0,219.0,438100
2025-04-15,227.0,251.0,225.0,232.0,232.0,305800
2025-04-16,242.0,307.0,224.0,245.0,245.0,2386500
2025-04-17,261.0,268.0,214.0,220.0,220.0,795800
2025-04-18,228.0,236.0,218.0,221.0,221.0,74600
2025-04-21,220.0,223.0,212.0,216.0,216.0,107400
2025-04-22,216.0,223.0,216.0,218.0,218.0,26400
2025-04-23,222.0,223.0,219.0,221.0,221.0,23000
2025-04-24,221.0,223.0,219.0,222.0,222.0,30400
2025-04-25,223.0,228.0,220.0,227.0,227.0,27700
2025-04-28,304.0,307.0,301.0,307.0,307.0,478000
2025-04-30,339.0,387.0,316.0,324.0,324.0,4684300
2025-05-01,320.0,331.0,300.0,301.0,301.0,674600
2025-05-02,298.0,303.0,284.0,291.0,291.0,256200
2025-05-07,289.0,308.0,284.0,298.0,298.0,300300
2025-05-08,296.0,305.0,289.0,291.0,291.0,138500
2025-05-09,293.0,295.0,286.0,286.0,286.0,116300
2025-05-12,289.0,295.0,283.0,294.0,294.0,82200
2025-05-13,297.0,300.0,292.0,300.0,300.0,124400
2025-05-14,297.0,297.0,288.0,294.0,294.0,73900
2025-05-15,289.0,302.0,288.0,298.0,298.0,62600
2025-05-16,291.0,292.0,270.0,282.0,282.0,112700
2025-05-19,284.0,287.0,279.0,287.0,287.0,53200
2025-05-20,287.0,288.0,282.0,283.0,283.0,27700
2025-05-21,283.0,289.0,282.0,289.0,289.0,35000
2025-05-22,289.0,289.0,284.0,289.0,289.0,23300
2025-05-23,289.0,291.0,286.0,289.0,289.0,23900
2025-05-26,287.0,287.0,279.0,283.0,283.0,33600
2025-05-27,281.0,286.0,266.0,284.0,284.0,63500
2025-05-28,284.0,316.0,284.0,300.0,300.0,367600
2025-05-29,295.0,300.0,292.0,296.0,296.0,64000
2025-05-30,293.0,298.0,288.0,289.0,289.0,55800
2025-06-02,289.0,291.0,280.0,283.0,283.0,29500
2025-06-03,283.0,293.0,276.0,292.0,292.0,46800
2025-06-04,290.0,293.0,289.0,292.0,292.0,18200
2025-06-05,289.0,290.0,287.0,287.0,287.0,19600
2025-06-06,289.0,290.0,285.0,285.0,285.0,12400
2025-06-09,285.0,290.0,285.0,290.0,290.0,13200
2025-06-10,288.0,296.0,288.0,291.0,291.0,20900
2025-06-11,293.0,294.0,290.0,293.0,293.0,11000
2025-06-12,293.0,300.0,291.0,295.0,295.0,43200
2025-06-13,297.0,301.0,294.0,297.0,297.0,27000
2025-06-16,299.0,311.0,297.0,310.0,310.0,57500
2025-06-17,310.0,316.0,307.0,307.0,307.0,59500
2025-06-18,308.0,323.0,307.0,315.0,315.0,54500
2025-06-19,318.0,318.0,310.0,313.0,313.0,21600
2025-06-20,312.0,312.0,296.0,296.0,296.0,33500
2025-06-23,295.0,297.0,292.0,294.0,294.0,17100
2025-06-24,299.0,300.0,294.0,294.0,294.0,9600
2025-06-25,298.0,298.0,292.0,298.0,298.0,8400
2025-06-26,298.0,303.0,291.0,293.0,293.0,15500
2025-06-27,294.0,296.0,291.0,291.0,291.0,18500
2025-06-30,295.0,299.0,291.0,294.0,294.0,15500
2025-07-01,294.0,294.0,275.0,288.0,288.0,24900
2025-07-02,288.0,288.0,281.0,282.0,282.0,13400
2025-07-03,284.0,286.0,282.0,282.0,282.0,7800
2025-07-04,287.0,288.0,281.0,281.0,281.0,5000
2025-07-07,281.0,283.0,280.0,280.0,280.0,7700
2025-07-08,282.0,283.0,279.0,279.0,279.0,9600
2025-07-09,279.0,292.0,278.0,291.0,291.0,28600
2025-07-10,291.0,292.0,288.0,289.0,289.0,4100
2025-07-11,289.0,292.0,286.0,287.0,287.0,8000
2025-07-14,288.0,292.0,285.0,286.0,286.0,8800
2025-07-15,286.0,287.0,283.0,283.0,283.0,7400
2025-07-16,289.0,289.0,281.0,281.0,281.0,10800
2025-07-17,282.0,286.0,280.0,283.0,283.0,9200
2025-07-18,285.0,286.0,283.0,286.0,286.0,2700
2025-07-22,288.0,288.0,280.0,284.0,284.0,11100
2025-07-23,286.0,292.0,283.0,290.0,290.0,21800
2025-07-24,294.0,316.0,292.0,293.0,293.0,111100
2025-07-25,292.0,292.0,286.0,292.0,292.0,25000
2025-07-28,292.0,299.0,290.0,299.0,299.0,20800
2025-07-29,296.0,296.0,287.0,288.0,288.0,9400
2025-07-30,292.0,293.0,286.0,292.0,292.0,9700
2025-07-31,292.0,294.0,290.0,290.0,290.0,10700
2025-08-01,298.0,302.0,294.0,296.0,296.0,35800
2025-08-04,299.0,302.0,296.0,302.0,302.0,21800
2025-08-05,303.0,304.0,300.0,302.0,302.0,11900
2025-08-06,303.0,310.0,301.0,309.0,309.0,42200
2025-08-07,307.0,316.0,307.0,315.0,315.0,44800
2025-08-08,315.0,320.0,311.0,313.0,313.0,37100
2025-08-12,388.0,393.0,368.0,393.0,393.0,624100
2025-08-13,401.0,430.0,363.0,374.0,374.0,1201800
2025-08-14,370.0,383.0,357.0,360.0,360.0,228000
2025-08-15,367.0,377.0,355.0,373.0,373.0,139300
2025-08-18,374.0,374.0,352.0,365.0,365.0,101600
2025-08-19,370.0,389.0,368.0,377.0,377.0,104200
2025-08-20,378.0,385.0,376.0,380.0,380.0,54700
2025-08-21,382.0,386.0,370.0,370.0,370.0,80100
2025-08-22,372.0,375.0,363.0,363.0,363.0,54600
2025-08-25,365.0,390.0,365.0,377.0,377.0,100200
2025-08-26,375.0,377.0,366.0,366.0,366.0,49400
2025-08-27,372.0,373.0,366.0,366.0,366.0,32200
2025-08-28,369.0,371.0,366.0,366.0,366.0,15400
2025-08-29,370.0,383.0,367.0,375.0,375.0,49400
2025-09-01,370.0,381.0,370.0,370.0,370.0,23200
2025-09-02,371.0,375.0,369.0,369.0,369.0,16900
2025-09-03,373.0,373.0,361.0,363.0,363.0,36800
2025-09-04,363.0,365.0,358.0,358.0,358.0,31200
2025-09-05,364.0,374.0,362.0,371.0,371.0,39700
2025-09-08,377.0,377.0,369.0,370.0,370.0,26300
2025-09-09,374.0,378.0,366.0,368.0,368.0,21000
2025-09-10,373.0,374.0,365.0,365.0,365.0,19800
2025-09-11,365.0,368.0,355.0,364.0,364.0,54700
2025-09-12,365.0,368.0,365.0,368.0,368.0,39100
2025-09-16,368.0,371.0,364.0,369.0,369.0,61600
2025-09-17,369.0,373.0,365.0,370.0,370.0,12500
2025-09-18,372.0,378.0,371.0,375.0,375.0,22600
2025-09-19,372.0,374.0,362.0,367.0,367.0,26100
2025-09-22,367.0,367.0,362.0,364.0,364.0,17300
2025-09-24,362.0,366.0,357.0,359.0,359.0,23900
2025-09-25,359.0,361.0,355.0,357.0,357.0,11400
2025-09-26,355.0,357.0,352.0,357.0,357.0,13000
2025-09-29,372.0,374.0,366.0,374.0,374.0,46600
2025-09-30,374.0,374.0,365.0,365.0,365.0,21700
2025-10-01,365.0,365.0,325.0,337.0,337.0,158600
2025-10-02,337.0,349.0,328.0,338.0,338.0,34100
2025-10-03,338.0,338.0,331.0,333.0,333.0,13100
2025-10-06,333.0,340.0,333.0,333.0,333.0,17300
2025-10-07,336.0,340.0,333.0,340.0,340.0,18900
2025-10-08,340.0,341.0,334.0,336.0,336.0,17400
2025-10-09,339.0,341.0,334.0,339.0,339.0,17800
2025-10-10,336.0,337.0,331.0,333.0,333.0,30900
2025-10-14,330.0,330.0,300.0,314.0,314.0,71200
2025-10-15,314.0,323.0,310.0,323.0,323.0,14700
2025-10-16,324.0,332.0,321.0,331.0,331.0,14700
2025-10-17,323.0,330.0,315.0,319.0,319.0,24000
2025-10-20,317.0,327.0,317.0,326.0,326.0,23300
2025-10-21,326.0,330.0,320.0,330.0,330.0,6600
2025-10-22,331.0,337.0,325.0,337.0,337.0,15200
2025-10-23,337.0,337.0,330.0,334.0,334.0,5500
2025-10-24,332.0,332.0,325.0,329.0,329.0,13800
2025-10-27,328.0,332.0,327.0,332.0,332.0,5300
2025-10-28,332.0,332.0,322.0,323.0,323.0,8100
2025-10-29,330.0,330.0,318.0,318.0,318.0,15500
2025-10-30,315.0,320.0,312.0,313.0,313.0,9900
2025-10-31,313.0,329.0,313.0,327.0,327.0,42700
2025-11-04,327.0,327.0,315.0,318.0,318.0,22400
2025-11-05,318.0,329.0,316.0,328.0,328.0,18400
2025-11-06,329.0,333.0,324.0,333.0,333.0,5700
2025-11-07,327.0,335.0,327.0,335.0,335.0,16600
2025-11-10,331.0,335.0,327.0,335.0,335.0,12300
2025-11-11,335.0,335.0,330.0,334.0,334.0,3900
2025-11-12,331.0,334.0,329.0,334.0,334.0,20200
2025-11-13,335.0,346.0,332.0,342.0,342.0,34100
2025-11-14,339.0,353.0,331.0,333.0,333.0,71300
2025-11-17,357.0,357.0,326.0,328.0,328.0,151800
2025-11-18,323.0,335.0,305.0,313.0,313.0,92600
2025-11-19,311.0,312.0,293.0,306.0,306.0,98100
2025-11-20,307.0,308.0,301.0,301.0,301.0,17700
2025-11-21,295.0,306.0,294.0,304.0,304.0,19600
2025-11-25,306.0,306.0,290.0,295.0,295.0,29400
2025-11-26,295.0,304.0,294.0,304.0,304.0,19800
2025-11-27,301.0,307.0,300.0,302.0,302.0,15700
2025-11-28,302.0,304.0,299.0,300.0,300.0,12700
2025-12-01,305.0,331.0,303.0,324.0,324.0,155500
2025-12-02,316.0,318.0,304.0,305.0,305.0,43900
2025-12-03,315.0,315.0,307.0,312.0,312.0,27200
2025-12-04,314.0,316.0,307.0,307.0,307.0,17200
2025-12-05,307.0,309.0,297.0,298.0,298.0,31300
2025-12-08,300.0,305.0,298.0,303.0,303.0,21900
2025-12-09,303.0,305.0,299.0,300.0,300.0,9000
2025-12-10,305.0,305.0,299.0,304.0,304.0,12100
2025-12-11,304.0,306.0,299.0,299.0,299.0,14400
2025-12-12,298.0,302.0,297.0,299.0,299.0,15800
2025-12-15,298.0,302.0,297.0,300.0,300.0,16300
2025-12-16,300.0,302.0,300.0,301.0,301.0,12800
2025-12-17,301.0,304.0,300.0,304.0,304.0,9100
2025-12-18,304.0,304.0,299.0,301.0,301.0,8500
2025-12-19,299.0,303.0,298.0,300.0,300.0,15700
2025-12-22,304.0,305.0,299.0,299.0,299.0,38200
2025-12-23,299.0,301.0,298.0,301.0,301.0,14900
2025-12-24,302.0,302.0,296.0,300.0,300.0,22900
2025-12-25,301.0,301.0,294.0,301.0,301.0,30300
2025-12-26,300.0,304.0,300.0,304.0,304.0,24400
2025-12-29,304.0,305.0,300.0,305.0,305.0,13600
2025-12-30,305.0,305.0,300.0,300.0,300.0,11000
2026-01-05,302.0,303.0,299.0,299.0,299.0,15600
2026-01-06,299.0,309.0,299.0,302.0,302.0,18700
2026-01-07,303.0,306.0,302.0,305.0,305.0,13700
2026-01-08,305.0,315.0,305.0,313.0,313.0,23500
2026-01-09,318.0,321.0,312.0,317.0,317.0,34000
2026-01-13,325.0,345.0,318.0,339.0,339.0,87100
2026-01-14,344.0,344.0,331.0,343.0,343.0,48500
2026-01-15,339.0,363.0,336.0,363.0,363.0,52300
2026-01-16,367.0,367.0,343.0,349.0,349.0,67100
2026-01-19,351.0,359.0,341.0,359.0,359.0,38600
2026-01-20,360.0,363.0,357.0,363.0,363.0,56600
2026-01-21,362.0,362.0,352.0,360.0,360.0,32200
2026-01-22,360.0,360.0,345.0,348.0,348.0,37300
2026-01-23,347.0,348.0,342.0,346.0,346.0,12700
2026-01-26,346.0,350.0,342.0,342.0,342.0,17800
2026-01-27,344.0,344.0,341.0,342.0,342.0,8700
2026-01-28,343.0,396.0,341.0,384.0,384.0,254800
2026-01-29,386.0,390.0,373.0,376.0,376.0,93200
2026-01-30,387.0,387.0,365.0,374.0,374.0,49900
2026-02-02,398.0,399.0,372.0,387.0,387.0,97900
2026-02-03,379.0,388.0,374.0,385.0,385.0,62400
2026-02-04,382.0,403.0,380.0,402.0,402.0,92100
2026-02-05,403.0,409.0,392.0,400.0,400.0,33800
2026-02-06,394.0,409.0,385.0,409.0,409.0,43700
2026-02-09,417.0,417.0,404.0,405.0,405.0,37100
2026-02-10,407.0,465.0,407.0,444.0,444.0,242000
2026-02-12,446.0,450.0,423.0,432.0,432.0,101900
2026-02-13,432.0,435.0,407.0,408.0,408.0,95700
2026-02-16,416.0,416.0,381.0,405.0,405.0,105500
2026-02-17,411.0,422.0,401.0,421.0,421.0,49500
2026-02-18,501.0,501.0,501.0,501.0,501.0,74100
2026-02-19,467.0,489.0,451.0,460.0,460.0,306800
2026-02-20,455.0,458.0,432.0,432.0,432.0,124400
2026-02-24,432.0,432.0,418.0,423.0,423.0,64800
2026-02-25,418.0,450.0,415.0,449.0,449.0,78900
2026-02-26,450.0,458.0,429.0,432.0,432.0,97600
2026-02-27,429.0,443.0,429.0,437.0,437.0,26700
2026-03-02,434.0,444.0,423.0,437.0,437.0,40800
2026-03-03,433.0,438.0,409.0,410.0,410.0,74600
2026-03-04,394.0,402.0,369.0,380.0,380.0,113400
2026-03-05,410.0,425.0,405.0,405.0,405.0,82000
2026-03-06,398.0,418.0,397.0,413.0,413.0,39300
