Date,Open,High,Low,Close,Adj Close,Volume,MA20,MA25,MA75,MA200,RSI14,MA50,MA75_slope,MA200_slope,Ret60,High20,PrevHigh,PrevClose,PrevOpen,PrevVolume
2020-02-25,823.0,849.0,805.0,815.0,663.7008056640625,74900.0,,,,,50.0,,,,,,,,,
2020-02-26,800.0,823.0,784.0,822.0,669.4012451171875,56900.0,,,,,50.0,,,,,,849.0,815.0,823.0,74900.0
2020-02-27,810.0,821.0,781.0,781.0,636.0125732421875,58000.0,,,,,50.0,,,,,,823.0,822.0,800.0,56900.0
2020-02-28,721.0,749.0,660.0,677.0,551.319580078125,111200.0,,,,,50.0,,,,,,821.0,781.0,810.0,58000.0
2020-02-29,721.0,749.0,660.0,677.0,551.319580078125,111200.0,,,,,50.0,,,,,,749.0,677.0,721.0,111200.0
2020-03-01,721.0,749.0,660.0,677.0,551.319580078125,111200.0,,,,,50.0,,,,,,749.0,677.0,721.0,111200.0
2020-03-02,697.0,772.0,687.0,755.0,614.8392944335938,54000.0,,,,,50.0,,,,,,749.0,677.0,721.0,111200.0
2020-03-03,789.0,792.0,724.0,725.0,590.4087524414062,39900.0,,,,,50.0,,,,,,772.0,755.0,697.0,54000.0
2020-03-04,695.0,750.0,695.0,742.0,604.2527465820312,25800.0,,,,,50.0,,,,,,792.0,725.0,789.0,39900.0
2020-03-05,742.0,757.0,708.0,739.0,601.8096923828125,21400.0,,,,,50.0,,,,,,750.0,742.0,695.0,25800.0
2020-03-06,730.0,730.0,684.0,685.0,557.8343505859375,23700.0,,,,,50.0,,,,,,757.0,739.0,742.0,21400.0
2020-03-07,730.0,730.0,684.0,685.0,557.8343505859375,23700.0,,,,,50.0,,,,,,730.0,685.0,730.0,23700.0
2020-03-08,730.0,730.0,684.0,685.0,557.8343505859375,23700.0,,,,,50.0,,,,,,730.0,685.0,730.0,23700.0
2020-03-09,640.0,645.0,585.0,585.0,476.398681640625,81600.0,,,,,50.0,,,,,,730.0,685.0,730.0,23700.0
2020-03-10,575.0,623.0,551.0,617.0,502.45806884765625,60800.0,,,,,28.75536480686695,,,,,,645.0,585.0,640.0,81600.0
2020-03-11,615.0,615.0,560.0,575.0,468.2551879882813,47700.0,,,,,25.3493013972056,,,,,,623.0,617.0,575.0,60800.0
2020-03-12,551.0,577.0,508.0,510.0,415.3219299316406,62600.0,,,,,24.19047619047619,,,,,,615.0,575.0,615.0,47700.0
2020-03-13,442.0,470.0,428.0,442.0,359.9457092285156,84200.0,,,,,25.971370143149286,,,,,,577.0,510.0,551.0,62600.0
2020-03-14,442.0,470.0,428.0,442.0,359.9457092285156,84200.0,,,,,25.971370143149286,,,,,,470.0,442.0,442.0,84200.0
2020-03-15,442.0,470.0,428.0,442.0,359.9457092285156,84200.0,653.9,,,,25.971370143149286,,,,,822.0,470.0,442.0,442.0,84200.0
2020-03-16,482.0,484.0,442.0,448.0,364.8318481445313,55500.0,635.55,,,,13.189448441246997,,,,,822.0,470.0,442.0,442.0,84200.0
2020-03-17,430.0,492.0,425.0,482.0,392.51995849609375,67800.0,618.55,,,,21.140142517814724,,,,,781.0,484.0,448.0,482.0,55500.0
2020-03-18,506.0,520.0,460.0,462.0,376.2328186035156,29200.0,602.6,,,,16.981132075471706,,,,,755.0,492.0,482.0,430.0,67800.0
2020-03-19,470.0,515.0,470.0,478.0,389.2625427246094,26000.0,592.65,,,,20.13729977116705,,,,,755.0,520.0,462.0,506.0,29200.0
2020-03-20,470.0,515.0,470.0,478.0,389.2625427246094,26000.0,582.7,617.04,,,22.976501305483023,,,,,755.0,515.0,478.0,470.0,26000.0
2020-03-21,470.0,515.0,470.0,478.0,389.2625427246094,26000.0,572.75,603.56,,,22.976501305483023,,,,,755.0,515.0,478.0,470.0,26000.0
2020-03-22,470.0,515.0,470.0,478.0,389.2625427246094,26000.0,558.9,589.8,,,22.976501305483023,,,,,742.0,515.0,478.0,470.0,26000.0
2020-03-23,511.0,511.0,488.0,499.0,406.3640441894531,16600.0,547.6,578.52,,,35.85526315789474,,,,,742.0,515.0,478.0,470.0,26000.0
2020-03-24,509.0,557.0,503.0,550.0,447.896240234375,27800.0,538.0,573.44,,,39.62848297213622,,,,,739.0,511.0,499.0,511.0,16600.0
2020-03-25,560.0,603.0,560.0,578.0,470.6982116699219,59000.0,529.95,569.48,,,50.48543689320388,,,,,685.0,557.0,550.0,509.0,27800.0
2020-03-26,528.0,553.0,520.0,527.0,429.166015625,38700.0,522.05,563.48,,,52.88135593220339,,,,,685.0,603.0,578.0,560.0,59000.0
2020-03-27,536.0,554.0,527.0,538.0,438.12396240234375,25300.0,514.7,554.8,,,70.16806722689076,,,,,685.0,553.0,527.0,528.0,38700.0
2020-03-28,536.0,554.0,527.0,538.0,438.12396240234375,25300.0,507.35,547.32,,,70.16806722689076,,,,,617.0,554.0,538.0,536.0,25300.0
2020-03-29,536.0,554.0,527.0,538.0,438.12396240234375,25300.0,505.0,539.16,,,70.16806722689076,,,,,617.0,554.0,538.0,536.0,25300.0
2020-03-30,513.0,533.0,508.0,521.0,424.2798767089844,12000.0,500.2,530.44,,,64.65863453815261,,,,,578.0,554.0,538.0,536.0,25300.0
2020-03-31,518.0,546.0,503.0,515.0,419.3937377929688,17800.0,497.2,523.64,,,57.46606334841629,,,,,578.0,533.0,521.0,513.0,12000.0
2020-04-01,501.0,520.0,497.0,497.0,404.7353210449219,22700.0,496.55,516.12,,,57.990867579908674,,,,,578.0,546.0,515.0,518.0,17800.0
2020-04-02,489.0,504.0,489.0,503.0,409.6214599609375,9800.0,499.6,508.84,,,55.98086124401914,,,,,578.0,520.0,497.0,501.0,22700.0
2020-04-03,502.0,514.0,472.0,476.0,387.63385009765625,15000.0,501.3,504.48,,,49.57627118644068,,,,,578.0,504.0,503.0,489.0,9800.0
2020-04-04,502.0,514.0,472.0,476.0,387.63385009765625,15000.0,503.0,498.84,,,49.57627118644068,,,,,578.0,514.0,476.0,502.0,15000.0
2020-04-05,502.0,514.0,472.0,476.0,387.63385009765625,15000.0,504.4,494.88,,,49.57627118644068,,,,,578.0,514.0,476.0,502.0,15000.0
2020-04-06,476.0,549.0,476.0,533.0,434.0521545410156,24300.0,506.95,495.8,,,56.25,,,,,578.0,514.0,476.0,502.0,15000.0
2020-04-07,573.0,573.0,511.0,541.0,440.5670166015625,32400.0,510.9,499.76,,,48.034934497816586,,,,,578.0,549.0,533.0,476.0,24300.0
2020-04-08,550.0,574.0,531.0,568.0,462.5546569824219,35800.0,515.4,504.8,,,47.80701754385965,,,,,578.0,573.0,541.0,573.0,32400.0
2020-04-09,578.0,657.0,568.0,629.0,512.23046875,107200.0,522.95,512.28,,,71.42857142857143,,,,,629.0,574.0,568.0,550.0,35800.0
2020-04-10,639.0,639.0,587.0,611.0,497.572021484375,50700.0,529.6,518.8,,,64.89795918367346,,,,,629.0,657.0,629.0,578.0,107200.0
2020-04-11,639.0,639.0,587.0,611.0,497.572021484375,50700.0,536.25,523.96,,,64.89795918367346,,,,,629.0,639.0,611.0,639.0,50700.0
2020-04-12,639.0,639.0,587.0,611.0,497.572021484375,50700.0,541.85,529.92,,,64.89795918367346,,,,,629.0,639.0,611.0,639.0,50700.0
2020-04-13,608.0,615.0,585.0,590.0,480.4704895019531,23500.0,543.85,534.4,,,63.855421686746986,,,,,629.0,639.0,611.0,639.0,50700.0
2020-04-14,595.0,635.0,591.0,619.0,504.0868225097656,49500.0,545.9,540.04,,,69.11764705882354,578.54,,,,629.0,615.0,590.0,608.0,23500.0
2020-04-15,639.0,689.0,621.0,680.0,553.7626342773438,110900.0,553.55,548.12,,,79.04761904761905,575.84,,,,680.0,635.0,619.0,595.0,49500.0
2020-04-16,660.0,671.0,640.0,660.0,537.4754638671875,35600.0,559.65,555.4,,,73.86018237082067,572.6,,,,680.0,689.0,680.0,639.0,110900.0
2020-04-17,661.0,677.0,660.0,663.0,539.9185180664062,33000.0,565.9,561.96,,,80.65573770491804,570.24,,,,680.0,671.0,660.0,660.0,35600.0
2020-04-18,661.0,677.0,660.0,663.0,539.9185180664062,33000.0,572.15,566.48,,,80.65573770491804,569.96,,,,680.0,677.0,663.0,661.0,33000.0
2020-04-19,661.0,677.0,660.0,663.0,539.9185180664062,33000.0,579.25,569.88,,,80.65573770491804,569.68,,,,680.0,677.0,663.0,661.0,33000.0
2020-04-20,680.0,743.0,670.0,724.0,589.5943603515625,64700.0,589.7,577.76,,,80.90614886731392,570.62,,,,724.0,677.0,663.0,661.0,33000.0
2020-04-21,715.0,715.0,640.0,667.0,543.1759033203125,51900.0,598.2,582.92,,,67.59776536312849,568.86,,,,724.0,743.0,724.0,680.0,64700.0
2020-04-22,663.0,663.0,605.0,654.0,532.58935546875,28000.0,605.75,587.56,,,62.50000000000001,567.44,,,,724.0,715.0,667.0,715.0,51900.0
2020-04-23,674.0,703.0,658.0,678.0,552.1339111328125,28800.0,615.85,593.16,,,57.98045602605863,566.16,,,,724.0,663.0,654.0,663.0,28000.0
2020-04-24,688.0,688.0,660.0,666.0,542.3616333007812,18200.0,625.35,598.96,,,59.13621262458472,564.7,,,,724.0,703.0,678.0,674.0,28800.0
2020-04-25,688.0,688.0,660.0,666.0,542.3616333007812,18200.0,634.85,605.0,,,59.13621262458472,564.32,,,-0.1828220858895706,724.0,688.0,666.0,688.0,18200.0
2020-04-26,688.0,688.0,660.0,666.0,542.3616333007812,18200.0,641.5,611.76,,,59.13621262458472,563.94,,,-0.1897810218978102,724.0,688.0,666.0,688.0,18200.0
2020-04-27,706.0,725.0,690.0,705.0,574.1214599609375,47500.0,649.7,619.84,,,68.02507836990596,564.34,,,-0.0973111395646606,724.0,688.0,666.0,688.0,18200.0
2020-04-28,720.0,720.0,667.0,693.0,564.3492431640625,36000.0,655.95,628.52,,,62.25165562913907,566.5,,,0.0236336779911374,724.0,725.0,705.0,706.0,47500.0
2020-04-29,720.0,720.0,667.0,693.0,564.3492431640625,36000.0,659.15,637.2,,,52.69709543568465,568.02,,,0.0236336779911374,724.0,720.0,693.0,720.0,36000.0
2020-04-30,706.0,706.0,679.0,689.0,561.0918579101562,29000.0,663.05,645.72,,,56.44444444444445,570.3,,,0.0177252584933529,724.0,720.0,693.0,720.0,36000.0
2020-05-01,688.0,688.0,660.0,681.0,554.5769653320312,24600.0,666.55,651.64,,,53.91304347826088,573.72,,,-0.0980132450331126,724.0,706.0,689.0,706.0,29000.0
2020-05-02,688.0,688.0,660.0,681.0,554.5769653320312,24600.0,670.05,657.24,,,53.91304347826088,578.5,,,-0.0606896551724137,724.0,688.0,681.0,688.0,24600.0
2020-05-03,688.0,688.0,660.0,681.0,554.5769653320312,24600.0,674.6,661.76,,,53.91304347826088,583.28,,,-0.0822102425876011,724.0,688.0,681.0,688.0,24600.0
2020-05-04,688.0,688.0,660.0,681.0,554.5769653320312,24600.0,677.7,663.84,,,37.27810650887574,588.06,,,-0.0784844384303112,724.0,688.0,681.0,688.0,24600.0
2020-05-05,688.0,688.0,660.0,681.0,554.5769653320312,24600.0,677.75,666.64,,,56.25,592.72,,,-0.0058394160583941,724.0,688.0,681.0,688.0,24600.0
2020-05-06,688.0,688.0,660.0,681.0,554.5769653320312,24600.0,678.8,669.44,,,63.63636363636363,596.7,,,-0.0058394160583941,724.0,688.0,681.0,688.0,24600.0
2020-05-07,691.0,737.0,671.0,705.0,574.1214599609375,60300.0,680.9,673.2,,,63.63636363636363,601.56,,,0.0291970802919707,724.0,688.0,681.0,688.0,24600.0
2020-05-08,708.0,718.0,696.0,713.0,580.6363525390625,20400.0,683.4,678.12,,,74.73684210526315,606.26,,,0.2188034188034189,724.0,737.0,705.0,691.0,60300.0
2020-05-09,708.0,718.0,696.0,713.0,580.6363525390625,20400.0,685.9,681.88,612.9866666666667,,74.73684210526315,610.96,,,0.1555915721231766,724.0,718.0,713.0,708.0,20400.0
2020-05-10,708.0,718.0,696.0,713.0,580.6363525390625,20400.0,685.35,683.2,611.6266666666667,,74.73684210526315,615.66,,,0.24,713.0,718.0,713.0,708.0,20400.0
2020-05-11,705.0,734.0,702.0,732.0,596.109130859375,31000.0,688.6,686.08,610.4266666666666,,68.0,620.74,,,0.4352941176470588,732.0,718.0,713.0,708.0,20400.0
2020-05-12,732.0,732.0,704.0,721.0,587.1512451171875,15400.0,691.95,688.4,609.6266666666667,,68.91891891891892,625.18,,,0.6312217194570136,732.0,734.0,732.0,705.0,31000.0
2020-05-13,702.0,758.0,688.0,758.0,617.2824096679688,42700.0,695.95,692.2,610.7066666666667,,79.27927927927928,629.34,,,0.7149321266968325,758.0,732.0,721.0,732.0,15400.0
2020-05-14,759.0,759.0,711.0,723.0,588.7799072265625,25300.0,698.8,694.6,611.32,,61.971830985915496,632.24,-1.6666666666666288,,0.6357466063348416,758.0,758.0,758.0,702.0,42700.0
2020-05-15,723.0,746.0,700.0,746.0,607.5101928710938,25400.0,702.8,695.48,612.24,,70.70063694267516,636.62,0.6133333333333439,,0.6651785714285714,758.0,759.0,723.0,759.0,25300.0
2020-05-16,723.0,746.0,700.0,746.0,607.5101928710938,25400.0,706.8,698.64,612.12,,70.70063694267516,640.78,1.6933333333333849,,0.5477178423236515,758.0,746.0,746.0,723.0,25400.0
2020-05-17,723.0,746.0,700.0,746.0,607.5101928710938,25400.0,708.85,702.32,612.4,,70.70063694267516,644.94,2.773333333333312,,0.6147186147186148,758.0,746.0,746.0,723.0,25400.0
2020-05-18,790.0,827.0,755.0,778.0,633.5695190429688,111900.0,713.1,706.32,612.88,,75.66137566137566,649.74,2.1733333333332894,,0.6276150627615062,778.0,746.0,746.0,723.0,25400.0
2020-05-19,800.0,805.0,768.0,780.0,635.1982421875,32500.0,717.45,710.88,613.4266666666666,,75.91623036649214,654.92,2.1066666666665697,,0.6317991631799162,780.0,827.0,778.0,790.0,111900.0
2020-05-20,781.0,800.0,760.0,800.0,651.4854125976562,25200.0,723.0,716.24,614.96,,78.19905213270142,660.62,2.720000000000028,,0.6736401673640167,800.0,805.0,780.0,800.0,32500.0
2020-05-21,810.0,810.0,785.0,798.0,649.856689453125,21100.0,728.85,721.52,616.4666666666667,,74.60317460317461,666.64,4.346666666666692,,0.6694560669456067,800.0,800.0,800.0,781.0,25200.0
2020-05-22,796.0,797.0,782.0,788.0,641.713134765625,15700.0,734.2,724.84,617.84,,69.63350785340313,672.34,5.440000000000055,,0.5791583166332666,800.0,810.0,798.0,810.0,21100.0
2020-05-23,796.0,797.0,782.0,788.0,641.713134765625,15700.0,739.55,728.64,620.5466666666666,,69.63350785340313,678.58,7.666666666666629,,0.4327272727272726,800.0,797.0,788.0,796.0,15700.0
2020-05-24,796.0,797.0,782.0,788.0,641.713134765625,15700.0,744.9,732.44,622.8266666666667,,69.63350785340313,684.82,9.400000000000093,,0.3633217993079585,800.0,797.0,788.0,796.0,15700.0
2020-05-25,796.0,819.0,791.0,808.0,658.0003051757812,30800.0,751.25,737.2,625.9333333333333,,69.79166666666666,691.46,10.973333333333244,,0.5332068311195446,808.0,797.0,788.0,796.0,15700.0
2020-05-26,819.0,825.0,779.0,794.0,646.5993041992188,49900.0,756.9,741.72,629.72,,68.71794871794872,696.68,13.25333333333333,,0.4758364312267658,808.0,819.0,808.0,796.0,30800.0
2020-05-27,793.0,798.0,768.0,781.0,636.0125732421875,30100.0,760.7,745.72,634.24,,56.725146198830416,701.48,16.399999999999977,,0.4516728624535315,808.0,825.0,794.0,819.0,49900.0
2020-05-28,778.0,791.0,741.0,760.0,618.9111328125,52400.0,763.05,748.88,638.48,,61.78343949044586,705.32,17.933333333333394,,0.4126394052044611,808.0,798.0,781.0,793.0,30100.0
2020-05-29,755.0,782.0,745.0,772.0,628.6834716796875,50000.0,766.0,752.52,642.88,,58.9041095890411,708.18,20.053333333333285,,0.4817658349328215,808.0,791.0,760.0,778.0,52400.0
2020-05-30,755.0,782.0,745.0,772.0,628.6834716796875,50000.0,768.95,756.16,647.2,,58.9041095890411,711.4,21.266666666666765,,0.4990291262135922,808.0,782.0,772.0,755.0,50000.0
2020-05-31,755.0,782.0,745.0,772.0,628.6834716796875,50000.0,770.95,759.8,651.0666666666667,,58.9041095890411,714.62,21.34666666666669,,0.5533199195171026,808.0,782.0,772.0,755.0,50000.0
2020-06-01,770.0,794.0,762.0,779.0,634.3839721679688,32100.0,773.85,762.76,655.2933333333333,,50.413223140495866,717.98,21.053333333333285,,0.5487077534791251,808.0,782.0,772.0,755.0,50000.0
2020-06-02,776.0,783.0,763.0,764.0,622.1686401367188,27400.0,774.15,764.8,659.1066666666667,,44.02985074626866,721.46,20.626666666666665,,0.6050420168067228,808.0,794.0,779.0,770.0,32100.0
2020-06-03,769.0,775.0,758.0,765.0,622.9829711914062,17400.0,776.25,766.88,662.9333333333333,,34.78260869565217,724.38,20.053333333333285,,0.6071428571428572,808.0,783.0,764.0,776.0,27400.0
2020-06-04,770.0,771.0,751.0,760.0,618.9111328125,15800.0,776.95,768.76,666.6933333333334,,33.89830508474576,725.98,19.49333333333334,,0.596638655462185,808.0,775.0,765.0,769.0,17400.0
2020-06-05,760.0,760.0,745.0,754.0,614.0249633789062,14000.0,777.35,769.64,670.3733333333333,,35.08771929824562,727.86,19.30666666666661,,0.4146341463414633,808.0,771.0,760.0,770.0,15800.0
2020-06-06,760.0,760.0,745.0,754.0,614.0249633789062,14000.0,777.75,770.96,673.7733333333333,,35.08771929824562,729.68,18.48000000000001,,0.3937153419593346,808.0,760.0,754.0,760.0,14000.0
2020-06-07,760.0,760.0,745.0,754.0,614.0249633789062,14000.0,776.55,770.8,676.4933333333333,,35.08771929824562,731.5,17.386666666666656,,0.3274647887323942,808.0,760.0,754.0,760.0,14000.0
2020-06-08,761.0,779.0,758.0,772.0,628.6834716796875,40500.0,776.15,772.76,679.08,,33.92857142857143,733.68,16.14666666666676,,0.2273449920508743,808.0,760.0,754.0,760.0,14000.0
2020-06-09,779.0,779.0,761.0,764.0,622.1686401367188,8800.0,774.35,773.48,682.24,,35.84905660377359,734.48,15.546666666666624,,0.2504091653027822,808.0,779.0,772.0,761.0,40500.0
2020-06-10,769.0,771.0,761.0,768.0,625.426025390625,10500.0,772.85,774.36,685.3066666666666,,43.29896907216495,736.5,14.93333333333328,,0.2569558101472995,808.0,779.0,764.0,779.0,8800.0
2020-06-11,770.0,770.0,731.0,743.0,605.0670776367188,39100.0,770.6,774.24,688.04,,41.58415841584158,738.28,14.266666666666652,,0.2160392798690671,808.0,771.0,768.0,769.0,10500.0
2020-06-12,713.0,762.0,696.0,753.0,613.210693359375,51000.0,768.85,773.24,690.9066666666666,,40.4040404040404,739.78,14.413333333333298,,0.2762711864406779,808.0,770.0,743.0,770.0,39100.0
2020-06-13,713.0,762.0,696.0,753.0,613.210693359375,51000.0,767.1,772.16,694.0,,40.4040404040404,741.52,14.91999999999996,,0.2164781906300483,808.0,762.0,753.0,713.0,51000.0
2020-06-14,713.0,762.0,696.0,753.0,613.210693359375,51000.0,764.35,770.28,697.1733333333333,,40.4040404040404,743.26,14.93333333333328,,0.1073529411764706,794.0,762.0,753.0,713.0,51000.0
2020-06-15,753.0,753.0,710.0,710.0,578.1932983398438,21000.0,760.15,766.76,700.0133333333333,,24.444444444444443,744.14,14.706666666666706,,0.0757575757575756,781.0,762.0,753.0,713.0,51000.0
2020-06-16,715.0,746.0,715.0,745.0,606.6957397460938,21000.0,758.35,765.04,703.24,,43.87096774193548,744.94,15.200000000000044,,0.1236802413273001,779.0,753.0,710.0,753.0,21000.0
2020-06-17,730.0,755.0,726.0,748.0,609.138916015625,8700.0,757.75,763.44,706.8666666666667,,44.5859872611465,746.04,15.960000000000036,,0.1282051282051282,779.0,746.0,745.0,715.0,21000.0
2020-06-18,723.0,744.0,720.0,740.0,602.6240234375,14000.0,756.15,761.52,710.3866666666667,,43.75,746.98,16.386666666666656,,0.1161387631975867,779.0,755.0,748.0,730.0,8700.0
2020-06-19,740.0,750.0,720.0,750.0,610.7676391601562,14400.0,755.05,759.2,714.04,,48.78048780487806,748.2,16.866666666666674,,0.0359116022099448,779.0,744.0,740.0,723.0,14000.0
2020-06-20,740.0,750.0,720.0,750.0,610.7676391601562,14400.0,753.95,757.44,716.9333333333333,,48.78048780487806,749.58,16.91999999999996,,0.1244377811094452,779.0,750.0,750.0,740.0,14400.0
2020-06-21,740.0,750.0,720.0,750.0,610.7676391601562,14400.0,752.5,756.2,719.72,,48.78048780487806,750.96,16.480000000000018,,0.146788990825688,772.0,750.0,750.0,740.0,14400.0
2020-06-22,743.0,824.0,743.0,823.0,670.215576171875,94600.0,755.45,758.72,723.12,,61.64383561643835,753.8,16.25333333333333,,0.2138643067846608,823.0,750.0,750.0,740.0,14400.0
2020-06-23,827.0,863.0,811.0,833.0,678.3592529296875,89800.0,758.85,761.16,725.84,,65.6108597285068,756.84,15.453333333333376,,0.2507507507507507,833.0,824.0,823.0,743.0,94600.0
2020-06-24,840.0,848.0,799.0,812.0,661.2576904296875,35200.0,761.45,762.76,728.52,,59.2436974789916,759.46,14.480000000000018,,0.2192192192192192,833.0,863.0,833.0,827.0,89800.0
2020-06-25,809.0,809.0,765.0,775.0,631.12646484375,27100.0,762.5,762.88,730.7066666666667,,56.4,761.34,13.773333333333426,,0.1636636636636637,833.0,848.0,812.0,840.0,35200.0
2020-06-26,775.0,786.0,748.0,757.0,616.4680786132812,27600.0,762.65,762.0,732.6533333333333,,50.775193798449614,762.38,12.93333333333328,,0.073758865248227,833.0,809.0,775.0,809.0,27100.0
2020-06-27,775.0,786.0,748.0,757.0,616.4680786132812,27600.0,762.8,761.72,734.88,,50.775193798449614,763.26,11.759999999999993,,0.0923520923520924,833.0,786.0,757.0,775.0,27600.0
2020-06-28,775.0,786.0,748.0,757.0,616.4680786132812,27600.0,762.05,761.4,736.72,,50.775193798449614,764.14,10.879999999999995,,0.0923520923520924,833.0,786.0,757.0,775.0,27600.0
2020-06-29,757.0,757.0,715.0,723.0,588.7799072265625,18700.0,760.0,759.92,737.2933333333333,,52.610441767068274,764.34,8.773333333333312,,0.0493468795355587,833.0,786.0,757.0,775.0,27600.0
2020-06-30,749.0,749.0,706.0,706.0,574.9358520507812,23200.0,756.9,758.0,737.9066666666666,,41.558441558441565,763.82,7.199999999999932,,0.0367107195301028,833.0,757.0,723.0,757.0,18700.0
2020-07-01,720.0,720.0,700.0,709.0,577.37890625,10400.0,755.2,756.2,738.52,,41.558441558441565,763.58,5.866666666666674,,0.0411160058737152,833.0,749.0,706.0,749.0,23200.0
2020-07-02,706.0,716.0,682.0,702.0,571.678466796875,26300.0,752.65,754.12,739.04,,41.7391304347826,762.46,4.159999999999968,,0.0308370044052863,833.0,720.0,709.0,720.0,10400.0
2020-07-03,702.0,707.0,682.0,698.0,568.4210815429688,9500.0,749.9,751.16,739.5066666666667,,38.392857142857146,761.96,2.7866666666666333,,0.0249632892804698,833.0,716.0,702.0,706.0,26300.0
2020-07-04,702.0,707.0,682.0,698.0,568.4210815429688,9500.0,747.15,748.52,739.16,,38.392857142857146,761.0,1.8666666666666745,,0.0249632892804698,833.0,707.0,698.0,702.0,9500.0
2020-07-05,702.0,707.0,682.0,698.0,568.4210815429688,9500.0,746.55,745.72,739.5733333333334,,38.392857142857146,760.04,1.6666666666667425,,0.0249632892804698,833.0,707.0,698.0,702.0,9500.0
2020-07-06,700.0,715.0,688.0,705.0,574.1214599609375,11700.0,744.55,744.2,740.2533333333333,,12.658227848101262,759.22,1.7333333333333485,,0.0,833.0,707.0,698.0,702.0,9500.0
2020-07-07,718.0,720.0,694.0,707.0,575.750244140625,17900.0,742.5,742.36,740.64,,8.0,757.8,1.6000000000000227,,-0.0084151472650771,833.0,715.0,705.0,700.0,11700.0
2020-07-08,708.0,709.0,696.0,709.0,577.37890625,16600.0,740.95,740.6,741.2133333333334,,10.687022900763369,756.38,1.706666666666706,,-0.005610098176718,833.0,720.0,707.0,718.0,17900.0
2020-07-09,708.0,730.0,701.0,706.0,574.9358520507812,24700.0,738.75,738.72,741.7466666666667,,14.43298969072164,754.5,2.586666666666701,,-0.0098176718092566,833.0,709.0,709.0,708.0,16600.0
2020-07-10,710.0,716.0,695.0,698.0,568.4210815429688,15800.0,736.15,738.24,742.1733333333333,,16.091954022988503,752.5,2.599999999999909,,-0.046448087431694,833.0,730.0,706.0,708.0,24700.0
2020-07-11,710.0,716.0,695.0,698.0,568.4210815429688,15800.0,733.55,736.36,742.08,,16.091954022988503,750.7,1.8266666666667104,,-0.0319001386962551,833.0,716.0,698.0,710.0,15800.0
2020-07-12,710.0,716.0,695.0,698.0,568.4210815429688,15800.0,727.3,734.36,742.1466666666666,,16.091954022988503,748.9,1.5066666666666606,,-0.079155672823219,833.0,716.0,698.0,710.0,15800.0
2020-07-13,707.0,714.0,702.0,713.0,580.6363525390625,10200.0,721.3,733.28,742.4133333333333,,42.64705882352941,747.4,1.1999999999999318,,-0.0138312586445366,812.0,716.0,698.0,710.0,15800.0
2020-07-14,715.0,840.0,715.0,773.0,629.497802734375,167300.0,719.35,734.2,743.5333333333333,,80.18018018018017,746.7,1.786666666666633,,0.0361930294906165,775.0,714.0,713.0,707.0,10200.0
2020-07-15,765.0,853.0,761.0,815.0,663.7008056640625,230600.0,721.35,736.8,745.32,,85.33333333333333,747.12,3.1466666666667606,,0.0924932975871313,815.0,840.0,773.0,715.0,167300.0
2020-07-16,845.0,845.0,758.0,779.0,634.3839721679688,97500.0,722.45,737.96,746.6266666666667,,71.50837988826815,747.08,4.546666666666624,,0.0442359249329757,815.0,853.0,815.0,765.0,230600.0
2020-07-17,776.0,785.0,729.0,744.0,605.8814697265625,42000.0,721.8,734.8,747.4666666666667,,60.95238095238096,746.76,5.32000000000005,,-0.0437017994858611,815.0,845.0,779.0,845.0,97500.0
2020-07-18,776.0,785.0,729.0,744.0,605.8814697265625,42000.0,721.15,731.24,748.3066666666666,,60.95238095238096,746.2,5.893333333333317,,-0.0461538461538461,815.0,785.0,744.0,776.0,42000.0
2020-07-19,776.0,785.0,729.0,744.0,605.8814697265625,42000.0,722.2,728.52,749.1466666666666,,60.95238095238096,745.64,5.613333333333344,,-0.0699999999999999,815.0,785.0,744.0,776.0,42000.0
2020-07-20,774.0,774.0,744.0,758.0,617.2824096679688,17900.0,724.8,727.84,750.1733333333333,,62.21198156682028,745.36,4.853333333333239,,-0.050125313283208,815.0,785.0,744.0,776.0,42000.0
2020-07-21,757.0,786.0,753.0,775.0,631.12646484375,12100.0,728.1,728.56,751.1066666666667,,64.65517241379311,745.28,4.480000000000018,,-0.0164974619289339,815.0,774.0,758.0,774.0,17900.0
2020-07-22,765.0,792.0,765.0,779.0,634.3839721679688,20800.0,731.95,729.44,751.9866666666667,,64.95726495726495,745.58,4.519999999999982,,-0.0114213197969542,815.0,786.0,775.0,757.0,12100.0
2020-07-23,765.0,792.0,765.0,779.0,634.3839721679688,20800.0,736.0,730.32,752.8666666666667,,65.80086580086581,745.86,4.560000000000059,,-0.0114213197969542,815.0,792.0,779.0,765.0,20800.0
2020-07-24,765.0,792.0,765.0,779.0,634.3839721679688,20800.0,740.05,732.56,753.7466666666667,,68.16143497757848,746.24,4.600000000000023,,-0.0358910891089109,815.0,792.0,779.0,765.0,20800.0
2020-07-25,765.0,792.0,765.0,779.0,634.3839721679688,20800.0,744.1,735.48,754.3733333333333,,68.16143497757848,746.74,4.2000000000000455,,-0.0188916876574307,815.0,792.0,779.0,765.0,20800.0
2020-07-26,765.0,792.0,765.0,779.0,634.3839721679688,20800.0,747.8,738.28,755.1466666666666,,68.16143497757848,747.24,4.039999999999964,,-0.0025608194622278,815.0,792.0,779.0,765.0,20800.0
2020-07-27,777.0,814.0,753.0,808.0,658.0003051757812,24100.0,752.85,742.52,755.8133333333334,,70.042194092827,748.32,3.826666666666711,,0.063157894736842,815.0,792.0,779.0,765.0,20800.0
2020-07-28,800.0,803.0,787.0,793.0,645.784912109375,12200.0,757.05,746.32,756.7466666666667,,55.208333333333336,748.74,3.879999999999996,,0.0272020725388602,815.0,814.0,808.0,777.0,24100.0
2020-07-29,785.0,785.0,762.0,775.0,631.12646484375,18000.0,760.5,749.4,757.1333333333333,,38.095238095238095,748.96,3.386666666666656,,0.0038860103626943,815.0,803.0,793.0,800.0,12200.0
2020-07-30,770.0,781.0,770.0,778.0,633.5695190429688,9300.0,764.5,752.6,757.56,,49.62962962962963,749.16,3.1866666666666106,,0.0077720207253886,815.0,785.0,775.0,785.0,18000.0
2020-07-31,770.0,771.0,730.0,751.0,611.5819702148438,29000.0,767.15,754.44,757.6266666666667,,52.75590551181102,749.32,2.480000000000018,,-0.0359435173299101,815.0,781.0,778.0,770.0,9300.0
2020-08-01,770.0,771.0,730.0,751.0,611.5819702148438,29000.0,769.8,756.2,757.2666666666667,,52.75590551181102,749.28,1.453333333333262,,-0.0170157068062827,815.0,771.0,751.0,770.0,29000.0
2020-08-02,770.0,771.0,730.0,751.0,611.5819702148438,29000.0,771.7,757.88,756.88,,52.75590551181102,749.24,0.1333333333333257,,-0.0183006535947712,815.0,771.0,751.0,770.0,29000.0
2020-08-03,762.0,792.0,762.0,780.0,635.1982421875,20400.0,772.05,760.84,756.6133333333333,,57.74647887323944,749.78,-0.5199999999999818,,0.0263157894736842,815.0,771.0,751.0,770.0,29000.0
2020-08-04,789.0,814.0,786.0,810.0,659.6289672851562,25400.0,771.8,765.32,756.7733333333333,,61.29032258064516,751.78,-0.7866666666666333,,0.0742705570291777,810.0,792.0,780.0,762.0,20400.0
2020-08-05,815.0,850.0,806.0,840.0,684.0596923828125,61800.0,774.85,771.0,757.4666666666667,,66.85082872928177,753.68,-0.1599999999999681,,0.1140583554376657,840.0,814.0,810.0,789.0,25400.0
2020-08-06,845.0,906.0,840.0,881.0,717.4483642578125,148900.0,781.7,778.32,758.7066666666667,,72.97297297297297,756.34,1.4400000000000546,,0.1684350132625995,881.0,850.0,840.0,815.0,61800.0
2020-08-07,896.0,937.0,881.0,936.0,762.2379150390625,131000.0,791.3,787.24,760.68,,78.33935018050542,760.26,3.7999999999999545,,0.2124352331606218,936.0,906.0,881.0,845.0,148900.0
2020-08-08,896.0,937.0,881.0,936.0,762.2379150390625,131000.0,800.9,793.76,762.3866666666667,,78.33935018050542,763.98,5.773333333333312,,0.2251308900523561,936.0,937.0,936.0,896.0,131000.0
2020-08-09,896.0,937.0,881.0,936.0,762.2379150390625,131000.0,809.8,798.6,764.28,,78.33935018050542,767.7,7.506666666666661,,0.21875,936.0,937.0,936.0,896.0,131000.0
2020-08-10,896.0,937.0,881.0,936.0,762.2379150390625,131000.0,817.85,804.88,766.3466666666667,,75.80645161290323,771.42,8.879999999999995,,0.2597577388963661,936.0,937.0,936.0,896.0,131000.0
2020-08-11,921.0,922.0,839.0,847.0,689.7601928710938,160100.0,821.25,809.0,767.5066666666667,,58.38509316770186,771.9,8.799999999999955,,0.1248339973439573,936.0,937.0,936.0,896.0,131000.0
2020-08-12,862.0,878.0,851.0,871.0,709.3047485351562,54500.0,825.85,814.08,768.8266666666667,,64.6341463414634,772.66,8.14666666666676,,0.1567065073041169,936.0,922.0,847.0,921.0,160100.0
2020-08-13,899.0,909.0,879.0,899.0,732.106689453125,65000.0,831.85,820.28,770.52,,67.13881019830028,774.4,8.133333333333326,,0.1938911022576361,936.0,878.0,871.0,862.0,54500.0
2020-08-14,910.0,917.0,891.0,914.0,744.322021484375,85700.0,838.6,826.52,772.4133333333333,,73.90029325513197,777.18,8.133333333333326,,0.2873239436619719,936.0,909.0,899.0,899.0,65000.0
2020-08-15,910.0,917.0,891.0,914.0,744.322021484375,85700.0,845.35,832.08,774.2133333333334,,73.90029325513197,780.32,7.866666666666674,,0.2268456375838925,936.0,917.0,914.0,910.0,85700.0
2020-08-16,910.0,917.0,891.0,914.0,744.322021484375,85700.0,850.65,837.48,776.2133333333334,,73.90029325513197,783.46,8.706666666666706,,0.2219251336898395,936.0,917.0,914.0,910.0,85700.0
2020-08-17,784.0,798.0,771.0,783.0,637.6414184570312,202900.0,850.15,837.64,776.4533333333334,,50.33860045146727,783.98,7.626666666666665,,0.058108108108108,936.0,917.0,914.0,910.0,85700.0
2020-08-18,783.0,788.0,770.0,775.0,631.12646484375,42500.0,850.15,837.48,776.6533333333333,,45.84323040380048,785.02,6.133333333333326,,0.0333333333333334,936.0,798.0,783.0,784.0,202900.0
2020-08-19,768.0,774.0,757.0,768.0,625.426025390625,33500.0,849.65,837.04,776.84,,40.95477386934673,786.26,4.426666666666733,,0.024,936.0,788.0,775.0,783.0,42500.0
2020-08-20,765.0,766.0,734.0,745.0,606.6957397460938,46000.0,849.35,835.68,776.72,,32.10526315789474,786.98,2.5066666666666606,,-0.0066666666666667,936.0,774.0,768.0,768.0,33500.0
2020-08-21,740.0,761.0,740.0,752.0,612.396240234375,12100.0,849.4,833.44,776.6933333333334,,22.289156626506028,787.98,0.4800000000000182,,-0.0862697448359659,936.0,766.0,745.0,765.0,46000.0
2020-08-22,740.0,761.0,740.0,752.0,612.396240234375,12100.0,849.45,831.8,776.4266666666666,,22.289156626506028,789.06,-0.0266666666667561,,-0.0972388955582232,936.0,761.0,752.0,740.0,12100.0
2020-08-23,740.0,761.0,740.0,752.0,612.396240234375,12100.0,848.05,830.88,776.2666666666667,,22.289156626506028,790.14,-0.386666666666656,,-0.0738916256157635,936.0,761.0,752.0,740.0,12100.0
2020-08-24,757.0,761.0,736.0,737.0,600.180908203125,21600.0,844.4,829.24,775.8533333333334,,21.32564841498558,790.92,-0.9866666666666788,,-0.0490322580645161,936.0,761.0,752.0,740.0,12100.0
2020-08-25,750.0,750.0,733.0,743.0,605.0670776367188,13800.0,839.55,828.92,775.8533333333334,,30.30303030303031,791.68,-0.8666666666666742,,-0.0184940554821664,936.0,761.0,737.0,757.0,21600.0
2020-08-26,745.0,780.0,745.0,774.0,630.3121337890625,40100.0,834.2,829.84,776.1333333333333,,32.103321033210335,793.02,-0.5600000000000591,,0.0224570673712021,936.0,750.0,743.0,750.0,13800.0
2020-08-27,764.0,768.0,755.0,759.0,618.0968017578125,14200.0,825.35,830.16,776.2133333333334,,22.868217054263567,794.02,-0.213333333333253,,0.0026420079260238,936.0,780.0,774.0,745.0,40100.0
2020-08-28,770.0,770.0,720.0,738.0,600.995361328125,30900.0,815.45,828.48,776.0133333333333,,16.666666666666657,794.66,-0.2533333333333303,,0.0207468879668049,936.0,768.0,759.0,764.0,14200.0
2020-08-29,770.0,770.0,720.0,738.0,600.995361328125,30900.0,805.55,825.6,776.3866666666667,,16.666666666666657,795.46,0.533333333333303,,0.0453257790368271,936.0,770.0,738.0,770.0,30900.0
2020-08-30,770.0,770.0,720.0,738.0,600.995361328125,30900.0,795.65,821.52,776.2933333333333,,16.666666666666657,796.26,0.4399999999999409,,0.0409026798307474,914.0,770.0,738.0,770.0,30900.0
2020-08-31,744.0,755.0,744.0,744.0,605.8814697265625,13200.0,790.5,816.04,776.24,,35.97122302158273,797.18,0.1066666666666833,,0.0598290598290598,914.0,770.0,738.0,770.0,30900.0
2020-09-01,750.0,757.0,742.0,756.0,615.6536865234375,10100.0,784.75,808.84,776.4533333333334,,43.35664335664336,798.04,0.2400000000000091,,0.0830945558739255,914.0,755.0,744.0,744.0,13200.0
2020-09-02,756.0,756.0,746.0,750.0,610.7676391601562,6100.0,777.3,801.4,776.4533333333334,,43.66197183098591,797.58,0.4400000000000545,,0.0744985673352436,914.0,757.0,756.0,750.0,10100.0
2020-09-03,754.0,758.0,748.0,754.0,614.0249633789062,6600.0,769.3,794.12,776.5066666666667,,53.65853658536585,796.36,0.1200000000000045,,0.0802292263610315,914.0,756.0,750.0,756.0,6100.0
2020-09-04,750.0,756.0,743.0,747.0,608.3245849609375,7500.0,760.95,786.56,776.4666666666667,,47.96747967479675,795.72,0.173333333333403,,0.0595744680851064,914.0,758.0,754.0,754.0,6600.0
2020-09-05,750.0,756.0,743.0,747.0,608.3245849609375,7500.0,752.6,782.56,775.4533333333334,,47.96747967479675,795.78,-0.7866666666666333,,0.0565770862800565,783.0,756.0,747.0,750.0,7500.0
2020-09-06,750.0,756.0,743.0,747.0,608.3245849609375,7500.0,750.8,777.6,774.3066666666666,,47.96747967479675,795.84,-2.1466666666667606,,0.0535966149506346,775.0,756.0,747.0,750.0,7500.0
2020-09-07,744.0,755.0,740.0,752.0,612.396240234375,7500.0,749.65,771.72,773.5066666666667,,56.63716814159292,796.0,-2.946666666666715,,0.065155807365439,774.0,756.0,747.0,750.0,7500.0
2020-09-08,752.0,767.0,749.0,765.0,622.9829711914062,13300.0,749.5,765.76,773.3733333333333,,59.16666666666666,796.14,-3.1333333333333258,,0.0959885386819483,774.0,755.0,752.0,744.0,7500.0
2020-09-09,755.0,767.0,754.0,759.0,618.0968017578125,6500.0,750.2,759.56,773.4,,42.10526315789474,795.82,-3.06666666666672,,0.0873925501432664,774.0,767.0,765.0,752.0,13300.0
2020-09-10,758.0,760.0,751.0,754.0,614.0249633789062,9000.0,750.3,753.16,773.36,,47.05882352941176,795.32,-2.093333333333362,,0.0802292263610315,774.0,767.0,759.0,755.0,6500.0
2020-09-11,751.0,763.0,751.0,759.0,618.0968017578125,5000.0,750.65,752.2,773.3866666666667,710.925,65.21739130434783,794.92,-0.9199999999999592,,0.064516129032258,774.0,760.0,754.0,758.0,9000.0
2020-09-12,751.0,763.0,751.0,759.0,618.0968017578125,5000.0,751.0,751.56,773.8666666666667,710.645,65.21739130434783,794.52,0.3600000000000136,,-0.0181112548512289,774.0,763.0,759.0,751.0,5000.0
2020-09-13,751.0,763.0,751.0,759.0,618.0968017578125,5000.0,752.1,751.2,774.5733333333334,710.33,65.21739130434783,794.12,1.2000000000000457,,-0.0687116564417178,774.0,763.0,759.0,751.0,5000.0
2020-09-14,756.0,763.0,752.0,761.0,619.7255249023438,4100.0,753.0,751.84,775.2666666666667,710.23,63.07692307692307,793.76,1.8666666666666745,,-0.0231065468549421,774.0,763.0,759.0,751.0,5000.0
2020-09-15,762.0,762.0,746.0,750.0,610.7676391601562,18300.0,751.8,751.76,775.9066666666666,710.595,45.31250000000001,792.6,2.546666666666624,,0.0080645161290322,765.0,763.0,761.0,756.0,4100.0
2020-09-16,750.0,756.0,748.0,753.0,613.210693359375,4700.0,751.5,751.8,776.64,710.975,52.45901639344261,791.8,3.2533333333333303,0.0500000000000682,0.0120967741935484,765.0,762.0,750.0,762.0,18300.0
2020-09-17,753.0,766.0,751.0,754.0,614.0249633789062,14700.0,752.3,751.88,777.3866666666667,711.36,50.0,791.38,3.519999999999982,0.7150000000000318,0.0134408602150537,765.0,756.0,753.0,750.0,4700.0
2020-09-18,754.0,768.0,744.0,747.0,608.3245849609375,21400.0,752.75,752.28,778.04,711.32,50.0,790.76,3.466666666666584,0.9900000000000092,-0.0145118733509235,765.0,766.0,754.0,753.0,14700.0
2020-09-19,754.0,768.0,744.0,747.0,608.3245849609375,21400.0,753.2,752.44,778.6,711.43,50.0,790.68,3.3333333333333712,1.1999999999999318,-0.0361290322580645,765.0,768.0,747.0,754.0,21400.0
2020-09-20,754.0,768.0,744.0,747.0,608.3245849609375,21400.0,753.35,751.36,779.1333333333333,711.455,50.0,790.6,3.226666666666688,0.8600000000000136,-0.0410783055198973,765.0,768.0,747.0,754.0,21400.0
2020-09-21,754.0,768.0,744.0,747.0,608.3245849609375,21400.0,752.9,750.88,779.64,711.495,45.283018867924525,790.52,3.0,0.5199999999999818,-0.0410783055198973,765.0,768.0,747.0,754.0,21400.0
2020-09-22,754.0,768.0,744.0,747.0,608.3245849609375,21400.0,752.75,751.24,780.1866666666666,711.805,27.5,789.86,2.7999999999999545,0.4449999999999363,-0.0410783055198973,765.0,768.0,747.0,754.0,21400.0
2020-09-23,747.0,759.0,739.0,743.0,605.0670776367188,11100.0,752.2,751.44,780.7866666666666,712.095,28.94736842105263,788.52,2.7466666666666697,0.7749999999999773,-0.0462130937098844,765.0,768.0,747.0,754.0,21400.0
2020-09-24,739.0,755.0,737.0,741.0,603.4383544921875,14900.0,751.9,751.56,781.36,712.375,31.42857142857143,786.54,2.759999999999991,0.94500000000005,-0.048780487804878,765.0,759.0,743.0,747.0,11100.0
2020-09-25,745.0,745.0,737.0,743.0,605.0670776367188,12600.0,751.7,751.52,781.96,713.165,25.0,783.78,2.82666666666671,1.7099999999999227,-0.0804455445544554,765.0,755.0,741.0,739.0,14900.0
2020-09-26,745.0,745.0,737.0,743.0,605.0670776367188,12600.0,751.5,751.0,782.36,713.795,25.0,779.92,2.720000000000028,2.2999999999999545,-0.0630517023959646,765.0,745.0,743.0,745.0,12600.0
2020-09-27,745.0,745.0,737.0,743.0,605.0670776367188,12600.0,751.05,750.72,781.96,714.635,25.0,776.06,1.7733333333334258,2.830000000000041,-0.0412903225806451,765.0,745.0,743.0,745.0,12600.0
2020-09-28,743.0,757.0,730.0,733.0,596.9235229492188,51800.0,749.45,749.88,780.8666666666667,715.75,15.0,772.0,0.0800000000000409,3.6549999999999727,-0.0578406169665809,761.0,745.0,743.0,745.0,12600.0
2020-09-29,740.0,749.0,730.0,739.0,617.82421875,9100.0,748.45,749.56,780.3333333333334,717.235,34.28571428571429,768.06,-1.0266666666666424,4.860000000000014,-0.0159786950732356,761.0,757.0,733.0,743.0,51800.0
2020-09-30,747.0,753.0,716.0,718.0,600.2676391601562,14600.0,746.65,748.4,779.9866666666667,718.615,16.981132075471706,765.48,-1.9733333333333576,5.4500000000000455,-0.0439414114513981,761.0,749.0,739.0,740.0,9100.0
2020-10-01,747.0,753.0,716.0,718.0,600.2676391601562,14600.0,744.6,747.24,779.64,719.995,15.384615384615389,762.42,-2.720000000000028,6.2000000000000455,-0.0439414114513981,761.0,753.0,718.0,747.0,14600.0
2020-10-02,727.0,730.0,685.0,696.0,581.875,36100.0,741.45,745.0,779.0,721.235,11.9402985074627,758.36,-2.9600000000000364,6.600000000000023,-0.1076923076923076,761.0,753.0,718.0,747.0,14600.0
2020-10-03,727.0,730.0,685.0,696.0,581.875,36100.0,738.3,742.24,778.1733333333333,722.305,11.9402985074627,754.0,-2.693333333333385,6.55499999999995,-0.1407407407407407,761.0,730.0,696.0,727.0,36100.0
2020-10-04,727.0,730.0,685.0,696.0,581.875,36100.0,735.05,739.72,777.12,723.475,11.9402985074627,749.64,-3.2133333333333667,6.240000000000009,-0.1714285714285713,754.0,730.0,696.0,727.0,36100.0
2020-10-05,700.0,714.0,695.0,713.0,596.0874633789062,8800.0,733.2,738.08,776.24,724.65,29.76190476190476,745.62,-3.7466666666666697,6.034999999999968,-0.1906923950056753,754.0,730.0,696.0,727.0,36100.0
2020-10-06,714.0,721.0,705.0,718.0,600.2676391601562,13300.0,731.45,736.44,775.4266666666666,725.85,33.70786516853933,744.32,-4.213333333333367,5.855000000000018,-0.2329059829059828,754.0,714.0,713.0,700.0,8800.0
2020-10-07,718.0,739.0,713.0,732.0,611.9719848632812,11600.0,730.35,735.36,774.8,727.12,44.44444444444444,743.46,-4.2000000000000455,5.884999999999991,-0.2179487179487179,747.0,721.0,718.0,714.0,13300.0
2020-10-08,730.0,737.0,722.0,727.0,607.7919311523438,10700.0,729.35,734.08,774.1066666666667,728.365,43.13725490196078,742.64,-4.066666666666606,6.060000000000059,-0.2232905982905982,747.0,739.0,732.0,718.0,11600.0
2020-10-09,734.0,755.0,734.0,745.0,622.84033203125,22400.0,729.25,733.44,773.6533333333333,729.595,50.84745762711864,742.64,-3.466666666666697,6.1200000000000045,-0.2040598290598291,747.0,737.0,727.0,730.0,10700.0
2020-10-10,734.0,755.0,734.0,745.0,622.84033203125,22400.0,729.15,733.24,772.8133333333334,730.57,50.84745762711864,742.5,-3.42666666666662,5.920000000000073,-0.1204250295159385,747.0,755.0,745.0,734.0,22400.0
2020-10-11,734.0,755.0,734.0,745.0,622.84033203125,22400.0,729.05,732.92,772.1733333333333,731.405,50.84745762711864,742.36,-3.2533333333333303,5.55499999999995,-0.1446613088404132,747.0,755.0,745.0,734.0,22400.0
2020-10-12,750.0,750.0,743.0,743.0,621.1682739257812,4700.0,728.85,732.48,771.7466666666667,732.485,54.54545454545455,742.18,-3.053333333333285,5.365000000000009,-0.1735261401557285,745.0,755.0,745.0,734.0,22400.0
2020-10-13,750.0,750.0,735.0,739.0,617.82421875,6100.0,728.65,732.16,771.2266666666667,733.49,50.0,742.22,-2.8799999999999955,5.125,-0.1914660831509846,745.0,750.0,743.0,750.0,4700.0
2020-10-14,739.0,743.0,734.0,736.0,615.3160400390625,4400.0,728.4,731.72,771.0266666666666,734.48,60.0,742.08,-2.626666666666665,4.884999999999991,-0.1947483588621443,745.0,750.0,739.0,750.0,6100.0
2020-10-15,736.0,736.0,723.0,723.0,604.4476928710938,6000.0,727.4,730.76,770.6533333333333,735.405,52.42718446601941,741.06,-2.160000000000082,4.834999999999923,-0.2089715536105032,745.0,743.0,736.0,739.0,4400.0
2020-10-16,715.0,723.0,714.0,719.0,601.1036376953125,4500.0,726.2,729.64,770.2266666666667,736.395,63.52941176470589,740.26,-1.9466666666666013,4.990000000000009,-0.0817369093231161,745.0,736.0,723.0,736.0,6000.0
2020-10-17,715.0,723.0,714.0,719.0,601.1036376953125,4500.0,725.0,728.52,769.4133333333333,737.415,63.52941176470589,739.88,-2.3333333333333712,4.92999999999995,-0.072258064516129,745.0,723.0,719.0,715.0,4500.0
2020-10-18,715.0,723.0,714.0,719.0,601.1036376953125,4500.0,724.3,727.56,768.2,738.525,63.52941176470589,739.5,-3.0266666666666424,5.034999999999968,-0.0638020833333333,745.0,723.0,719.0,715.0,4500.0
2020-10-19,720.0,739.0,719.0,727.0,607.7919311523438,2400.0,723.7,727.0,766.6933333333334,739.645,59.21052631578947,739.28,-4.3333333333332575,5.164999999999964,-0.0241610738255033,745.0,723.0,719.0,715.0,4500.0
2020-10-20,720.0,733.0,720.0,721.0,602.7757568359375,2700.0,723.85,726.12,764.56,740.87,51.94805194805195,738.82,-6.093333333333362,5.465000000000032,-0.0412234042553191,745.0,739.0,727.0,720.0,2400.0
2020-10-21,725.0,732.0,720.0,723.0,604.4476928710938,5300.0,724.1,725.32,761.72,742.105,43.07692307692308,738.16,-8.50666666666666,5.710000000000036,-0.038563829787234,745.0,733.0,721.0,720.0,2700.0
2020-10-22,725.0,725.0,717.0,717.0,599.4315795898438,4200.0,725.15,724.28,758.8,743.31,42.42424242424243,737.5,-10.613333333333344,5.894999999999982,-0.0465425531914893,745.0,732.0,723.0,725.0,5300.0
2020-10-23,732.0,732.0,701.0,709.0,592.743408203125,11200.0,725.8,723.32,755.7733333333333,744.19,17.85714285714286,736.6,-12.426666666666732,5.665000000000077,-0.0379918588873813,745.0,725.0,717.0,725.0,4200.0
2020-10-24,732.0,732.0,701.0,709.0,592.743408203125,11200.0,726.45,722.12,752.7466666666667,745.03,17.85714285714286,735.84,-13.946666666666715,5.384999999999991,-0.0457604306864064,745.0,732.0,709.0,732.0,11200.0
2020-10-25,732.0,732.0,701.0,709.0,592.743408203125,11200.0,726.25,721.76,750.9066666666666,745.735,17.85714285714286,735.08,-13.653333333333308,4.865000000000009,-0.0839793281653746,745.0,732.0,709.0,732.0,11200.0
2020-10-26,715.0,725.0,709.0,715.0,597.7595825195312,4700.0,726.1,721.64,748.8266666666667,746.165,26.66666666666667,734.44,-12.893333333333317,4.059999999999945,-0.0579710144927536,745.0,732.0,709.0,732.0,11200.0
2020-10-27,705.0,716.0,693.0,713.0,596.0874633789062,5000.0,725.15,722.32,746.3466666666667,746.675,27.58620689655173,733.66,-12.453333333333262,3.365000000000009,-0.0338753387533875,745.0,725.0,715.0,715.0,4700.0
2020-10-28,704.0,711.0,702.0,703.0,587.727294921875,5100.0,723.95,722.6,743.5333333333333,747.135,24.615384615384613,732.42,-12.240000000000007,2.9449999999999363,-0.0474254742547425,745.0,716.0,713.0,705.0,5000.0
2020-10-29,700.0,710.0,700.0,707.0,591.0713500976562,5200.0,722.05,723.04,740.7733333333333,747.615,35.71428571428572,731.38,-11.973333333333358,2.5850000000000364,-0.0420054200542004,745.0,711.0,703.0,704.0,5100.0
2020-10-30,702.0,710.0,693.0,698.0,583.547119140625,8300.0,719.7,722.44,737.8933333333333,748.155,32.786885245901644,730.26,-13.01333333333332,2.419999999999959,-0.0618279569892472,745.0,710.0,707.0,700.0,5200.0
2020-10-31,702.0,710.0,693.0,698.0,583.547119140625,8300.0,717.35,721.64,736.76,748.55,32.786885245901644,729.04,-12.06666666666672,2.384999999999991,-0.0767195767195767,743.0,710.0,698.0,702.0,8300.0
2020-11-01,702.0,710.0,693.0,698.0,583.547119140625,8300.0,715.1,720.28,735.7333333333333,748.64,32.786885245901644,727.82,-10.613333333333344,1.965000000000032,-0.0693333333333333,739.0,710.0,698.0,702.0,8300.0
2020-11-02,700.0,712.0,698.0,708.0,591.9072875976562,6000.0,713.55,719.52,734.9333333333333,748.88,34.920634920634924,726.8,-8.600000000000023,1.7450000000000043,-0.0610079575596816,736.0,710.0,698.0,702.0,8300.0
2020-11-03,700.0,712.0,698.0,708.0,591.9072875976562,6000.0,712.15,718.04,734.44,749.105,38.59649122807018,725.74,-6.3333333333332575,1.490000000000009,-0.0522088353413654,727.0,712.0,708.0,700.0,6000.0
2020-11-04,713.0,715.0,703.0,714.0,596.9235229492188,3400.0,711.7,716.8,733.9333333333333,749.36,42.62295081967213,725.02,-3.960000000000037,1.205000000000041,-0.0441767068273092,727.0,712.0,708.0,700.0,6000.0
2020-11-05,720.0,729.0,708.0,721.0,602.7757568359375,5300.0,711.8,715.84,733.52,749.65,53.2258064516129,724.38,-3.240000000000009,1.1000000000000227,-0.0348058902275769,727.0,715.0,714.0,713.0,3400.0
2020-11-06,723.0,729.0,717.0,717.0,599.4315795898438,2700.0,711.7,714.8,733.0533333333333,749.615,56.896551724137936,723.64,-2.680000000000064,0.9750000000000228,-0.0465425531914893,727.0,729.0,721.0,720.0,5300.0
2020-11-07,723.0,729.0,717.0,717.0,599.4315795898438,2700.0,711.6,713.92,732.7866666666666,749.865,56.896551724137936,723.04,-2.146666666666647,0.9850000000000136,-0.0627450980392156,727.0,729.0,717.0,723.0,2700.0
2020-11-08,723.0,729.0,717.0,717.0,599.4315795898438,2700.0,711.1,713.16,732.44,750.18,56.896551724137936,722.44,-2.0,1.0749999999999318,-0.0553359683794466,723.0,729.0,717.0,723.0,2700.0
2020-11-09,728.0,728.0,715.0,728.0,608.6278686523438,4600.0,711.45,713.36,731.8266666666667,750.43,60.31746031746032,722.06,-2.1066666666665697,1.0699999999999363,-0.0344827586206896,728.0,729.0,717.0,723.0,2700.0
2020-11-10,728.0,731.0,722.0,727.0,607.7919311523438,6600.0,711.65,713.68,731.4,750.735,61.29032258064516,721.66,-2.1200000000000045,1.0850000000000364,-0.0421607378129117,728.0,728.0,728.0,728.0,4600.0
2020-11-11,727.0,735.0,725.0,727.0,607.7919311523438,4200.0,712.15,714.0,731.2533333333333,751.04,73.07692307692308,721.26,-1.7999999999999543,1.4249999999999543,-0.0421607378129117,728.0,731.0,727.0,728.0,6600.0
2020-11-12,725.0,729.0,722.0,729.0,609.4639282226562,3400.0,713.15,714.4,731.1333333333333,751.355,72.0,720.98,-1.6533333333333076,1.490000000000009,-0.0395256916996047,729.0,735.0,727.0,727.0,4200.0
2020-11-13,722.0,734.0,722.0,730.0,610.2999267578125,6600.0,714.2,714.52,731.0266666666666,751.48,88.09523809523809,720.76,-1.4133333333334122,1.3000000000000682,-0.040735873850197,730.0,729.0,729.0,725.0,3400.0
2020-11-14,722.0,734.0,722.0,730.0,610.2999267578125,6600.0,715.25,714.88,730.84,751.665,88.09523809523809,720.5,-0.9866666666666788,1.2350000000000136,-0.0266666666666666,730.0,734.0,730.0,722.0,6600.0
2020-11-15,722.0,734.0,722.0,730.0,610.2999267578125,6600.0,716.0,715.16,730.4933333333333,751.85,88.09523809523809,720.24,-0.906666666666638,1.115000000000009,-0.0305444887118193,730.0,734.0,730.0,722.0,6600.0
2020-11-16,760.0,764.0,740.0,746.0,623.6763916015625,50700.0,717.65,716.32,730.44,752.135,89.58333333333333,720.3,-0.8133333333332757,1.0950000000000273,-0.0106100795755967,746.0,734.0,730.0,722.0,6600.0
2020-11-17,750.0,755.0,742.0,742.0,620.3323364257812,16600.0,719.6,717.64,730.28,752.44,82.6923076923077,720.48,-0.853333333333353,1.0850000000000364,-0.0066934404283801,746.0,764.0,746.0,760.0,50700.0
2020-11-18,749.0,750.0,732.0,745.0,622.84033203125,16900.0,721.5,719.08,730.2533333333333,752.76,81.63265306122449,720.6,-0.7733333333333121,1.2799999999999727,-0.0026773761713521,746.0,755.0,742.0,750.0,16600.0
2020-11-19,748.0,751.0,747.0,749.0,626.1843872070312,4300.0,724.05,720.68,730.28,753.1,80.43478260869566,721.22,-0.5600000000000591,1.4350000000000591,0.0026773761713521,749.0,750.0,745.0,749.0,16900.0
2020-11-20,752.0,754.0,745.0,754.0,630.3646240234375,7000.0,726.85,722.24,730.3733333333333,753.465,89.36170212765957,721.94,-0.1200000000000045,1.615000000000009,0.0093708165997321,754.0,751.0,749.0,748.0,4300.0
2020-11-21,752.0,754.0,745.0,754.0,630.3646240234375,7000.0,729.65,723.88,730.4,753.83,89.36170212765957,723.1,-0.0400000000000773,1.69500000000005,0.0093708165997321,754.0,754.0,754.0,752.0,7000.0
2020-11-22,752.0,754.0,745.0,754.0,630.3646240234375,7000.0,731.95,725.92,730.2533333333333,754.195,89.36170212765957,724.26,-0.0266666666666424,1.7549999999999957,0.0148048452220725,754.0,754.0,754.0,752.0,7000.0
2020-11-23,752.0,754.0,745.0,754.0,630.3646240234375,7000.0,734.25,727.8,730.1866666666666,754.44,86.11111111111111,725.42,-0.0666666666667197,1.6800000000000637,0.0175438596491228,754.0,754.0,754.0,752.0,7000.0
2020-11-24,755.0,755.0,744.0,744.0,622.0044555664062,11300.0,735.75,729.64,730.0533333333333,754.595,68.88888888888889,726.04,-0.2266666666666879,1.4950000000000043,0.0013458950201883,754.0,754.0,754.0,752.0,7000.0
2020-11-25,750.0,750.0,742.0,742.0,620.3323364257812,6800.0,736.8,731.4,729.8266666666667,754.74,65.95744680851064,726.52,-0.5466666666666242,1.2749999999999773,-0.0013458950201884,754.0,755.0,744.0,755.0,11300.0
2020-11-26,736.0,741.0,728.0,733.0,612.8080444335938,12800.0,737.6,732.8,729.48,754.84,53.70370370370371,726.54,-0.9199999999999592,1.009999999999991,-0.0134589502018842,754.0,750.0,742.0,750.0,6800.0
2020-11-27,708.0,714.0,698.0,698.0,583.547119140625,84100.0,736.65,732.4,728.6666666666666,754.67,31.818181818181827,725.96,-1.5866666666667015,0.474999999999909,-0.0477489768076397,754.0,741.0,733.0,736.0,12800.0
2020-11-28,708.0,714.0,698.0,698.0,583.547119140625,84100.0,735.7,732.0,727.8266666666667,754.555,31.818181818181827,725.02,-2.3599999999999,0.1149999999998954,-0.0554803788903923,754.0,714.0,698.0,708.0,84100.0
2020-11-29,708.0,714.0,698.0,698.0,583.547119140625,84100.0,734.2,731.36,727.1333333333333,754.255,31.818181818181827,724.08,-2.919999999999959,-0.3400000000000318,-0.0278551532033426,754.0,714.0,698.0,708.0,84100.0
2020-11-30,708.0,708.0,693.0,693.0,579.366943359375,115300.0,732.5,730.24,726.3333333333334,754.105,15.58441558441558,723.04,-3.4933333333333394,-0.6349999999999909,-0.0348189415041783,754.0,714.0,698.0,708.0,84100.0
2020-12-01,695.0,697.0,693.0,693.0,579.366943359375,13000.0,730.8,729.28,725.52,753.84,16.438356164383563,722.04,-3.960000000000037,-1.0,-0.0043103448275861,754.0,708.0,693.0,708.0,115300.0
2020-12-02,693.0,701.0,692.0,701.0,586.0552368164062,18600.0,729.4,728.64,724.9066666666666,753.615,21.7948717948718,721.28,-3.759999999999991,-1.05499999999995,0.007183908045977,754.0,697.0,693.0,695.0,13000.0
2020-12-03,699.0,700.0,693.0,696.0,581.875,26100.0,727.7,727.8,724.2266666666667,753.365,16.455696202531655,720.48,-3.6000000000000227,-1.1899999999999409,0.0,754.0,701.0,701.0,693.0,18600.0
2020-12-04,696.0,698.0,693.0,694.0,580.2030029296875,14600.0,725.9,726.44,723.52,752.945,10.526315789473683,719.9,-3.613333333333344,-1.3099999999999454,-0.0266479663394109,754.0,700.0,696.0,699.0,26100.0
2020-12-05,696.0,698.0,693.0,694.0,580.2030029296875,14600.0,724.1,725.12,722.8133333333334,752.515,10.526315789473683,719.4,-3.519999999999982,-1.5900000000000318,-0.0334261838440111,754.0,698.0,694.0,696.0,14600.0
2020-12-06,696.0,698.0,693.0,694.0,580.2030029296875,14600.0,721.5,723.8,722.1066666666667,751.985,10.526315789473683,718.9,-3.4133333333332985,-1.8550000000000184,-0.0519125683060108,754.0,698.0,694.0,696.0,14600.0
2020-12-07,695.0,699.0,690.0,690.0,576.8588256835938,33200.0,718.9,722.24,721.4,751.445,10.0,718.32,-3.5066666666666606,-2.169999999999959,-0.0508940852819806,754.0,698.0,694.0,696.0,14600.0
2020-12-08,691.0,692.0,686.0,687.0,574.3507690429688,22200.0,716.0,720.52,720.68,750.94,10.958904109589042,717.52,-3.546666666666738,-2.4249999999999545,-0.0778523489932886,754.0,699.0,690.0,695.0,33200.0
2020-12-09,686.0,693.0,686.0,688.0,575.1868286132812,4500.0,712.95,718.84,719.9466666666667,750.44,12.5,716.86,-3.573333333333266,-2.5049999999999955,-0.0765100671140939,754.0,692.0,687.0,691.0,22200.0
2020-12-10,695.0,695.0,688.0,693.0,579.366943359375,4800.0,709.9,717.36,719.28,749.965,20.58823529411765,716.26,-3.5333333333334167,-2.5499999999999545,-0.0697986577181207,754.0,693.0,688.0,686.0,4500.0
2020-12-11,697.0,697.0,690.0,695.0,581.0390014648438,5500.0,706.95,715.32,718.64,749.4,45.71428571428572,715.82,-3.466666666666697,-2.5850000000000364,-0.0646029609690443,754.0,695.0,693.0,695.0,4800.0
2020-12-12,697.0,697.0,690.0,695.0,581.0390014648438,5500.0,704.0,713.44,718.1333333333333,748.905,45.71428571428572,715.54,-3.2666666666666515,-2.5400000000000773,-0.0595399188092016,754.0,697.0,695.0,697.0,5500.0
2020-12-13,697.0,697.0,690.0,695.0,581.0390014648438,5500.0,701.05,711.44,717.5466666666666,748.475,45.71428571428572,715.26,-3.1333333333333258,-2.465000000000032,-0.0557065217391304,744.0,697.0,695.0,697.0,5500.0
2020-12-14,692.0,695.0,692.0,693.0,579.366943359375,5700.0,698.5,709.2,717.2133333333334,748.14,50.0,714.94,-2.7333333333333485,-2.300000000000068,-0.0414937759336099,742.0,697.0,695.0,697.0,5500.0
2020-12-15,693.0,695.0,691.0,692.0,578.5309448242188,3600.0,696.0,706.72,716.8666666666667,747.74,48.48484848484848,714.48,-2.4133333333332985,-2.2250000000000227,-0.0375521557719054,733.0,695.0,693.0,692.0,5700.0
2020-12-16,691.0,693.0,690.0,690.0,576.8588256835938,3500.0,693.85,704.16,716.7866666666666,747.33,29.62962962962964,714.02,-1.853333333333353,-2.0699999999999363,-0.0403337969401946,701.0,695.0,692.0,693.0,3600.0
2020-12-17,692.0,693.0,685.0,690.0,576.8588256835938,8400.0,693.45,701.6,716.7066666666667,746.92,36.36363636363636,713.76,-1.4266666666666197,-1.9850000000000136,-0.0403337969401946,701.0,693.0,690.0,691.0,3500.0
2020-12-18,687.0,687.0,685.0,686.0,573.5147705078125,4900.0,692.85,698.88,716.5733333333334,746.455,33.33333333333333,713.34,-0.973333333333244,-2.019999999999982,-0.0563961485557084,701.0,693.0,690.0,692.0,8400.0
2020-12-19,687.0,687.0,685.0,686.0,573.5147705078125,4900.0,692.25,696.56,716.2133333333334,746.065,33.33333333333333,713.1,-1.0,-2.074999999999932,-0.0485436893203883,701.0,687.0,686.0,687.0,4900.0
2020-12-20,687.0,687.0,685.0,686.0,573.5147705078125,4900.0,691.9,694.32,715.7866666666666,745.67,33.33333333333333,712.86,-1.080000000000041,-2.07000000000005,-0.0511756569847856,701.0,687.0,686.0,687.0,4900.0
2020-12-21,686.0,689.0,682.0,689.0,576.0228881835938,15300.0,691.7,692.56,715.2133333333334,745.315,47.82608695652174,712.68,-1.5733333333332666,-2.0149999999999864,-0.0390516039051603,701.0,687.0,686.0,687.0,4900.0
2020-12-22,688.0,688.0,678.0,678.0,566.8265380859375,11000.0,690.55,691.76,714.56,744.935,35.48387096774192,712.08,-2.1466666666667606,-1.9850000000000136,-0.0437235543018336,696.0,689.0,689.0,686.0,15300.0
2020-12-23,678.0,684.0,677.0,678.0,566.8265380859375,7500.0,689.65,690.96,713.6666666666666,744.555,33.33333333333333,711.48,-2.906666666666752,-1.900000000000091,-0.0437235543018336,695.0,688.0,678.0,688.0,11000.0
2020-12-24,678.0,680.0,669.0,672.0,561.8103637695312,12300.0,688.55,689.92,712.6933333333334,744.145,16.129032258064512,710.64,-3.519999999999982,-1.9200000000000728,-0.0521861777150917,695.0,684.0,678.0,678.0,7500.0
2020-12-25,680.0,680.0,665.0,667.0,557.6301879882812,19600.0,687.2,688.88,711.6533333333333,743.62,8.823529411764696,709.56,-4.133333333333326,-2.0499999999999545,-0.0671328671328671,695.0,680.0,672.0,678.0,12300.0
2020-12-26,680.0,680.0,665.0,667.0,557.6301879882812,19600.0,685.85,687.84,710.64,743.135,8.823529411764696,708.56,-4.57333333333338,-2.180000000000064,-0.0645161290322581,695.0,680.0,667.0,680.0,19600.0
2020-12-27,680.0,680.0,665.0,667.0,557.6301879882812,19600.0,684.7,686.48,709.68,742.63,8.823529411764696,707.56,-4.879999999999996,-2.30499999999995,-0.0512091038406827,695.0,680.0,667.0,680.0,19600.0
2020-12-28,667.0,668.0,656.0,659.0,550.9419555664062,14300.0,683.3,685.0,708.6533333333333,742.21,7.5,706.4,-5.013333333333321,-2.3449999999999136,-0.0678925035360679,695.0,680.0,667.0,680.0,19600.0
2020-12-29,659.0,667.0,659.0,665.0,555.9581298828125,4000.0,682.15,683.84,707.88,741.77,20.0,705.14,-4.813333333333389,-2.375,-0.0472779369627507,695.0,668.0,659.0,667.0,14300.0
2020-12-30,661.0,666.0,661.0,664.0,555.1221923828125,3700.0,680.7,682.64,707.1466666666666,741.325,20.454545454545453,703.88,-4.506666666666661,-2.294999999999959,-0.0487106017191977,695.0,667.0,665.0,659.0,4000.0
2020-12-31,661.0,666.0,661.0,664.0,555.1221923828125,3700.0,679.15,681.44,706.4133333333333,740.88,20.454545454545453,702.62,-4.226666666666688,-2.2549999999999955,-0.0487106017191977,695.0,666.0,664.0,661.0,3700.0
2021-01-01,661.0,666.0,661.0,664.0,555.1221923828125,3700.0,677.6,680.4,705.68,740.65,22.5,701.32,-4.0,-1.9800000000000184,-0.0621468926553672,695.0,666.0,664.0,661.0,3700.0
2021-01-02,661.0,666.0,661.0,664.0,555.1221923828125,3700.0,676.05,679.48,704.84,740.245,22.5,700.0,-3.813333333333276,-1.965000000000032,-0.0621468926553672,693.0,666.0,664.0,661.0,3700.0
2021-01-03,661.0,666.0,661.0,664.0,555.1221923828125,3700.0,674.6,678.52,704.08,739.825,22.5,698.68,-3.7999999999999545,-1.9449999999999363,-0.0700280112044817,692.0,666.0,664.0,661.0,3700.0
2021-01-04,664.0,665.0,657.0,664.0,555.1221923828125,9200.0,673.2,677.36,703.2933333333333,739.445,16.216216216216225,697.36,-3.853333333333353,-1.879999999999996,-0.0790568654646324,690.0,666.0,664.0,661.0,3700.0
2021-01-05,667.0,672.0,666.0,671.0,560.974365234375,4400.0,672.25,676.4,702.68,739.05,39.39393939393939,695.86,-3.733333333333349,-1.830000000000041,-0.0641562064156205,690.0,665.0,664.0,664.0,9200.0
2021-01-06,674.0,680.0,673.0,680.0,568.4985961914062,3000.0,671.75,675.8,702.2933333333333,738.7,52.38095238095237,694.62,-3.386666666666656,-1.949999999999932,-0.0516039051603904,689.0,672.0,671.0,667.0,4400.0
2021-01-07,678.0,678.0,672.0,672.0,561.8103637695312,7300.0,671.05,674.88,701.8,738.31,50.0,693.16,-3.0400000000000773,-1.9350000000000591,-0.0627615062761506,689.0,680.0,680.0,674.0,3000.0
2021-01-08,673.0,679.0,667.0,668.0,558.46630859375,11100.0,670.15,673.88,701.2533333333333,737.535,51.16279069767442,691.54,-2.82666666666671,-2.2900000000000773,-0.0824175824175824,689.0,678.0,672.0,678.0,7300.0
2021-01-09,673.0,679.0,667.0,668.0,558.46630859375,11100.0,669.25,672.92,700.6266666666667,736.71,51.16279069767442,689.82,-2.6666666666666288,-2.7350000000000136,-0.0811554332874827,689.0,679.0,668.0,673.0,11100.0
2021-01-10,673.0,679.0,667.0,668.0,558.46630859375,11100.0,668.2,672.04,700.0266666666666,735.99,51.16279069767442,688.1,-2.653333333333308,-3.059999999999945,-0.0811554332874827,680.0,679.0,668.0,673.0,11100.0
2021-01-11,673.0,679.0,667.0,668.0,558.46630859375,11100.0,667.7,671.16,699.56,735.455,62.85714285714286,686.38,-2.7333333333333485,-3.2450000000000045,-0.083676268861454,680.0,679.0,668.0,673.0,11100.0
2021-01-12,676.0,676.0,664.0,670.0,560.1383056640625,6200.0,667.3,670.52,699.0666666666667,735.02,58.064516129032256,684.7,-2.733333333333235,-3.289999999999964,-0.0821917808219178,680.0,679.0,668.0,673.0,11100.0
2021-01-13,670.0,674.0,669.0,674.0,563.4824829101562,4000.0,667.4,670.04,698.7466666666667,734.605,64.70588235294119,683.3,-2.5066666666666606,-2.92999999999995,-0.0767123287671233,680.0,676.0,670.0,676.0,6200.0
2021-01-14,675.0,675.0,669.0,670.0,560.1383056640625,6400.0,667.55,669.4,698.3733333333333,734.17,57.89473684210526,681.86,-2.2533333333333303,-2.5400000000000773,-0.0821917808219178,680.0,674.0,674.0,670.0,4000.0
2021-01-15,668.0,670.0,667.0,669.0,559.30224609375,4400.0,667.65,668.6,697.9866666666667,733.9,56.41025641025641,680.58,-2.039999999999964,-2.090000000000032,-0.1032171581769436,680.0,675.0,670.0,675.0,6400.0
2021-01-16,668.0,670.0,667.0,669.0,559.30224609375,4400.0,667.75,668.24,697.4666666666667,733.715,56.41025641025641,680.0,-2.0933333333332484,-1.740000000000009,-0.0983827493261455,680.0,670.0,669.0,668.0,4400.0
2021-01-17,668.0,670.0,667.0,669.0,559.30224609375,4400.0,668.25,667.88,696.9466666666667,733.515,56.41025641025641,679.42,-2.1200000000000045,-1.5049999999999957,-0.102013422818792,680.0,670.0,669.0,668.0,4400.0
2021-01-18,671.0,672.0,667.0,672.0,561.8103637695312,5000.0,668.6,667.88,696.3866666666667,733.365,59.523809523809526,678.9,-2.3600000000000136,-1.240000000000009,-0.102803738317757,680.0,670.0,669.0,668.0,4400.0
2021-01-19,670.0,681.0,670.0,681.0,569.3345947265625,10000.0,669.45,668.44,695.8533333333334,733.28,61.36363636363637,678.66,-2.519999999999982,-0.8899999999999864,-0.0968169761273209,681.0,672.0,672.0,671.0,5000.0
2021-01-20,683.0,692.0,683.0,687.0,574.3507690429688,11800.0,670.6,669.24,695.4533333333334,733.225,58.53658536585366,678.54,-2.533333333333303,-0.6749999999999545,-0.0888594164456233,687.0,681.0,681.0,670.0,10000.0
2021-01-21,683.0,688.0,683.0,686.0,573.5147705078125,2700.0,671.7,670.0,695.04,733.165,70.58823529411765,678.24,-2.4266666666667334,-0.5500000000000682,-0.0901856763925729,687.0,692.0,687.0,683.0,11800.0
2021-01-22,689.0,692.0,687.0,691.0,577.6948852539062,4400.0,673.05,671.28,694.6933333333334,733.095,82.85714285714286,678.14,-2.2533333333333303,-0.4199999999999591,-0.0835543766578249,691.0,688.0,686.0,683.0,2700.0
2021-01-23,689.0,692.0,687.0,691.0,577.6948852539062,4400.0,674.4,672.32,694.2,733.015,82.85714285714286,678.08,-2.1866666666666106,-0.3500000000000227,-0.071236559139785,691.0,692.0,691.0,689.0,4400.0
2021-01-24,689.0,692.0,687.0,691.0,577.6948852539062,4400.0,675.75,673.4,693.72,732.925,82.85714285714286,678.02,-2.1333333333333258,-0.3550000000000182,-0.068733153638814,691.0,692.0,691.0,689.0,4400.0
2021-01-25,697.0,712.0,694.0,695.0,581.0390014648438,19000.0,676.95,674.64,693.2933333333333,732.87,84.61538461538461,678.04,-2.160000000000082,-0.3550000000000182,-0.0518417462482946,695.0,692.0,691.0,689.0,4400.0
2021-01-26,705.0,705.0,696.0,699.0,584.3831176757812,5400.0,677.9,676.04,692.8933333333333,732.875,85.3658536585366,678.22,-2.146666666666647,-0.2899999999999636,0.001432664756447,699.0,712.0,695.0,697.0,19000.0
2021-01-27,702.0,705.0,686.0,698.0,583.547119140625,12400.0,679.2,677.4,692.4666666666667,732.875,81.57894736842105,678.44,-2.226666666666688,-0.2200000000000272,0.0,699.0,705.0,699.0,705.0,5400.0
2021-01-28,692.0,699.0,690.0,697.0,582.7110595703125,5900.0,680.65,678.72,692.0266666666666,732.87,88.57142857142857,678.62,-2.173333333333403,-0.1449999999999818,-0.0014326647564469,699.0,705.0,698.0,702.0,12400.0
2021-01-29,702.0,702.0,693.0,696.0,581.875,4600.0,682.05,680.0,691.5733333333334,732.785,88.57142857142857,678.68,-2.146666666666647,-0.1399999999999863,0.0043290043290042,699.0,699.0,697.0,692.0,5900.0
2021-01-30,702.0,702.0,693.0,696.0,581.875,4600.0,683.45,681.0,690.9066666666666,732.4,88.57142857142857,678.7,-2.386666666666656,-0.4700000000000273,0.0043290043290042,699.0,702.0,696.0,702.0,4600.0
2021-01-31,702.0,702.0,693.0,696.0,581.875,4600.0,684.85,681.64,690.2933333333333,731.805,88.57142857142857,678.72,-2.6000000000000227,-1.07000000000005,-0.007132667617689,699.0,702.0,696.0,702.0,4600.0
2021-02-01,691.0,732.0,691.0,715.0,597.7595825195312,18000.0,687.1,683.36,689.8933333333333,731.485,92.15686274509804,679.12,-2.5733333333333803,-1.3899999999999864,0.0272988505747127,715.0,702.0,696.0,702.0,4600.0
2021-02-02,712.0,712.0,703.0,711.0,594.4154663085938,2000.0,688.95,685.08,689.3866666666667,731.32,82.6086956521739,679.48,-2.6399999999999864,-1.5499999999999543,0.0244956772334294,715.0,732.0,715.0,691.0,18000.0
2021-02-03,714.0,714.0,709.0,712.0,595.25146484375,4300.0,691.05,686.84,688.8266666666667,731.16,80.48780487804878,679.88,-2.7466666666666697,-1.625,0.0259365994236311,715.0,712.0,711.0,712.0,2000.0
2021-02-04,712.0,712.0,707.0,708.0,591.9072875976562,4900.0,693.0,688.44,688.2133333333334,730.98,75.0,680.24,-2.693333333333271,-1.419999999999959,0.0201729106628241,715.0,714.0,712.0,714.0,4300.0
2021-02-05,707.0,712.0,701.0,709.0,592.743408203125,9600.0,695.0,690.08,687.6133333333333,730.735,72.5,680.62,-2.67999999999995,-1.0699999999999363,0.0275362318840579,715.0,712.0,708.0,712.0,4900.0
2021-02-06,707.0,712.0,701.0,709.0,592.743408203125,9600.0,697.0,691.64,687.0133333333333,730.405,72.5,681.08,-2.8799999999999955,-1.080000000000041,0.032023289665211,715.0,712.0,709.0,707.0,9600.0
2021-02-07,707.0,712.0,701.0,709.0,592.743408203125,9600.0,698.85,693.04,686.5466666666666,730.055,72.5,681.54,-2.840000000000032,-1.2650000000001,0.0305232558139534,715.0,712.0,709.0,707.0,9600.0
2021-02-08,711.0,712.0,706.0,709.0,592.743408203125,6900.0,700.25,694.6,686.1066666666667,729.705,69.44444444444444,682.0,-2.720000000000028,-1.4549999999999272,0.023088023088023,715.0,712.0,709.0,707.0,9600.0
2021-02-09,709.0,712.0,703.0,709.0,592.743408203125,7600.0,701.35,696.2,685.7866666666666,729.355,65.625,682.4,-2.4266666666667334,-1.625,0.0201438848920862,715.0,712.0,709.0,711.0,6900.0
2021-02-10,706.0,715.0,706.0,715.0,597.7595825195312,7400.0,702.8,698.04,686.0133333333333,729.035,72.97297297297297,683.14,-1.6000000000000227,-1.7000000000000457,0.0287769784172662,715.0,712.0,709.0,709.0,7600.0
2021-02-11,706.0,715.0,706.0,715.0,597.7595825195312,7400.0,704.0,699.88,686.24,728.715,75.0,683.88,-0.7733333333333121,-1.6899999999999409,0.0287769784172662,715.0,715.0,715.0,706.0,7400.0
2021-02-12,710.0,714.0,710.0,711.0,594.4154663085938,10200.0,705.0,701.44,686.4133333333333,728.23,69.23076923076923,684.66,-0.1333333333333257,-1.824999999999932,0.0259740259740259,715.0,715.0,715.0,706.0,7400.0
2021-02-13,710.0,714.0,710.0,711.0,594.4154663085938,10200.0,706.0,702.64,686.6533333333333,727.82,69.23076923076923,685.54,0.5466666666666242,-1.884999999999991,0.027456647398844,715.0,714.0,711.0,710.0,10200.0
2021-02-14,710.0,714.0,710.0,711.0,594.4154663085938,10200.0,706.8,703.6,686.8933333333333,727.5,69.23076923076923,686.42,1.1066666666666831,-1.8550000000000184,0.0304347826086957,715.0,714.0,711.0,710.0,10200.0
2021-02-15,700.0,706.0,694.0,706.0,590.2352905273438,26400.0,707.15,704.4,686.96,727.14,32.0,687.2,0.9466666666667152,-1.8949999999999816,0.0231884057971014,715.0,714.0,711.0,710.0,10200.0
2021-02-16,702.0,703.0,696.0,698.0,583.547119140625,8500.0,707.15,704.68,686.9866666666667,726.875,27.58620689655173,687.98,0.7466666666666697,-1.840000000000032,0.0174927113702623,715.0,706.0,706.0,700.0,26400.0
2021-02-17,698.0,713.0,697.0,711.0,594.4154663085938,10800.0,707.85,705.48,687.2133333333334,726.675,48.78048780487806,688.9,0.8000000000000682,-1.5550000000000637,0.0364431486880465,715.0,703.0,698.0,702.0,8500.0
2021-02-18,710.0,711.0,702.0,707.0,591.0713500976562,2800.0,708.4,706.12,687.3866666666667,726.455,48.78048780487806,689.76,0.7333333333333485,-1.365000000000009,0.0306122448979591,715.0,713.0,711.0,698.0,10800.0
2021-02-19,707.0,708.0,696.0,698.0,583.547119140625,6900.0,708.5,706.24,687.44,726.045,38.775510204081634,690.44,0.5466666666667379,-1.455000000000041,0.0130624092888242,715.0,711.0,707.0,710.0,2800.0
2021-02-20,707.0,708.0,696.0,698.0,583.547119140625,6900.0,708.6,706.2,687.5466666666666,725.485,38.775510204081634,691.12,0.5866666666665878,-1.6549999999999727,0.0294985250737462,715.0,708.0,698.0,707.0,6900.0
2021-02-21,707.0,708.0,696.0,698.0,583.547119140625,6900.0,707.75,706.2,687.6933333333334,724.775,38.775510204081634,691.8,0.7066666666667061,-2.1000000000000227,0.0294985250737462,715.0,708.0,698.0,707.0,6900.0
2021-02-22,708.0,708.0,700.0,700.0,585.2191162109375,5000.0,707.2,706.32,687.8533333333334,723.87,41.1764705882353,692.52,0.6399999999999864,-2.80499999999995,0.0416666666666667,715.0,708.0,698.0,707.0,6900.0
2021-02-23,708.0,708.0,700.0,700.0,585.2191162109375,5000.0,706.6,706.48,687.9466666666667,722.69,41.1764705882353,693.24,0.5600000000000591,-3.7649999999999855,0.0494752623688155,715.0,708.0,700.0,708.0,5000.0
2021-02-24,700.0,701.0,698.0,698.0,583.547119140625,4400.0,706.1,706.56,687.9866666666667,721.5,31.91489361702128,693.78,0.5466666666666242,-4.544999999999959,0.0464767616191903,715.0,708.0,700.0,708.0,5000.0
2021-02-25,703.0,703.0,692.0,692.0,578.5309448242188,13400.0,705.25,706.4,687.9466666666667,720.28,28.30188679245282,694.02,0.4000000000000909,-5.205000000000041,0.0374812593703148,715.0,701.0,698.0,700.0,4400.0
2021-02-26,702.0,702.0,669.0,669.0,559.30224609375,55100.0,703.25,704.56,687.6,718.945,20.83333333333333,693.96,-0.0933333333333621,-5.829999999999927,0.015174506828528,715.0,703.0,692.0,703.0,13400.0
2021-02-27,702.0,702.0,669.0,669.0,559.30224609375,55100.0,701.25,702.88,687.28,718.055,20.83333333333333,693.98,-0.5733333333333803,-5.815000000000055,0.0060150375939849,715.0,702.0,669.0,702.0,55100.0
2021-02-28,702.0,702.0,669.0,669.0,559.30224609375,55100.0,699.25,701.16,686.9733333333334,717.045,20.83333333333333,694.0,-0.9733333333333576,-5.645000000000096,0.0075301204819278,715.0,702.0,669.0,702.0,55100.0
2021-03-01,666.0,670.0,665.0,670.0,560.1383056640625,100700.0,697.3,699.64,686.7066666666667,715.9,23.529411764705884,694.04,-1.2799999999999727,-5.600000000000023,0.0090361445783131,715.0,702.0,669.0,702.0,55100.0
2021-03-02,670.0,681.0,670.0,675.0,564.3184814453125,26800.0,695.3,698.28,686.5066666666667,714.705,32.30769230769231,694.18,-1.4400000000000546,-5.574999999999932,0.0165662650602409,715.0,670.0,670.0,666.0,100700.0
2021-03-03,681.0,681.0,673.0,676.0,565.1544189453125,9100.0,693.35,696.96,686.3733333333333,713.515,16.981132075471706,694.3,-1.226666666666688,-5.430000000000064,0.0180722891566265,711.0,681.0,675.0,670.0,26800.0
2021-03-04,678.0,680.0,676.0,678.0,566.8265380859375,3800.0,691.7,695.72,686.2666666666667,712.335,21.568627450980387,694.38,-1.0133333333333212,-5.719999999999914,0.0210843373493976,711.0,681.0,676.0,681.0,9100.0
2021-03-05,678.0,679.0,674.0,679.0,567.6625366210938,3500.0,690.1,694.52,686.1733333333333,711.815,27.90697674418604,694.56,-0.8000000000000682,-5.2299999999999045,0.0225903614457831,711.0,680.0,678.0,678.0,3800.0
2021-03-06,678.0,679.0,674.0,679.0,567.6625366210938,3500.0,688.5,693.32,686.04,711.335,27.90697674418604,694.76,-0.6666666666667425,-4.564999999999941,0.0119225037257824,711.0,679.0,679.0,678.0,3500.0
2021-03-07,678.0,679.0,674.0,679.0,567.6625366210938,3500.0,687.15,691.88,686.0533333333333,710.89,27.90697674418604,694.96,-0.4533333333333758,-3.815000000000055,-0.0014705882352941,711.0,679.0,679.0,678.0,3500.0
2021-03-08,677.0,680.0,677.0,677.0,565.990478515625,9200.0,686.1,690.36,686.04,710.55,23.25581395348837,695.12,-0.3333333333333712,-2.965000000000032,0.0074404761904762,711.0,679.0,679.0,678.0,3500.0
2021-03-09,677.0,679.0,675.0,678.0,566.8265380859375,5100.0,684.45,689.04,686.12,710.18,25.0,695.24,-0.1466666666666469,-2.1550000000000864,0.0149700598802395,707.0,680.0,677.0,677.0,9200.0
2021-03-10,680.0,683.0,680.0,682.0,570.1705932617188,7300.0,683.2,687.88,686.32,709.83,32.60869565217391,695.26,0.1466666666667606,-1.9850000000000136,0.0209580838323353,700.0,679.0,678.0,677.0,5100.0
2021-03-11,680.0,686.0,680.0,683.0,571.0066528320312,10600.0,682.45,686.76,686.5333333333333,709.485,39.02439024390244,695.18,0.4933333333333394,-1.8500000000000227,0.0224550898203592,700.0,683.0,682.0,680.0,7300.0
2021-03-12,683.0,688.0,681.0,682.0,570.1705932617188,4500.0,681.65,685.8,686.7333333333333,709.21,84.21052631578948,695.1,0.6800000000000637,-1.67999999999995,0.0209580838323353,700.0,686.0,683.0,680.0,10600.0
2021-03-13,683.0,688.0,681.0,682.0,570.1705932617188,4500.0,680.85,685.16,687.04,708.905,84.21052631578948,694.92,1.0,-1.6449999999999818,0.0179104477611939,700.0,688.0,682.0,683.0,4500.0
2021-03-14,683.0,688.0,681.0,682.0,570.1705932617188,4500.0,679.95,684.0,687.2666666666667,708.445,84.21052631578948,694.74,1.146666666666647,-1.7349999999999,0.0118694362017803,700.0,688.0,682.0,683.0,4500.0
2021-03-15,691.0,699.0,686.0,694.0,580.2030029296875,11500.0,679.65,683.48,687.6666666666666,708.12,90.0,694.8,1.3466666666665787,-1.7100000000000364,0.0358208955223879,698.0,688.0,682.0,683.0,4500.0
2021-03-16,698.0,703.0,694.0,700.0,585.2191162109375,10400.0,679.75,683.56,688.1466666666666,707.93,90.3225806451613,694.9,1.613333333333344,-1.5550000000000637,0.046337817638266,700.0,699.0,694.0,691.0,11500.0
2021-03-17,704.0,710.0,703.0,710.0,593.579345703125,12700.0,680.65,684.04,688.76,707.79,92.5,695.12,2.0266666666666424,-1.4200000000000728,0.0612855007473842,710.0,703.0,700.0,698.0,10400.0
2021-03-18,711.0,713.0,706.0,709.0,592.743408203125,5000.0,682.65,684.48,689.36,707.645,89.74358974358974,695.34,2.32000000000005,-1.259999999999991,0.0597907324364723,710.0,710.0,710.0,704.0,12700.0
2021-03-19,707.0,710.0,690.0,701.0,586.0552368164062,12000.0,684.25,684.52,689.8533333333334,707.43,73.91304347826087,695.42,2.586666666666701,-1.0150000000001,0.0431547619047618,710.0,713.0,709.0,711.0,5000.0
2021-03-20,707.0,710.0,690.0,701.0,586.0552368164062,12000.0,685.85,684.56,690.3466666666667,707.155,73.91304347826087,695.52,2.680000000000064,-0.9650000000000318,0.0293685756240822,710.0,710.0,701.0,707.0,12000.0
2021-03-21,707.0,710.0,690.0,701.0,586.0552368164062,12000.0,687.4,684.68,690.7466666666667,706.91,73.91304347826087,695.62,2.6000000000000227,-1.0199999999999818,0.0203784570596796,710.0,710.0,701.0,707.0,12000.0
2021-03-22,710.0,710.0,702.0,709.0,592.743408203125,7400.0,689.1,685.36,691.1333333333333,706.685,80.76923076923077,695.88,2.373333333333335,-1.1050000000000182,0.0335276967930029,710.0,710.0,701.0,707.0,12000.0
2021-03-23,714.0,715.0,708.0,712.0,595.25146484375,7100.0,690.9,687.08,691.6666666666666,706.51,81.48148148148148,695.82,2.306666666666615,-1.134999999999991,0.0303907380607815,712.0,710.0,709.0,710.0,7400.0
2021-03-24,710.0,710.0,695.0,705.0,589.3992919921875,11400.0,692.25,688.52,692.16,706.3,70.17543859649123,695.7,2.306666666666615,-1.1299999999999957,0.0202604920405209,712.0,715.0,712.0,714.0,7100.0
2021-03-25,707.0,707.0,695.0,699.0,584.3831176757812,8000.0,693.25,689.72,692.5733333333334,706.06,62.903225806451616,695.44,2.226666666666688,-1.0950000000000273,0.0115774240231547,712.0,710.0,705.0,710.0,11400.0
2021-03-26,701.0,702.0,696.0,698.0,583.547119140625,3800.0,694.2,690.84,692.9733333333334,705.79,62.903225806451616,695.24,2.226666666666688,-1.1200000000000043,0.0043165467625898,712.0,707.0,699.0,707.0,8000.0
2021-03-27,701.0,702.0,696.0,698.0,583.547119140625,3800.0,695.15,691.76,693.3733333333333,705.455,62.903225806451616,695.02,2.240000000000009,-1.2299999999999045,-0.0014306151645206,712.0,702.0,698.0,701.0,3800.0
2021-03-28,701.0,702.0,696.0,698.0,583.547119140625,3800.0,696.2,692.64,693.7466666666667,705.15,62.903225806451616,694.8,2.080000000000041,-1.3600000000000136,0.0,712.0,702.0,698.0,701.0,3800.0
2021-03-29,704.0,705.0,702.0,702.0,586.8911743164062,4900.0,697.4,693.6,694.12,704.89,57.40740740740741,694.66,1.9600000000000364,-1.4099999999999682,0.007173601147776,712.0,702.0,698.0,701.0,3800.0
2021-03-30,708.0,708.0,703.0,704.0,588.563232421875,3500.0,698.5,694.6,694.5733333333334,704.615,54.0,694.56,2.0,-1.4449999999999363,0.0114942528735633,712.0,705.0,702.0,704.0,4900.0
2021-03-31,705.0,705.0,703.0,705.0,589.3992919921875,4800.0,699.6,695.64,695.0533333333333,704.345,43.90243902439024,694.48,2.0799999999999272,-1.4449999999999363,0.0129310344827586,712.0,708.0,704.0,708.0,3500.0
2021-04-01,703.0,706.0,700.0,701.0,586.0552368164062,4900.0,700.55,696.52,695.48,704.055,40.90909090909091,694.2,2.106666666666684,-1.400000000000091,0.007183908045977,712.0,705.0,705.0,705.0,4800.0
2021-04-02,701.0,706.0,700.0,705.0,589.3992919921875,4700.0,701.7,697.64,695.96,703.775,55.0,694.0,2.2133333333333667,-1.375,-0.0139860139860139,712.0,706.0,701.0,703.0,4900.0
2021-04-03,701.0,706.0,700.0,705.0,589.3992919921875,4700.0,702.85,698.72,696.4,703.55,55.0,693.88,2.2799999999999727,-1.3400000000000318,-0.0084388185654008,712.0,706.0,705.0,701.0,4700.0
2021-04-04,701.0,706.0,700.0,705.0,589.3992919921875,4700.0,703.4,699.64,696.72,703.31,55.0,693.76,2.146666666666647,-1.3050000000000637,-0.0098314606741573,712.0,706.0,705.0,701.0,4700.0
2021-04-05,720.0,726.0,714.0,719.0,601.1036376953125,21800.0,704.35,701.08,697.1466666666666,703.135,60.869565217391305,693.92,2.093333333333362,-1.2100000000000364,0.0155367231638419,719.0,706.0,705.0,701.0,4700.0
2021-04-06,722.0,724.0,717.0,717.0,599.4315795898438,7200.0,704.7,702.48,697.56,702.985,55.55555555555556,694.14,2.0799999999999272,-1.0699999999999363,0.0112834978843441,719.0,726.0,719.0,720.0,21800.0
2021-04-07,720.0,723.0,718.0,723.0,604.4476928710938,6900.0,705.4,704.12,697.9866666666667,702.865,70.45454545454545,694.64,2.0266666666666424,-0.9099999999999682,0.0197461212976022,723.0,724.0,717.0,722.0,7200.0
2021-04-08,723.0,723.0,718.0,718.0,600.2676391601562,4300.0,706.25,705.56,698.3466666666667,702.72,72.09302325581396,694.78,1.9466666666667152,-0.8299999999999272,0.0126939351198871,723.0,723.0,723.0,720.0,6900.0
2021-04-09,722.0,724.0,717.0,724.0,605.2838134765625,4300.0,707.4,706.76,698.7866666666666,702.605,77.08333333333333,695.12,2.066666666666606,-0.7049999999999272,0.0211565585331452,724.0,723.0,718.0,723.0,4300.0
2021-04-10,722.0,724.0,717.0,724.0,605.2838134765625,4300.0,708.55,707.72,699.1733333333333,702.49,77.08333333333333,695.64,2.0266666666666424,-0.6449999999999818,0.0211565585331452,724.0,724.0,724.0,722.0,4300.0
2021-04-11,722.0,724.0,717.0,724.0,605.2838134765625,4300.0,709.3,708.28,699.5066666666667,702.395,77.08333333333333,696.16,1.9466666666667152,-0.5900000000000318,0.0125874125874125,724.0,724.0,724.0,722.0,4300.0
2021-04-12,725.0,727.0,715.0,722.0,603.6116943359375,10700.0,709.8,708.8,699.8266666666667,702.3,71.73913043478261,696.64,1.840000000000032,-0.5650000000000546,0.0097902097902098,724.0,724.0,724.0,722.0,4300.0
2021-04-13,722.0,744.0,722.0,741.0,619.4962768554688,19200.0,711.6,710.4,700.4133333333333,702.29,79.36507936507937,697.46,2.066666666666606,-0.4300000000000636,0.0421940928270041,741.0,727.0,722.0,725.0,10700.0
2021-04-14,740.0,750.0,731.0,749.0,626.1843872070312,12700.0,714.1,712.32,701.12,702.32,81.42857142857143,698.44,2.3333333333333712,-0.2849999999999681,0.0534458509142052,749.0,744.0,741.0,722.0,19200.0
2021-04-15,746.0,746.0,721.0,729.0,609.4639282226562,7900.0,715.65,713.44,701.56,702.25,66.27906976744185,699.06,2.386666666666656,-0.2400000000000091,0.0253164556962024,749.0,750.0,749.0,740.0,12700.0
2021-04-16,740.0,740.0,725.0,725.0,606.119873046875,6100.0,717.0,714.08,701.9466666666667,702.21,61.627906976744185,699.72,2.4400000000000546,-0.1849999999999454,0.0269121813031161,749.0,746.0,729.0,746.0,7900.0
2021-04-17,740.0,740.0,725.0,725.0,606.119873046875,6100.0,718.35,714.6,702.08,702.14,61.627906976744185,700.84,2.2533333333333303,-0.1599999999999681,0.0386819484240688,749.0,740.0,725.0,740.0,6100.0
2021-04-18,740.0,740.0,725.0,725.0,606.119873046875,6100.0,719.5,715.4,702.2666666666667,702.175,61.627906976744185,701.96,1.853333333333353,-0.1150000000000091,0.0196905766526018,749.0,740.0,725.0,740.0,6100.0
2021-04-19,727.0,730.0,720.0,723.0,604.4476928710938,19100.0,720.45,716.36,702.4133333333333,702.2,52.7027027027027,703.04,1.293333333333294,-0.1200000000000045,0.0226308345120225,749.0,740.0,725.0,740.0,6100.0
2021-04-20,728.0,730.0,723.0,729.0,609.4639282226562,5400.0,721.65,717.6,702.6933333333334,702.365,57.69230769230769,704.22,1.1333333333334394,0.1150000000000091,0.0444126074498567,749.0,730.0,723.0,727.0,19100.0
2021-04-21,725.0,727.0,718.0,725.0,606.119873046875,6700.0,722.85,718.68,702.9066666666666,702.51,51.315789473684205,705.22,0.9599999999999228,0.2999999999999545,0.0386819484240688,749.0,730.0,729.0,728.0,5400.0
2021-04-22,725.0,730.0,720.0,721.0,602.7757568359375,5400.0,723.65,719.6,703.0666666666667,702.635,51.99999999999999,706.12,0.9866666666666788,0.4950000000000045,0.0329512893982808,749.0,727.0,725.0,725.0,6700.0
2021-04-23,726.0,726.0,707.0,711.0,594.4154663085938,23400.0,723.95,719.96,703.0933333333334,702.625,41.77215189873418,706.78,0.8266666666667106,0.4500000000000455,0.0157142857142857,749.0,730.0,721.0,725.0,5400.0
2021-04-24,726.0,726.0,707.0,711.0,594.4154663085938,23400.0,724.25,720.24,703.12,702.59,41.77215189873418,707.42,0.7066666666667061,0.3899999999999863,0.0157142857142857,749.0,726.0,711.0,726.0,23400.0
2021-04-25,726.0,726.0,707.0,711.0,594.4154663085938,23400.0,723.85,720.48,703.1466666666666,702.485,41.77215189873418,708.06,0.4533333333332621,0.1200000000000045,0.0186246418338109,749.0,726.0,711.0,726.0,23400.0
2021-04-26,716.0,720.0,712.0,712.0,595.25146484375,13600.0,723.6,720.92,703.1066666666667,702.41,43.58974358974359,708.72,0.2000000000000454,-0.1000000000000227,0.0289017341040462,749.0,726.0,711.0,726.0,23400.0
2021-04-27,719.0,719.0,712.0,719.0,601.1036376953125,2500.0,723.4,721.48,703.16,702.28,33.33333333333333,709.56,0.0933333333332484,-0.3550000000000182,0.0747384155455903,749.0,720.0,712.0,716.0,13600.0
2021-04-28,718.0,720.0,716.0,716.0,598.5955810546875,2400.0,723.3,721.92,703.2266666666667,702.135,22.950819672131143,710.32,0.1333333333333257,-0.4900000000000091,0.0702541106128549,749.0,719.0,719.0,719.0,2500.0
2021-04-29,718.0,720.0,716.0,716.0,598.5955810546875,2400.0,722.9,722.36,703.2933333333333,701.99,34.14634146341464,711.0,0.1733333333332893,-0.6000000000000227,0.0702541106128549,749.0,720.0,716.0,718.0,2400.0
2021-04-30,711.0,712.0,705.0,708.0,591.9072875976562,8900.0,722.1,721.92,703.2533333333333,701.815,31.111111111111114,711.5,0.1066666666666833,-0.6699999999999591,0.0567164179104477,749.0,720.0,716.0,718.0,2400.0
2021-05-01,711.0,712.0,705.0,708.0,591.9072875976562,8900.0,721.3,721.56,703.28,701.66,31.111111111111114,712.02,0.1733333333332893,-0.75,0.0488888888888889,749.0,712.0,708.0,711.0,8900.0
2021-05-02,711.0,712.0,705.0,708.0,591.9072875976562,8900.0,720.6,720.96,703.4133333333333,701.52,31.111111111111114,712.54,0.2533333333333303,-0.7599999999999909,0.0473372781065088,749.0,712.0,708.0,711.0,8900.0
2021-05-03,711.0,712.0,705.0,708.0,591.9072875976562,8900.0,718.95,720.56,703.3733333333333,701.445,32.55813953488372,713.06,0.1466666666666469,-0.6899999999999409,0.0442477876106195,749.0,712.0,708.0,711.0,8900.0
2021-05-04,711.0,712.0,705.0,708.0,591.9072875976562,8900.0,716.9,719.92,703.3866666666667,701.39,21.62162162162161,713.34,0.0933333333333621,-0.6000000000000227,0.0427098674521355,729.0,712.0,708.0,711.0,8900.0
2021-05-05,711.0,712.0,705.0,708.0,591.9072875976562,8900.0,715.85,719.28,703.52,701.335,24.242424242424235,713.5,0.2666666666666515,-0.4800000000000182,0.0427098674521355,729.0,712.0,708.0,711.0,8900.0
2021-05-06,711.0,722.0,711.0,722.0,603.6116943359375,4700.0,715.7,719.2,703.84,701.35,51.16279069767442,713.74,0.5600000000000591,-0.3099999999999454,0.0633284241531664,729.0,712.0,708.0,711.0,8900.0
2021-05-07,722.0,728.0,722.0,724.0,605.2838134765625,5800.0,715.65,719.28,704.1866666666666,701.335,68.57142857142857,714.04,0.7733333333333121,-0.1849999999999454,0.069423929098966,729.0,722.0,722.0,711.0,4700.0
2021-05-08,722.0,728.0,722.0,724.0,605.2838134765625,5800.0,715.6,718.6,704.5066666666667,701.35,68.57142857142857,714.5,1.1333333333333258,-0.0950000000000272,0.0678466076696164,729.0,728.0,724.0,722.0,5800.0
2021-05-09,722.0,728.0,722.0,724.0,605.2838134765625,5800.0,715.65,717.6,704.8266666666667,701.355,68.57142857142857,714.96,1.4400000000000546,-0.0349999999999681,0.0615835777126099,729.0,728.0,724.0,722.0,5800.0
2021-05-10,730.0,733.0,724.0,725.0,606.119873046875,4100.0,715.45,717.44,705.1866666666666,701.395,68.57142857142857,715.44,1.6666666666666288,0.0599999999999454,0.061493411420205,725.0,728.0,724.0,722.0,5800.0
2021-05-11,723.0,729.0,720.0,728.0,608.6278686523438,4400.0,715.6,717.56,705.6666666666666,701.49,64.51612903225806,715.82,1.826666666666597,0.1399999999999863,0.0674486803519061,728.0,733.0,725.0,730.0,4100.0
2021-05-12,728.0,731.0,715.0,725.0,606.119873046875,6000.0,715.8,717.56,706.4133333333333,701.57,64.51612903225806,716.08,2.226666666666688,0.2350000000000136,0.0630498533724339,728.0,729.0,728.0,723.0,4400.0
2021-05-13,720.0,720.0,713.0,714.0,596.9235229492188,3000.0,715.95,717.12,707.0133333333333,701.595,47.61904761904762,716.26,2.5066666666666606,0.2450000000000045,0.0469208211143694,728.0,731.0,725.0,728.0,6000.0
2021-05-14,715.0,723.0,712.0,723.0,604.4476928710938,6600.0,716.55,717.12,707.7333333333333,701.635,67.44186046511628,716.74,2.906666666666638,0.2799999999999727,0.0417867435158501,728.0,720.0,714.0,720.0,3000.0
2021-05-15,715.0,723.0,712.0,723.0,604.4476928710938,6600.0,717.15,716.88,708.44,701.685,67.44186046511628,717.24,3.253333333333444,0.2899999999999636,0.0328571428571429,728.0,723.0,723.0,715.0,6600.0
2021-05-16,715.0,723.0,712.0,723.0,604.4476928710938,6600.0,717.7,716.8,709.08,701.785,67.44186046511628,717.74,3.413333333333412,0.2949999999999591,0.0183098591549295,728.0,723.0,723.0,715.0,6600.0
2021-05-17,720.0,723.0,694.0,700.0,585.2191162109375,28000.0,716.75,715.96,709.4,701.75,43.93939393939394,717.78,2.986666666666679,0.1799999999999499,-0.0126939351198871,728.0,723.0,723.0,715.0,6600.0
2021-05-18,707.0,707.0,700.0,703.0,587.727294921875,3800.0,716.1,715.64,709.7333333333333,701.775,46.3768115942029,717.8,2.720000000000028,0.1799999999999499,0.0028530670470756,728.0,723.0,700.0,720.0,28000.0
2021-05-19,706.0,706.0,694.0,705.0,589.3992919921875,7600.0,715.55,715.4,710.08,701.81,47.88732394366197,717.82,2.3466666666666924,0.1749999999999545,0.0057061340941511,728.0,707.0,703.0,707.0,3800.0
2021-05-20,699.0,708.0,699.0,702.0,586.8911743164062,4500.0,715.25,715.04,710.3866666666667,701.83,33.33333333333333,717.76,1.9466666666666013,0.1450000000000955,0.0014265335235377,728.0,706.0,705.0,706.0,7600.0
2021-05-21,706.0,706.0,699.0,705.0,589.3992919921875,4300.0,715.1,714.76,710.7333333333333,701.815,34.42622950819671,717.84,1.6533333333333076,0.0300000000000864,-0.005641748942172,728.0,708.0,702.0,699.0,4500.0
2021-05-22,706.0,706.0,699.0,705.0,589.3992919921875,4300.0,714.95,714.2,711.1066666666667,701.8,34.42622950819671,717.84,1.706666666666706,0.0499999999999545,-0.0098314606741573,728.0,706.0,705.0,706.0,4300.0
2021-05-23,706.0,706.0,699.0,705.0,589.3992919921875,4300.0,714.8,713.76,711.4666666666667,701.755,34.42622950819671,717.84,1.7333333333333485,-0.0199999999999818,0.0,728.0,706.0,705.0,706.0,4300.0
2021-05-24,707.0,711.0,705.0,710.0,593.579345703125,3500.0,714.9,713.52,711.84,701.7,38.46153846153846,717.94,1.759999999999991,-0.1099999999998999,0.0157367668097281,728.0,706.0,705.0,706.0,4300.0
2021-05-25,710.0,711.0,705.0,707.0,591.0713500976562,2700.0,714.85,713.48,712.16,701.65,33.846153846153854,717.7,1.773333333333312,-0.1800000000000636,0.012893982808023,728.0,711.0,710.0,707.0,3500.0
2021-05-26,707.0,710.0,700.0,705.0,589.3992919921875,3600.0,714.0,713.36,712.4666666666667,701.59,34.375,717.46,1.7333333333333485,-0.2250000000000227,0.010028653295129,728.0,711.0,707.0,710.0,2700.0
2021-05-27,702.0,707.0,702.0,702.0,586.8911743164062,3600.0,712.9,713.12,712.7333333333333,701.515,39.285714285714285,717.04,1.6266666666666652,-0.2849999999999681,0.0057306590257879,728.0,710.0,705.0,707.0,3600.0
2021-05-28,702.0,707.0,702.0,707.0,591.0713500976562,2900.0,712.05,713.08,713.0666666666667,701.41,34.61538461538463,716.82,1.6000000000000227,-0.3450000000000273,0.0071225071225071,728.0,707.0,702.0,702.0,3600.0
2021-05-29,702.0,707.0,702.0,707.0,591.0713500976562,2900.0,711.2,713.04,713.24,701.31,34.61538461538463,716.48,1.3999999999999773,-0.3900000000001,0.0042613636363635,728.0,707.0,707.0,702.0,2900.0
2021-05-30,702.0,707.0,702.0,707.0,591.0713500976562,2900.0,710.3,713.0,713.3333333333334,701.21,34.61538461538463,716.14,1.173333333333403,-0.4399999999999409,0.0028368794326241,728.0,707.0,707.0,702.0,2900.0
2021-05-31,704.0,708.0,702.0,702.0,586.8911743164062,5200.0,709.0,712.2,713.2266666666667,701.075,52.94117647058823,715.7,0.7599999999999909,-0.5149999999999864,0.0014265335235377,725.0,707.0,707.0,702.0,2900.0
2021-06-01,702.0,705.0,692.0,694.0,580.2030029296875,15600.0,707.45,711.0,713.0266666666666,700.895,38.46153846153846,715.14,0.2933333333332939,-0.6200000000000045,-0.0156028368794326,723.0,708.0,702.0,704.0,5200.0
2021-06-02,697.0,698.0,694.0,697.0,582.7110595703125,3700.0,706.6,709.92,712.9733333333334,700.73,39.99999999999999,714.26,-0.0933333333333621,-0.67999999999995,-0.0113475177304964,723.0,705.0,694.0,702.0,15600.0
2021-06-03,699.0,701.0,699.0,701.0,586.0552368164062,3400.0,705.5,709.0,712.9733333333334,700.585,48.78048780487806,713.3,-0.2666666666666515,-0.724999999999909,-0.0056737588652482,723.0,698.0,697.0,697.0,3700.0
2021-06-04,701.0,705.0,701.0,704.0,588.563232421875,4000.0,704.55,708.16,713.0133333333333,700.375,48.78048780487806,712.8,-0.32000000000005,-0.8350000000000364,-0.0208623087621696,723.0,701.0,701.0,699.0,3400.0
2021-06-05,701.0,705.0,701.0,704.0,588.563232421875,4000.0,703.6,707.2,712.9466666666667,700.185,48.78048780487806,712.38,-0.2799999999999727,-0.8900000000001,-0.0181311018131101,710.0,705.0,704.0,701.0,4000.0
2021-06-06,701.0,705.0,701.0,704.0,588.563232421875,4000.0,703.8,706.36,712.84,699.98,48.78048780487806,711.96,-0.1866666666666105,-0.9149999999999636,-0.0262793914246196,710.0,705.0,704.0,701.0,4000.0
2021-06-07,705.0,706.0,705.0,706.0,590.2352905273438,2500.0,703.95,706.04,712.8533333333334,699.765,44.73684210526315,711.58,-0.1200000000000045,-0.9650000000000318,-0.0167130919220055,710.0,705.0,704.0,701.0,4000.0
2021-06-08,706.0,706.0,705.0,706.0,590.2352905273438,1000.0,704.0,705.36,712.9466666666667,699.525,48.57142857142856,711.24,-0.0266666666666424,-1.0600000000000591,-0.0248618784530386,710.0,706.0,706.0,705.0,2500.0
2021-06-09,706.0,709.0,702.0,709.0,592.743408203125,3300.0,704.35,704.8,713.0933333333334,699.3,55.55555555555556,710.84,0.0800000000000409,-1.0750000000000457,-0.0207182320441988,710.0,706.0,706.0,706.0,1000.0
2021-06-10,709.0,709.0,707.0,708.0,591.9072875976562,2100.0,704.5,704.2,713.2266666666667,699.07,58.82352941176471,710.5,0.2799999999999727,-1.1149999999998954,-0.0220994475138122,710.0,709.0,709.0,706.0,3300.0
2021-06-11,708.0,708.0,705.0,706.0,590.2352905273438,1000.0,704.55,704.44,713.3333333333334,698.83,48.38709677419355,710.2,0.4933333333333394,-1.1499999999999773,-0.0221606648199446,710.0,709.0,708.0,709.0,2100.0
2021-06-12,708.0,708.0,705.0,706.0,590.2352905273438,1000.0,704.6,704.56,713.3866666666667,698.64,48.38709677419355,710.1,0.533333333333303,-1.125,-0.0472334682860998,710.0,708.0,706.0,708.0,1000.0
2021-06-13,708.0,708.0,705.0,706.0,590.2352905273438,1000.0,704.4,704.6,713.4133333333333,698.46,48.38709677419355,710.0,0.4666666666665833,-1.0649999999999409,-0.0574098798397864,709.0,708.0,706.0,708.0,1000.0
2021-06-14,707.0,709.0,705.0,708.0,591.9072875976562,2700.0,704.45,704.84,713.4533333333334,698.335,60.71428571428572,709.94,0.3600000000000136,-0.964999999999918,-0.0288065843621398,709.0,708.0,706.0,708.0,1000.0
2021-06-15,709.0,710.0,703.0,705.0,589.3992919921875,5600.0,704.45,704.84,713.5066666666667,698.37,73.91304347826087,709.8,0.2799999999999727,-0.7000000000000455,-0.0275862068965517,709.0,709.0,708.0,707.0,2700.0
2021-06-16,705.0,708.0,705.0,705.0,589.3992919921875,900.0,704.6,704.84,713.5066666666667,698.405,70.0,709.52,0.1733333333332893,-0.4250000000000682,-0.0275862068965517,709.0,710.0,705.0,709.0,5600.0
2021-06-17,707.0,707.0,705.0,706.0,590.2352905273438,1200.0,704.55,704.88,713.52,698.445,64.70588235294119,709.32,0.1333333333333257,-0.1949999999999363,-0.0262068965517241,709.0,708.0,705.0,705.0,900.0
2021-06-18,705.0,705.0,701.0,701.0,586.0552368164062,3700.0,704.25,704.52,713.4666666666667,698.485,42.10526315789474,709.02,0.0533333333333985,0.0249999999999772,-0.0304287690179806,709.0,707.0,706.0,707.0,1200.0
2021-06-19,705.0,705.0,701.0,701.0,586.0552368164062,3700.0,703.95,704.28,713.2266666666667,698.525,42.10526315789474,708.88,-0.2266666666666879,0.1899999999999408,-0.0384087791495199,709.0,705.0,701.0,705.0,3700.0
2021-06-20,705.0,705.0,701.0,701.0,586.0552368164062,3700.0,703.9,704.12,713.0133333333333,698.525,42.10526315789474,708.74,-0.4933333333333394,0.1549999999999727,-0.033103448275862,709.0,705.0,701.0,705.0,3700.0
2021-06-21,702.0,702.0,696.0,696.0,581.875,7200.0,704.0,703.88,712.6533333333333,698.525,27.272727272727263,708.5,-0.853333333333353,0.1200000000000045,-0.0346740638002773,709.0,705.0,701.0,705.0,3700.0
2021-06-22,702.0,702.0,700.0,700.0,585.2191162109375,2500.0,704.15,703.6,712.4133333333333,698.555,38.46153846153846,708.34,-1.1066666666666831,0.1099999999998999,-0.0154711673699015,709.0,702.0,696.0,702.0,7200.0
2021-06-23,700.0,701.0,700.0,700.0,585.2191162109375,1000.0,704.1,703.32,712.0933333333334,698.585,30.434782608695656,708.18,-1.3733333333333348,0.1000000000000227,-0.0154711673699015,709.0,702.0,700.0,702.0,2500.0
2021-06-24,697.0,701.0,697.0,699.0,584.3831176757812,2800.0,703.85,703.0,711.76,698.61,30.434782608695656,708.0,-1.466666666666697,0.0850000000000363,-0.0168776371308017,709.0,701.0,700.0,700.0,1000.0
2021-06-25,703.0,703.0,698.0,700.0,585.2191162109375,1900.0,703.65,702.92,711.44,698.66,36.36363636363636,707.56,-1.5733333333332666,0.1349999999999909,-0.0168539325842697,709.0,701.0,699.0,697.0,2800.0
2021-06-26,703.0,703.0,698.0,700.0,585.2191162109375,1900.0,703.45,703.16,711.1466666666666,698.725,36.36363636363636,707.08,-1.5066666666666606,0.2000000000000454,-0.0264255910987483,709.0,703.0,700.0,703.0,1900.0
2021-06-27,703.0,703.0,698.0,700.0,585.2191162109375,1900.0,703.15,703.28,710.6,698.785,36.36363636363636,706.6,-1.813333333333276,0.2300000000000182,-0.0223463687150837,709.0,703.0,700.0,703.0,1900.0
2021-06-28,701.0,704.0,700.0,704.0,588.563232421875,2200.0,703.05,703.4,710.0,698.84,41.66666666666667,706.2,-2.093333333333362,0.2549999999999954,-0.0167597765363128,709.0,703.0,700.0,703.0,1900.0
2021-06-29,704.0,709.0,704.0,709.0,592.743408203125,2900.0,703.05,703.6,709.7333333333333,698.91,57.692307692307686,705.88,-2.0266666666666424,0.2999999999999545,0.0014124293785311,709.0,704.0,704.0,701.0,2200.0
2021-06-30,708.0,710.0,705.0,710.0,593.579345703125,3400.0,703.15,703.84,709.5333333333333,698.985,59.25925925925926,705.52,-1.906666666666752,0.3250000000000455,0.002824858757062,710.0,709.0,709.0,704.0,2900.0
2021-07-01,710.0,712.0,709.0,712.0,595.25146484375,1800.0,703.45,704.16,709.36,699.07,60.71428571428572,705.26,-1.786666666666633,0.3450000000000273,0.0056497175141243,712.0,710.0,710.0,708.0,3400.0
2021-07-02,712.0,714.0,710.0,712.0,595.25146484375,1800.0,703.75,704.4,709.1866666666666,699.165,73.91304347826087,705.22,-1.4133333333334122,0.3799999999999954,0.0056497175141243,712.0,712.0,712.0,710.0,1800.0
2021-07-03,712.0,714.0,710.0,712.0,595.25146484375,1800.0,704.05,704.64,709.04,699.265,73.91304347826087,705.0,-0.9600000000000364,0.4249999999999545,0.0056497175141243,712.0,714.0,712.0,712.0,1800.0
2021-07-04,712.0,714.0,710.0,712.0,595.25146484375,1800.0,704.25,704.76,708.8133333333334,699.375,73.91304347826087,704.78,-0.9199999999999592,0.4650000000000318,0.0056497175141243,712.0,714.0,712.0,712.0,1800.0
2021-07-05,713.0,719.0,712.0,714.0,596.9235229492188,4500.0,704.7,705.0,708.6666666666666,699.495,95.0,704.6,-0.8666666666666742,0.5099999999999909,-0.0110803324099723,714.0,714.0,712.0,712.0,1800.0
2021-07-06,716.0,717.0,713.0,716.0,598.5955810546875,3700.0,705.25,705.4,708.6,699.645,94.44444444444444,704.92,-0.7599999999999909,0.5749999999999318,-0.011049723756906,716.0,719.0,714.0,713.0,4500.0
2021-07-07,717.0,717.0,710.0,711.0,594.4154663085938,6400.0,705.5,705.6,708.6,699.77,73.91304347826087,705.08,-0.5866666666665878,0.6050000000000182,-0.0179558011049724,716.0,717.0,716.0,716.0,3700.0
2021-07-08,711.0,715.0,710.0,711.0,594.4154663085938,2200.0,706.0,705.8,708.6,699.895,77.27272727272727,705.2,-0.4399999999999409,0.6299999999999955,-0.0179558011049724,716.0,717.0,711.0,717.0,6400.0
2021-07-09,706.0,715.0,704.0,715.0,597.7595825195312,4100.0,706.7,706.08,708.6533333333333,700.025,80.0,705.46,-0.1600000000000818,0.6499999999999773,-0.0137931034482758,716.0,715.0,711.0,711.0,2200.0
2021-07-10,706.0,715.0,704.0,715.0,597.7595825195312,4100.0,707.4,706.48,708.6933333333334,700.21,80.0,705.66,0.0266666666667561,0.7150000000000318,-0.0178571428571429,716.0,715.0,715.0,706.0,4100.0
2021-07-11,706.0,715.0,704.0,715.0,597.7595825195312,4100.0,708.35,706.88,708.64,700.395,80.0,705.86,0.0399999999999636,0.75,-0.0137931034482758,716.0,715.0,715.0,706.0,4100.0
2021-07-12,720.0,720.0,710.0,713.0,596.0874633789062,3600.0,709.0,707.16,708.6,700.6,69.56521739130434,706.02,0.0,0.8300000000000409,-0.0014005602240896,716.0,715.0,715.0,706.0,4100.0
2021-07-13,712.0,715.0,711.0,715.0,597.7595825195312,1800.0,709.75,707.72,708.5866666666667,700.84,65.0,706.12,-0.0133333333333212,0.94500000000005,-0.0110650069156292,716.0,720.0,713.0,720.0,3600.0
2021-07-14,715.0,715.0,711.0,713.0,596.0874633789062,3600.0,710.45,708.2,708.6533333333333,701.07,57.14285714285714,706.24,0.0,1.0450000000000728,-0.0138312586445366,716.0,715.0,715.0,712.0,1800.0
2021-07-15,713.0,716.0,711.0,712.0,595.25146484375,2100.0,711.05,708.64,708.7066666666667,701.295,50.0,706.38,0.0133333333333212,1.0849999999999227,-0.0152143845089902,716.0,715.0,713.0,715.0,3600.0
2021-07-16,712.0,712.0,710.0,710.0,593.579345703125,4100.0,711.55,709.2,708.7333333333333,701.55,45.45454545454546,706.54,0.0933333333333621,1.1549999999999727,0.0142857142857142,716.0,716.0,712.0,713.0,2100.0
2021-07-17,712.0,712.0,710.0,710.0,593.579345703125,4100.0,712.05,709.6,708.76,701.775,45.45454545454546,706.6,0.1599999999999681,1.1749999999999543,0.0099573257467995,716.0,712.0,710.0,712.0,4100.0
2021-07-18,712.0,712.0,710.0,710.0,593.579345703125,4100.0,712.35,710.0,708.7866666666666,702.005,45.45454545454546,706.66,0.1999999999999318,1.1649999999999636,0.0070921985815601,716.0,712.0,710.0,712.0,4100.0
2021-07-19,712.0,712.0,702.0,710.0,593.579345703125,10800.0,712.4,710.44,708.8133333333334,702.235,39.99999999999999,706.72,0.1600000000000818,1.1649999999999636,0.0113960113960114,716.0,712.0,710.0,712.0,4100.0
2021-07-20,708.0,708.0,700.0,700.0,585.2191162109375,14100.0,711.9,710.44,708.52,702.415,21.42857142857143,706.68,-0.1866666666667242,1.1200000000000043,-0.0070921985815602,716.0,712.0,710.0,712.0,10800.0
2021-07-21,714.0,714.0,704.0,705.0,589.3992919921875,9900.0,711.55,710.64,708.2666666666667,702.62,39.285714285714285,706.9,-0.466666666666697,1.07000000000005,0.0,716.0,708.0,700.0,708.0,14100.0
2021-07-22,714.0,714.0,704.0,705.0,589.3992919921875,9900.0,711.2,710.84,708.0133333333333,702.825,39.285714285714285,707.06,-0.7466666666666697,1.0500000000000682,0.0,716.0,714.0,705.0,714.0,9900.0
2021-07-23,714.0,714.0,704.0,705.0,589.3992919921875,9900.0,710.85,710.88,707.76,703.03,29.16666666666667,707.14,-1.0266666666666424,1.0249999999999773,-0.0070422535211267,716.0,714.0,705.0,714.0,9900.0
2021-07-24,714.0,714.0,704.0,705.0,589.3992919921875,9900.0,710.5,710.72,707.4933333333333,703.2,29.16666666666667,707.16,-1.32000000000005,0.9650000000000318,-0.0028288543140028,716.0,714.0,705.0,714.0,9900.0
2021-07-25,714.0,714.0,704.0,705.0,589.3992919921875,9900.0,710.05,710.52,707.1866666666666,703.325,29.16666666666667,707.18,-1.3333333333333712,0.910000000000082,0.0,716.0,714.0,705.0,714.0,9900.0
2021-07-26,710.0,713.0,710.0,710.0,593.579345703125,1900.0,709.75,710.44,706.9866666666667,703.515,44.44444444444444,707.3,-1.2799999999999727,0.8949999999999818,0.0113960113960114,715.0,714.0,705.0,714.0,9900.0
2021-07-27,705.0,712.0,705.0,710.0,593.579345703125,2500.0,709.7,710.36,706.9333333333333,703.725,40.0,707.38,-1.080000000000041,0.8999999999999773,0.0042432814710042,715.0,713.0,710.0,710.0,1900.0
2021-07-28,713.0,714.0,708.0,710.0,593.579345703125,1500.0,709.65,710.28,706.76,703.935,43.47826086956522,707.46,-1.0,0.9049999999999728,0.0042432814710042,715.0,712.0,710.0,705.0,2500.0
2021-07-29,713.0,717.0,710.0,711.0,594.4154663085938,2500.0,709.45,710.24,706.6,704.15,47.82608695652174,707.5,-0.8933333333333167,0.9499999999999318,0.0056577086280056,715.0,714.0,710.0,713.0,1500.0
2021-07-30,711.0,715.0,711.0,715.0,597.7595825195312,2000.0,709.45,710.28,706.4933333333333,704.385,60.0,707.64,-0.6933333333332712,1.0599999999999454,0.0185185185185186,715.0,717.0,711.0,713.0,2500.0
2021-07-31,711.0,715.0,711.0,715.0,597.7595825195312,2000.0,709.45,710.24,706.6933333333334,704.61,60.0,707.82,-0.2933333333332939,1.0950000000000273,0.0302593659942362,715.0,715.0,715.0,711.0,2000.0
2021-08-01,711.0,715.0,711.0,715.0,597.7595825195312,2000.0,709.55,710.4,706.8533333333334,704.815,60.0,708.0,-0.0799999999999272,1.0900000000000318,0.0258249641319943,715.0,715.0,715.0,711.0,2000.0
2021-08-02,715.0,719.0,715.0,718.0,600.2676391601562,2300.0,709.7,710.68,707.0266666666666,705.055,64.28571428571428,708.24,0.2666666666666515,1.1200000000000043,0.0242510699001425,718.0,715.0,715.0,711.0,2000.0
2021-08-03,718.0,719.0,715.0,717.0,599.4315795898438,1600.0,709.9,710.76,707.2266666666667,705.295,94.73684210526316,708.42,0.6266666666666652,1.1449999999999818,0.0184659090909091,718.0,719.0,718.0,715.0,2300.0
2021-08-04,716.0,716.0,714.0,716.0,598.5955810546875,1000.0,710.1,710.8,707.3733333333333,705.53,86.66666666666667,708.64,0.8799999999999955,1.1449999999999818,0.0170454545454545,718.0,719.0,717.0,718.0,1600.0
2021-08-05,715.0,716.0,710.0,710.0,593.579345703125,6600.0,710.1,710.6,707.44,705.735,61.90476190476191,708.74,0.7466666666666697,1.125,0.0085227272727272,718.0,716.0,716.0,716.0,1000.0
2021-08-06,715.0,715.0,710.0,711.0,594.4154663085938,3200.0,710.15,710.52,707.52,705.93,63.63636363636363,708.84,0.6666666666666288,1.1149999999998954,0.0070821529745042,718.0,716.0,710.0,715.0,6600.0
2021-08-07,715.0,715.0,710.0,711.0,594.4154663085938,3200.0,710.2,710.36,707.5333333333333,706.08,63.63636363636363,709.04,0.5066666666666606,1.025000000000091,0.0070821529745042,718.0,715.0,711.0,715.0,3200.0
2021-08-08,715.0,715.0,710.0,711.0,594.4154663085938,3200.0,710.25,710.28,707.5866666666667,706.2,63.63636363636363,709.24,0.3600000000000136,0.9050000000000864,0.002820874471086,718.0,715.0,711.0,715.0,3200.0
2021-08-09,715.0,715.0,710.0,711.0,594.4154663085938,3200.0,710.8,710.24,707.6666666666666,706.325,52.94117647058823,709.44,0.2933333333332939,0.7950000000000728,0.0042372881355932,718.0,715.0,711.0,715.0,3200.0
2021-08-10,712.0,729.0,710.0,716.0,598.5955810546875,7100.0,711.35,710.48,707.8533333333334,706.45,63.63636363636363,709.84,0.4133333333332984,0.7150000000000318,0.0141643059490084,718.0,715.0,711.0,715.0,3200.0
2021-08-11,718.0,719.0,715.0,718.0,600.2676391601562,1700.0,712.0,710.8,708.0,706.585,66.66666666666666,710.2,0.4800000000000182,0.6550000000000864,0.0169971671388102,718.0,729.0,716.0,712.0,7100.0
2021-08-12,719.0,719.0,714.0,714.0,596.9235229492188,1800.0,712.45,710.96,708.0933333333334,706.7,55.55555555555556,710.48,0.5600000000000591,0.6200000000000045,0.0113314447592067,718.0,719.0,718.0,718.0,1700.0
2021-08-13,716.0,716.0,706.0,711.0,594.4154663085938,5800.0,712.75,711.0,708.1466666666666,706.78,42.30769230769231,710.72,0.5599999999999454,0.5799999999999272,0.0042372881355932,718.0,719.0,714.0,719.0,1800.0
2021-08-14,716.0,716.0,706.0,711.0,594.4154663085938,5800.0,713.05,711.44,708.2666666666667,706.84,42.30769230769231,710.94,0.6000000000000227,0.5149999999999864,0.0085106382978723,718.0,716.0,711.0,716.0,5800.0
2021-08-15,716.0,716.0,706.0,711.0,594.4154663085938,5800.0,713.1,711.68,708.4933333333333,706.905,42.30769230769231,711.16,0.6399999999999864,0.4549999999999272,0.0085106382978723,718.0,716.0,711.0,716.0,5800.0
2021-08-16,717.0,717.0,709.0,711.0,594.4154663085938,3100.0,713.15,711.92,708.68,706.975,34.78260869565217,711.38,0.67999999999995,0.3899999999999863,0.0070821529745042,718.0,716.0,711.0,716.0,5800.0
2021-08-17,710.0,713.0,708.0,710.0,593.579345703125,3100.0,713.15,712.12,708.8,707.045,34.78260869565217,711.5,0.7066666666665924,0.3449999999999136,0.0128388017118401,718.0,717.0,711.0,717.0,3100.0
2021-08-18,714.0,714.0,713.0,714.0,596.9235229492188,2700.0,713.3,712.48,708.9333333333333,707.135,46.15384615384615,711.6,0.7866666666666333,0.3550000000000182,0.0185449358059914,718.0,713.0,710.0,710.0,3100.0
2021-08-19,715.0,715.0,709.0,711.0,594.4154663085938,2300.0,713.1,712.72,709.0266666666666,707.21,52.17391304347826,711.62,0.7599999999999909,0.3700000000000045,0.014265335235378,718.0,714.0,714.0,714.0,2700.0
2021-08-20,710.0,713.0,709.0,709.0,592.743408203125,1400.0,712.8,712.68,709.0933333333334,707.18,45.833333333333336,711.56,0.6000000000000227,0.2749999999999772,0.0186781609195403,718.0,715.0,711.0,715.0,2300.0
2021-08-21,710.0,713.0,709.0,709.0,592.743408203125,1400.0,712.5,712.64,709.1333333333333,707.17,45.833333333333336,711.5,0.4533333333333758,0.1949999999999363,0.0128571428571429,718.0,713.0,709.0,710.0,1400.0
2021-08-22,710.0,713.0,709.0,709.0,592.743408203125,1400.0,712.05,712.6,709.1733333333333,707.155,45.833333333333336,711.44,0.3733333333333348,0.1100000000000136,0.0128571428571429,718.0,713.0,709.0,710.0,1400.0
2021-08-23,713.0,713.0,709.0,711.0,594.4154663085938,3700.0,711.75,712.6,709.2,707.17,50.0,711.42,0.2666666666667652,0.0349999999999681,0.0171673819742488,718.0,713.0,709.0,710.0,1400.0
2021-08-24,711.0,712.0,711.0,711.0,594.4154663085938,800.0,711.5,712.44,709.24,707.18,38.095238095238095,711.36,0.2133333333333666,-0.0300000000000864,0.0157142857142857,718.0,713.0,711.0,713.0,3700.0
2021-08-25,717.0,717.0,712.0,715.0,597.7595825195312,2400.0,711.75,712.44,709.36,707.21,43.47826086956522,711.34,0.2666666666666515,0.0300000000000864,0.0214285714285713,718.0,712.0,711.0,711.0,800.0
2021-08-26,713.0,715.0,713.0,715.0,597.7595825195312,1500.0,711.95,712.44,709.48,707.24,52.631578947368425,711.42,0.3466666666666924,0.07000000000005,0.0214285714285713,718.0,717.0,715.0,717.0,2400.0
2021-08-27,715.0,715.0,710.0,713.0,596.0874633789062,4400.0,712.05,712.24,709.5733333333334,707.26,55.55555555555556,711.46,0.4000000000000909,0.1050000000000181,0.0127840909090908,718.0,715.0,715.0,713.0,1500.0
2021-08-28,715.0,715.0,710.0,713.0,596.0874633789062,4400.0,712.15,712.08,709.64,707.28,55.55555555555556,711.42,0.4399999999999409,0.1100000000000136,0.005641748942172,718.0,715.0,713.0,715.0,4400.0
2021-08-29,715.0,715.0,710.0,713.0,596.0874633789062,4400.0,712.25,711.96,709.7466666666667,707.27,55.55555555555556,711.38,0.5066666666666606,0.0900000000000318,0.004225352112676,718.0,715.0,713.0,715.0,4400.0
2021-08-30,716.0,719.0,716.0,719.0,601.1036376953125,3700.0,712.4,712.32,709.9333333333333,707.29,66.66666666666666,711.46,0.5733333333332666,0.0799999999999272,0.0098314606741574,719.0,715.0,713.0,715.0,4400.0
2021-08-31,719.0,725.0,716.0,724.0,605.2838134765625,5100.0,712.7,712.84,710.1733333333333,707.355,75.0,711.68,0.6933333333332712,0.1150000000000091,0.0168539325842695,724.0,719.0,719.0,716.0,3700.0
2021-09-01,727.0,728.0,723.0,723.0,604.4476928710938,3800.0,713.15,713.32,710.4666666666667,707.415,68.0,711.84,0.8933333333333167,0.1549999999999727,0.0154494382022472,724.0,725.0,724.0,719.0,5100.0
2021-09-02,722.0,724.0,720.0,722.0,603.6116943359375,3400.0,713.7,713.76,710.7466666666667,707.47,73.91304347826087,712.02,1.1066666666666831,0.1900000000000545,0.0140449438202248,724.0,728.0,723.0,727.0,3800.0
2021-09-03,723.0,725.0,721.0,724.0,605.2838134765625,4300.0,714.35,714.28,711.0533333333333,707.56,82.6086956521739,712.26,1.3066666666666151,0.2899999999999636,0.0140056022408963,724.0,724.0,722.0,722.0,3400.0
2021-09-04,723.0,725.0,721.0,724.0,605.2838134765625,4300.0,715.0,714.6,711.4266666666666,707.69,82.6086956521739,712.54,1.4933333333333394,0.4000000000000909,0.0111731843575419,724.0,725.0,724.0,723.0,4300.0
2021-09-05,723.0,725.0,721.0,724.0,605.2838134765625,4300.0,715.65,714.84,711.7466666666667,707.755,82.6086956521739,712.82,1.5733333333333803,0.3999999999999772,0.0182841068917019,724.0,725.0,724.0,723.0,4300.0
2021-09-06,726.0,733.0,726.0,730.0,610.2999267578125,7200.0,716.65,715.48,712.1466666666666,707.87,85.18518518518519,713.22,1.67999999999995,0.4550000000000409,0.0267229254571026,730.0,725.0,724.0,723.0,4300.0
2021-09-07,734.0,734.0,729.0,732.0,611.9719848632812,4600.0,717.55,716.32,712.5866666666667,708.04,86.20689655172414,713.66,1.840000000000032,0.5699999999999363,0.0237762237762237,732.0,733.0,730.0,726.0,7200.0
2021-09-08,734.0,735.0,731.0,735.0,614.4801635742188,4600.0,718.75,717.28,713.0533333333333,708.225,85.71428571428571,714.36,2.0,0.6650000000000773,0.0279720279720279,735.0,734.0,732.0,734.0,4600.0
2021-09-09,735.0,735.0,733.0,735.0,614.4801635742188,4300.0,720.05,718.24,713.52,708.41,85.71428571428571,714.96,2.093333333333362,0.7199999999999136,0.0279720279720279,735.0,735.0,735.0,734.0,4600.0
2021-09-10,735.0,741.0,734.0,741.0,619.4962768554688,6400.0,721.65,719.44,714.0666666666667,708.615,93.75,715.68,2.32000000000005,0.8600000000000136,0.0392706872370267,741.0,735.0,735.0,735.0,4300.0
2021-09-11,735.0,741.0,734.0,741.0,619.4962768554688,6400.0,723.25,720.68,714.56,708.82,93.75,716.4,2.4133333333332985,0.9500000000000456,0.0363636363636363,741.0,741.0,741.0,735.0,6400.0
2021-09-12,735.0,741.0,734.0,741.0,619.4962768554688,6400.0,724.75,721.76,714.9866666666667,709.035,93.75,717.12,2.3999999999999773,0.9950000000000044,0.0392706872370267,741.0,741.0,741.0,735.0,6400.0
2021-09-13,744.0,745.0,738.0,743.0,621.1682739257812,8500.0,726.35,723.04,715.4266666666666,709.29,92.85714285714286,717.88,2.373333333333335,1.0649999999999409,0.0435393258426966,743.0,741.0,741.0,735.0,6400.0
2021-09-14,744.0,746.0,741.0,742.0,620.3323364257812,5600.0,727.7,724.36,715.8266666666667,709.655,87.5,718.52,2.306666666666729,1.2450000000000043,0.0450704225352112,743.0,745.0,743.0,744.0,8500.0
2021-09-15,743.0,743.0,740.0,740.0,618.6602172851562,4700.0,728.95,725.6,716.2,710.01,84.0,719.12,2.1333333333333258,1.3949999999999818,0.0422535211267605,743.0,746.0,742.0,744.0,5600.0
2021-09-16,740.0,742.0,740.0,740.0,618.6602172851562,4400.0,730.3,726.84,716.5733333333334,710.365,87.5,719.72,2.013333333333435,1.544999999999959,0.0422535211267605,743.0,743.0,740.0,743.0,4700.0
2021-09-17,739.0,740.0,738.0,740.0,618.6602172851562,3600.0,731.65,728.0,716.9466666666667,710.715,86.36363636363636,720.3,1.9600000000000364,1.6800000000000637,0.0422535211267605,743.0,742.0,740.0,740.0,4400.0
2021-09-18,739.0,740.0,738.0,740.0,618.6602172851562,3600.0,733.0,729.16,717.2933333333333,711.04,86.36363636363636,720.8,1.8666666666666745,1.75,0.0571428571428571,743.0,740.0,740.0,739.0,3600.0
2021-09-19,739.0,740.0,738.0,740.0,618.6602172851562,3600.0,734.05,730.16,717.6133333333333,711.36,86.36363636363636,721.3,1.786666666666633,1.705000000000041,0.0496453900709219,743.0,740.0,740.0,739.0,3600.0
2021-09-20,739.0,740.0,738.0,740.0,618.6602172851562,3600.0,734.85,731.16,718.0,711.67,81.25,721.8,1.7999999999999543,1.6599999999999682,0.0496453900709219,743.0,740.0,740.0,739.0,3600.0
2021-09-21,740.0,744.0,737.0,744.0,622.0044555664062,9700.0,735.9,732.4,718.44,711.995,83.33333333333333,722.32,1.8666666666666745,1.6299999999999957,0.0553191489361701,744.0,740.0,740.0,739.0,3600.0
2021-09-22,746.0,748.0,741.0,748.0,625.3485107421875,6900.0,737.2,733.8,718.88,712.34,84.21052631578948,722.94,1.9333333333332805,1.625,0.0609929078014184,748.0,744.0,744.0,740.0,9700.0
2021-09-23,746.0,748.0,741.0,748.0,625.3485107421875,6900.0,738.4,735.2,719.32,712.685,84.21052631578948,723.58,2.026666666666756,1.6449999999999818,0.0609929078014184,748.0,748.0,748.0,746.0,6900.0
2021-09-24,748.0,750.0,747.0,749.0,626.1843872070312,12200.0,739.65,736.4,719.7733333333333,713.045,78.57142857142857,724.36,2.159999999999968,1.6849999999999454,0.0549295774647886,749.0,748.0,748.0,746.0,6900.0
2021-09-25,748.0,750.0,747.0,749.0,626.1843872070312,12200.0,740.9,737.4,720.2533333333333,713.4,78.57142857142857,725.12,2.2533333333333303,1.7300000000000182,0.0549295774647886,749.0,750.0,749.0,748.0,12200.0
2021-09-26,748.0,750.0,747.0,749.0,626.1843872070312,12200.0,741.85,738.44,720.7066666666667,713.735,78.57142857142857,725.88,2.2666666666666515,1.740000000000009,0.0549295774647886,749.0,750.0,749.0,748.0,12200.0
2021-09-27,749.0,753.0,746.0,747.0,624.512451171875,19800.0,742.6,739.44,721.16,714.055,64.28571428571428,726.6,2.2799999999999727,1.714999999999918,0.0506329113924051,749.0,750.0,749.0,748.0,12200.0
2021-09-28,754.0,760.0,745.0,760.0,635.3807373046875,19800.0,743.85,740.88,721.8,714.445,84.61538461538461,727.58,2.4799999999999045,1.7600000000001046,0.0629370629370629,760.0,753.0,747.0,749.0,19800.0
2021-09-29,696.0,709.0,689.0,705.0,604.5120849609375,47300.0,742.35,740.12,721.7333333333333,714.56,27.84810126582279,727.36,1.9600000000000364,1.5149999999999864,-0.0139860139860139,760.0,760.0,760.0,754.0,19800.0
2021-09-30,705.0,706.0,700.0,700.0,600.2247314453125,10500.0,740.3,739.16,721.6,714.65,26.19047619047619,727.0,1.3466666666666924,1.25,-0.0209790209790209,760.0,709.0,705.0,696.0,47300.0
2021-10-01,700.0,700.0,691.0,693.0,594.2224731445312,8800.0,737.9,737.68,721.3733333333333,714.645,24.17582417582417,726.58,0.6666666666666288,0.9099999999999682,-0.0348189415041783,760.0,706.0,700.0,705.0,10500.0
2021-10-02,700.0,700.0,691.0,693.0,594.2224731445312,8800.0,735.5,736.12,721.1466666666666,714.61,24.17582417582417,726.22,-0.0133333333333212,0.5550000000000637,-0.0334728033472803,760.0,700.0,693.0,700.0,8800.0
2021-10-03,700.0,700.0,691.0,693.0,594.2224731445312,8800.0,733.0,734.44,721.0533333333333,714.525,24.17582417582417,725.86,-0.7466666666666697,0.0799999999999272,-0.0321229050279329,760.0,700.0,693.0,700.0,8800.0
2021-10-04,693.0,694.0,685.0,686.0,588.2202758789062,6500.0,730.2,732.48,720.8,714.41,22.44897959183673,725.36,-0.933333333333394,-0.1499999999999772,-0.0338028169014084,760.0,700.0,693.0,700.0,8800.0
2021-10-05,688.0,688.0,679.0,682.0,584.7903442382812,6100.0,727.3,730.12,720.4933333333333,714.315,18.367346938775512,724.78,-1.1066666666666831,-0.3349999999999227,-0.040787623066104,760.0,694.0,686.0,693.0,6500.0
2021-10-06,682.0,685.0,680.0,682.0,584.7903442382812,3300.0,724.4,727.76,720.1866666666666,714.22,14.893617021276595,724.22,-1.1866666666667245,-0.4249999999999545,-0.040787623066104,760.0,688.0,682.0,688.0,6100.0
2021-10-07,682.0,684.0,680.0,684.0,586.5053100585938,3000.0,721.6,725.48,719.9066666666666,714.135,16.666666666666657,723.62,-1.240000000000009,-0.4750000000000227,-0.0379746835443037,760.0,685.0,682.0,682.0,3300.0
2021-10-08,689.0,691.0,685.0,689.0,590.7926635742188,3200.0,719.05,723.32,719.6933333333334,714.035,20.0,723.18,-1.3599999999999,-0.4900000000000091,-0.0309423347398031,760.0,684.0,684.0,682.0,3000.0
2021-10-09,689.0,691.0,685.0,689.0,590.7926635742188,3200.0,716.5,721.2,719.4133333333333,713.92,20.0,722.78,-1.386666666666656,-0.4900000000000091,-0.0377094972067039,760.0,691.0,689.0,689.0,3200.0
2021-10-10,689.0,691.0,685.0,689.0,590.7926635742188,3200.0,713.95,719.16,719.1333333333333,713.84,20.0,722.38,-1.3600000000000136,-0.4750000000000227,-0.0403899721448467,760.0,691.0,689.0,689.0,3200.0
2021-10-11,689.0,689.0,687.0,689.0,590.7926635742188,1200.0,711.2,717.12,718.8533333333334,713.79,20.408163265306115,721.98,-1.3333333333332575,-0.4300000000000636,-0.0350140056022408,760.0,691.0,689.0,689.0,3200.0
2021-10-12,689.0,691.0,688.0,689.0,590.7926635742188,1700.0,708.25,715.08,718.56,713.745,8.235294117647044,721.54,-1.3466666666666924,-0.3899999999999863,-0.0309423347398031,760.0,689.0,689.0,689.0,1200.0
2021-10-13,688.0,689.0,679.0,683.0,585.6478881835938,5500.0,705.0,712.8,718.1333333333333,713.67,19.444444444444443,720.98,-1.5600000000000591,-0.3650000000000091,-0.0393811533052039,760.0,691.0,689.0,689.0,1700.0
2021-10-14,683.0,685.0,679.0,681.0,583.9329223632812,1800.0,701.6,710.44,717.68,713.585,21.212121212121204,720.3,-1.7333333333333485,-0.3349999999999227,-0.0421940928270042,760.0,689.0,683.0,688.0,5500.0
2021-10-15,683.0,684.0,679.0,683.0,585.6478881835938,4000.0,698.3,708.16,717.2533333333333,713.49,32.14285714285715,719.66,-1.879999999999996,-0.3500000000000227,-0.0393811533052039,760.0,685.0,681.0,683.0,1800.0
2021-10-16,683.0,684.0,679.0,683.0,585.6478881835938,4000.0,695.0,705.72,716.7866666666666,713.385,32.14285714285715,719.06,-2.06666666666672,-0.4049999999999727,-0.0380281690140844,760.0,684.0,683.0,683.0,4000.0
2021-10-17,683.0,684.0,679.0,683.0,585.6478881835938,4000.0,691.8,703.12,716.3333333333334,713.275,32.14285714285715,718.46,-2.226666666666574,-0.4700000000000273,-0.0434173669467786,760.0,684.0,683.0,683.0,4000.0
2021-10-18,682.0,682.0,678.0,680.0,583.0755004882812,4600.0,687.8,700.4,715.8533333333334,713.17,37.5,717.8,-2.2799999999999727,-0.5,-0.0436005625879043,705.0,684.0,683.0,683.0,4000.0
2021-10-19,681.0,681.0,679.0,681.0,583.9329223632812,3300.0,686.6,697.68,715.4666666666667,713.05,47.61904761904762,717.04,-2.213333333333253,-0.5350000000000819,-0.0394922425952045,700.0,682.0,680.0,682.0,4600.0
2021-10-20,679.0,681.0,678.0,680.0,583.0755004882812,2600.0,685.6,694.92,715.0533333333333,712.925,45.45454545454546,716.16,-2.200000000000045,-0.5650000000000546,-0.0409026798307475,693.0,681.0,681.0,681.0,3300.0
2021-10-21,679.0,680.0,676.0,677.0,580.5031127929688,2400.0,684.8,692.04,714.6,712.785,34.78260869565217,715.24,-2.1866666666666106,-0.6000000000000227,-0.0451339915373766,693.0,681.0,680.0,679.0,2600.0
2021-10-22,677.0,677.0,674.0,676.0,579.6455688476562,3600.0,683.95,689.2,714.1333333333333,712.57,15.78947368421052,714.32,-2.200000000000045,-0.7049999999999272,-0.0492264416315049,693.0,680.0,677.0,679.0,2400.0
2021-10-23,677.0,677.0,674.0,676.0,579.6455688476562,3600.0,683.1,685.84,713.6666666666666,712.365,15.78947368421052,713.36,-2.1866666666667243,-0.80499999999995,-0.0492264416315049,689.0,677.0,676.0,677.0,3600.0
2021-10-24,677.0,677.0,674.0,676.0,579.6455688476562,3600.0,682.6,684.68,713.1333333333333,712.13,15.78947368421052,712.4,-2.3333333333333712,-0.9199999999999592,-0.0545454545454545,689.0,677.0,676.0,677.0,3600.0
2021-10-25,677.0,677.0,674.0,676.0,579.6455688476562,2700.0,682.3,683.72,712.5733333333334,711.92,15.78947368421052,711.44,-2.4799999999999045,-1.0049999999999957,-0.0545454545454545,689.0,677.0,676.0,677.0,3600.0
2021-10-26,674.0,677.0,674.0,675.0,578.7882080078125,2900.0,681.95,683.0,712.0533333333333,711.675,15.0,710.34,-2.546666666666738,-1.1100000000000136,-0.0532959326788219,689.0,677.0,676.0,677.0,2700.0
2021-10-27,676.0,676.0,675.0,675.0,578.7882080078125,2100.0,681.5,682.28,711.5733333333334,711.43,21.42857142857143,709.2,-2.559999999999945,-1.1400000000001,-0.0532959326788219,689.0,677.0,675.0,674.0,2900.0
2021-10-28,675.0,676.0,673.0,674.0,577.9307250976562,2000.0,680.75,681.52,711.08,711.18,23.07692307692308,707.98,-2.586666666666588,-1.1850000000000591,-0.0546984572230013,689.0,676.0,675.0,676.0,2100.0
2021-10-29,674.0,674.0,673.0,673.0,577.0732421875,900.0,679.95,681.0,710.5733333333334,710.935,8.333333333333329,706.74,-2.559999999999945,-1.19500000000005,-0.0639777468706537,689.0,676.0,674.0,675.0,2000.0
2021-10-30,674.0,674.0,673.0,673.0,577.0732421875,900.0,679.15,680.64,710.0666666666667,710.595,8.333333333333329,705.38,-2.5066666666666606,-1.3249999999999318,-0.0704419889502762,689.0,674.0,673.0,674.0,900.0
2021-10-31,674.0,674.0,673.0,673.0,577.0732421875,900.0,678.35,680.28,709.5733333333334,710.215,8.333333333333329,704.02,-2.4799999999999045,-1.4599999999999227,-0.0691562932226832,689.0,674.0,673.0,674.0,900.0
2021-11-01,672.0,675.0,670.0,671.0,575.3583374023438,3200.0,677.45,679.76,709.0,709.925,9.090909090909092,702.62,-2.5733333333333803,-1.5049999999999957,-0.0706371191135734,683.0,674.0,673.0,674.0,900.0
2021-11-02,673.0,673.0,669.0,669.0,573.6433715820312,2400.0,676.75,678.96,708.44,709.645,0.0,701.14,-2.6399999999999864,-1.5349999999999682,-0.0759668508287292,683.0,675.0,671.0,672.0,3200.0
2021-11-03,673.0,673.0,669.0,669.0,573.6433715820312,2400.0,676.15,678.16,707.9066666666666,709.365,0.0,699.68,-2.6666666666667425,-1.5699999999999363,-0.0759668508287292,683.0,673.0,669.0,673.0,2400.0
2021-11-04,669.0,670.0,668.0,668.0,572.7859497070312,2100.0,675.4,677.32,707.36,709.08,0.0,698.24,-2.706666666666706,-1.5149999999999864,-0.0773480662983425,683.0,673.0,669.0,673.0,2400.0
2021-11-05,668.0,668.0,665.0,665.0,570.2134399414062,4000.0,674.5,676.36,706.7733333333333,708.79,0.0,696.74,-2.800000000000068,-1.4250000000000682,-0.0890410958904109,683.0,670.0,668.0,669.0,2100.0
2021-11-06,668.0,668.0,665.0,665.0,570.2134399414062,4000.0,673.6,675.4,706.16,708.47,0.0,695.24,-2.840000000000032,-1.4549999999999272,-0.0915300546448087,681.0,668.0,665.0,668.0,4000.0
2021-11-07,668.0,668.0,665.0,665.0,570.2134399414062,4000.0,672.85,674.68,705.5466666666666,708.17,0.0,693.74,-2.8933333333334303,-1.4750000000000227,-0.0952380952380952,681.0,668.0,665.0,668.0,4000.0
2021-11-08,664.0,665.0,660.0,662.0,567.64111328125,3200.0,671.9,673.92,704.84,707.875,0.0,692.18,-3.066666666666606,-1.490000000000009,-0.0993197278911565,680.0,668.0,665.0,668.0,4000.0
2021-11-09,661.0,662.0,657.0,657.0,563.3538208007812,5200.0,670.75,672.88,704.0666666666667,707.605,0.0,690.52,-3.293333333333294,-1.4750000000000227,-0.1133603238866396,677.0,665.0,662.0,664.0,3200.0
2021-11-10,658.0,658.0,656.0,658.0,564.211181640625,2100.0,669.8,671.88,703.3333333333334,707.34,5.26315789473685,688.8,-3.439999999999941,-1.4499999999999318,-0.1120107962213224,676.0,662.0,657.0,661.0,5200.0
2021-11-11,656.0,656.0,655.0,656.0,562.4962768554688,2300.0,668.8,670.8,702.5733333333334,707.065,5.0,686.96,-3.586666666666588,-1.4049999999999727,-0.1147098515519567,676.0,658.0,658.0,658.0,2100.0
2021-11-12,656.0,659.0,655.0,659.0,565.0686645507812,2500.0,667.95,669.96,701.8533333333334,706.8,18.181818181818173,685.18,-3.693333333333271,-1.3700000000000043,-0.1130551816958277,676.0,656.0,656.0,656.0,2300.0
2021-11-13,656.0,659.0,655.0,659.0,565.0686645507812,2500.0,667.1,669.08,701.0533333333333,706.5,18.181818181818173,683.38,-3.786666666666747,-1.375,-0.1118598382749326,676.0,659.0,659.0,656.0,2500.0
2021-11-14,656.0,659.0,655.0,659.0,565.0686645507812,2500.0,666.25,668.24,700.1866666666666,706.215,18.181818181818173,681.58,-3.880000000000109,-1.3899999999999864,-0.1094594594594594,675.0,659.0,659.0,656.0,2500.0
2021-11-15,659.0,659.0,656.0,657.0,563.3538208007812,3200.0,665.35,667.44,699.3066666666666,705.92,18.181818181818173,679.74,-4.026666666666756,-1.4200000000000728,-0.1121621621621621,675.0,659.0,659.0,656.0,2500.0
2021-11-16,657.0,657.0,656.0,656.0,562.4962768554688,1800.0,664.4,666.64,698.4266666666666,705.66,19.04761904761905,677.92,-4.146666666666761,-1.4050000000000864,-0.1135135135135134,674.0,659.0,657.0,659.0,3200.0
2021-11-17,657.0,660.0,657.0,660.0,565.9262084960938,2800.0,663.7,666.0,697.5733333333334,705.42,32.0,675.92,-4.279999999999973,-1.3799999999999957,-0.1081081081081081,673.0,657.0,656.0,657.0,1800.0
2021-11-18,657.0,659.0,654.0,654.0,560.7813720703125,4900.0,662.75,665.12,696.64,705.15,26.66666666666667,674.9,-4.4133333333332985,-1.3500000000000227,-0.1162162162162162,673.0,660.0,660.0,657.0,2800.0
2021-11-19,654.0,656.0,653.0,655.0,561.6388549804688,18500.0,661.85,664.28,695.72,704.885,32.14285714285715,674.0,-4.466666666666583,-1.330000000000041,-0.1148648648648649,673.0,659.0,654.0,657.0,4900.0
2021-11-20,654.0,656.0,653.0,655.0,561.6388549804688,18500.0,660.95,663.48,694.72,704.62,32.14285714285715,673.24,-4.586666666666588,-1.2999999999999543,-0.1196236559139785,671.0,656.0,655.0,654.0,18500.0
2021-11-21,654.0,656.0,653.0,655.0,561.6388549804688,18500.0,660.15,662.68,693.6933333333334,704.355,32.14285714285715,672.48,-4.733333333333235,-1.30499999999995,-0.124331550802139,669.0,656.0,655.0,654.0,18500.0
2021-11-22,652.0,653.0,650.0,650.0,557.3515014648438,5600.0,659.2,661.72,692.56,703.995,30.0,671.62,-5.013333333333435,-1.4249999999999543,-0.1310160427807486,669.0,656.0,655.0,654.0,18500.0
2021-11-23,652.0,653.0,650.0,650.0,557.3515014648438,5600.0,658.25,660.8,691.4266666666666,703.625,36.0,670.9,-5.213333333333367,-1.5249999999999773,-0.1321762349799733,668.0,653.0,650.0,652.0,5600.0
2021-11-24,653.0,654.0,650.0,653.0,559.9239501953125,2300.0,657.5,660.0,690.2533333333333,703.27,40.74074074074074,670.32,-5.466666666666697,-1.615000000000009,-0.1281708945260347,665.0,653.0,650.0,652.0,5600.0
2021-11-25,654.0,654.0,650.0,650.0,557.3515014648438,3500.0,656.75,659.08,689.04,702.9,39.285714285714285,669.68,-5.680000000000064,-1.7200000000000273,-0.1321762349799733,665.0,654.0,653.0,653.0,2300.0
2021-11-26,650.0,651.0,645.0,648.0,555.6366577148438,4300.0,655.9,658.16,687.8,702.515,29.62962962962964,668.96,-5.89333333333343,-1.840000000000032,-0.1325301204819277,665.0,654.0,650.0,654.0,3500.0
2021-11-27,650.0,651.0,645.0,648.0,555.6366577148438,4300.0,655.05,657.32,686.5333333333333,702.115,29.62962962962964,668.14,-6.026666666666642,-1.879999999999996,-0.1473684210526316,662.0,651.0,648.0,650.0,4300.0
2021-11-28,650.0,651.0,645.0,648.0,555.6366577148438,4300.0,654.35,656.48,685.28,701.73,29.62962962962964,667.32,-6.146666666666647,-1.8949999999999816,-0.0808510638297872,660.0,651.0,648.0,650.0,4300.0
2021-11-29,644.0,644.0,640.0,641.0,549.6343383789062,2700.0,653.55,655.4,683.96,701.365,25.0,666.36,-6.293333333333294,-1.9049999999999727,-0.0842857142857143,660.0,651.0,648.0,650.0,4300.0
2021-11-30,643.0,643.0,635.0,640.0,548.7769165039062,4000.0,652.65,654.4,682.6266666666667,700.95,25.0,665.38,-6.4133333333332985,-1.949999999999932,-0.0764790764790764,660.0,644.0,641.0,644.0,2700.0
2021-12-01,634.0,634.0,628.0,631.0,541.0597534179688,4500.0,651.4,653.04,681.1733333333333,700.49,10.810810810810809,664.22,-6.626666666666665,-2.0249999999999773,-0.0894660894660894,660.0,643.0,640.0,643.0,4000.0
2021-12-02,630.0,631.0,625.0,631.0,541.0597534179688,5400.0,650.0,651.68,679.72,700.03,12.903225806451616,663.18,-6.813333333333276,-2.0850000000000364,-0.0894660894660894,660.0,634.0,631.0,634.0,4500.0
2021-12-03,629.0,629.0,619.0,622.0,533.342529296875,11000.0,648.15,650.08,678.1466666666666,699.64,7.692307692307679,662.0,-7.133333333333326,-2.090000000000032,-0.0932944606413994,660.0,631.0,631.0,630.0,5400.0
2021-12-04,629.0,629.0,619.0,622.0,533.342529296875,11000.0,646.3,648.68,676.5733333333334,699.235,7.692307692307679,660.78,-7.386666666666656,-2.1299999999999955,-0.0879765395894428,660.0,629.0,622.0,629.0,11000.0
2021-12-05,629.0,629.0,619.0,622.0,533.342529296875,11000.0,644.55,647.24,674.9466666666667,698.82,7.692307692307679,659.56,-7.67999999999995,-2.1299999999999955,-0.0879765395894428,660.0,629.0,622.0,629.0,11000.0
2021-12-06,625.0,626.0,614.0,618.0,529.9126586914062,6500.0,642.65,645.72,673.2133333333334,698.4,7.89473684210526,658.26,-7.959999999999923,-2.090000000000032,-0.0964912280701754,660.0,629.0,622.0,629.0,11000.0
2021-12-07,620.0,620.0,614.0,616.0,528.1978149414062,6400.0,640.45,644.0,671.4533333333334,697.955,7.5,656.98,-8.266666666666652,-2.074999999999932,-0.1059506531204644,655.0,626.0,618.0,625.0,6500.0
2021-12-08,616.0,621.0,616.0,621.0,532.485107421875,6100.0,638.8,642.48,669.7466666666667,697.535,11.904761904761898,655.78,-8.399999999999977,-2.105000000000018,-0.0986937590711175,655.0,620.0,616.0,620.0,6400.0
2021-12-09,622.0,627.0,622.0,624.0,535.0574340820312,6300.0,637.25,641.08,668.08,697.13,19.04761904761905,654.66,-8.49333333333334,-2.105000000000018,-0.0943396226415094,655.0,621.0,621.0,616.0,6100.0
2021-12-10,622.0,629.0,621.0,625.0,535.9149780273438,3300.0,635.75,639.8,666.4266666666666,696.705,21.951219512195124,653.62,-8.520000000000095,-2.115000000000009,-0.09288824383164,655.0,627.0,624.0,622.0,6300.0
2021-12-11,622.0,629.0,621.0,625.0,535.9149780273438,3300.0,634.25,638.56,664.8,696.295,21.951219512195124,652.6,-8.413333333333412,-2.105000000000018,-0.09288824383164,653.0,629.0,625.0,622.0,3300.0
2021-12-12,622.0,629.0,621.0,625.0,535.9149780273438,3300.0,633.0,637.16,663.0,695.895,21.951219512195124,651.58,-8.453333333333376,-2.060000000000059,-0.0849194729136163,653.0,629.0,625.0,622.0,3300.0
2021-12-13,631.0,631.0,623.0,629.0,539.3448486328125,3500.0,631.95,636.16,661.9866666666667,695.53,34.21052631578948,650.64,-7.759999999999991,-2.0049999999999955,-0.0763582966226138,653.0,629.0,625.0,622.0,3300.0
2021-12-14,629.0,629.0,625.0,628.0,538.4873046875,1200.0,630.7,635.08,661.0266666666666,695.135,34.21052631578948,649.68,-7.053333333333399,-1.9950000000000043,-0.0805270863836017,650.0,631.0,629.0,631.0,3500.0
2021-12-15,628.0,628.0,620.0,621.0,532.485107421875,5400.0,629.25,633.72,660.0666666666667,694.705,36.11111111111112,648.6,-6.3599999999999,-2.0,-0.0907759882869692,648.0,629.0,628.0,629.0,1200.0
2021-12-16,622.0,622.0,615.0,618.0,529.9126586914062,4400.0,627.75,632.24,659.0666666666667,694.26,33.33333333333333,647.46,-5.733333333333235,-2.034999999999968,-0.0951683748169839,648.0,628.0,621.0,628.0,5400.0
2021-12-17,617.0,620.0,616.0,616.0,528.1978149414062,4000.0,626.15,630.88,658.04,693.83,40.625,646.3,-4.960000000000036,-2.064999999999941,-0.0941176470588235,648.0,622.0,618.0,622.0,4400.0
2021-12-18,617.0,620.0,616.0,616.0,528.1978149414062,4000.0,624.55,629.52,657.1066666666667,693.44,40.625,645.16,-4.879999999999996,-2.089999999999918,-0.0954478707782672,641.0,620.0,616.0,617.0,4000.0
2021-12-19,617.0,620.0,616.0,616.0,528.1978149414062,4000.0,623.3,628.04,656.2266666666667,693.035,40.625,644.02,-4.7999999999999545,-2.1000000000000227,-0.0941176470588235,640.0,620.0,616.0,617.0,4000.0
2021-12-20,617.0,618.0,611.0,617.0,529.05517578125,7800.0,622.15,626.72,655.36,692.615,48.27586206896552,642.9,-4.706666666666706,-2.090000000000032,-0.0886262924667651,631.0,620.0,616.0,617.0,4000.0
2021-12-21,618.0,618.0,612.0,612.0,524.7679443359375,3600.0,621.2,625.28,654.4,692.155,43.75,641.72,-4.666666666666743,-2.105000000000018,-0.0946745562130177,631.0,618.0,617.0,617.0,7800.0
2021-12-22,612.0,612.0,607.0,607.0,520.4806518554688,6900.0,620.0,623.64,653.3066666666666,691.67,28.125,640.48,-4.7333333333333485,-2.160000000000082,-0.1020710059171597,629.0,618.0,612.0,618.0,3600.0
2021-12-23,607.0,608.0,603.0,605.0,518.7656860351562,7700.0,619.15,621.92,652.1866666666666,691.175,19.354838709677423,639.2,-4.920000000000073,-2.2650000000001,-0.1050295857988166,629.0,612.0,607.0,612.0,6900.0
2021-12-24,609.0,609.0,602.0,602.0,516.1932983398438,10400.0,618.15,620.36,651.0266666666666,690.655,15.151515151515156,637.88,-5.2000000000000455,-2.3799999999999955,-0.1094674556213017,629.0,608.0,605.0,607.0,7700.0
2021-12-25,609.0,609.0,602.0,602.0,516.1932983398438,10400.0,617.15,618.84,649.8666666666667,690.135,15.151515151515156,636.62,-5.493333333333339,-2.480000000000018,-0.1081481481481481,629.0,609.0,602.0,609.0,10400.0
2021-12-26,609.0,609.0,602.0,602.0,516.1932983398438,10400.0,616.35,617.68,648.7066666666667,689.6,15.151515151515156,635.36,-5.693333333333271,-2.55499999999995,-0.1081481481481481,629.0,609.0,602.0,609.0,10400.0
2021-12-27,605.0,605.0,597.0,597.0,511.9059753417969,10700.0,615.4,616.32,647.56,689.045,2.941176470588232,634.0,-5.74666666666667,-2.625,-0.1142433234421365,629.0,609.0,602.0,609.0,10400.0
2021-12-28,597.0,597.0,594.0,596.0,511.0484924316406,11900.0,614.15,615.28,646.4266666666666,688.495,2.941176470588232,632.68,-5.759999999999991,-2.67999999999995,-0.1144130757800891,629.0,605.0,597.0,605.0,10700.0
2021-12-29,596.0,606.0,596.0,606.0,519.6231079101562,2700.0,613.25,614.64,645.4,687.995,29.729729729729726,631.66,-5.626666666666665,-2.659999999999968,-0.0995542347696879,629.0,597.0,596.0,597.0,11900.0
2021-12-30,606.0,618.0,606.0,618.0,529.9126586914062,2500.0,612.9,614.48,644.5333333333333,687.555,50.0,630.86,-5.333333333333371,-2.580000000000041,-0.0817236255572065,629.0,606.0,606.0,596.0,2700.0
2021-12-31,606.0,618.0,606.0,618.0,529.9126586914062,2500.0,612.55,614.48,643.6666666666666,687.105,52.27272727272727,630.1,-5.040000000000077,-2.4950000000000045,-0.0789865871833085,629.0,618.0,618.0,606.0,2500.0
2022-01-01,606.0,618.0,606.0,618.0,529.9126586914062,2500.0,612.2,614.56,642.84,686.67,52.27272727272727,629.28,-4.719999999999914,-2.375,-0.0762331838565022,629.0,618.0,618.0,606.0,2500.0
2022-01-02,606.0,618.0,606.0,618.0,529.9126586914062,2500.0,611.65,614.44,642.0,686.235,52.27272727272727,628.46,-4.42666666666662,-2.259999999999991,-0.0762331838565022,628.0,618.0,618.0,606.0,2500.0
2022-01-03,606.0,618.0,606.0,618.0,529.9126586914062,2500.0,611.15,614.2,641.1733333333333,685.795,51.16279069767442,627.64,-4.226666666666688,-2.200000000000045,-0.0748502994011975,621.0,618.0,618.0,606.0,2500.0
2022-01-04,623.0,625.0,620.0,620.0,531.6276245117188,3000.0,611.1,614.0,640.4133333333333,685.39,60.0,626.9,-4.1200000000000045,-2.164999999999964,-0.0676691729323308,620.0,618.0,618.0,606.0,2500.0
2022-01-05,622.0,629.0,622.0,627.0,537.6298217773438,2600.0,611.55,614.08,639.76,685.02,73.80952380952381,626.32,-3.906666666666638,-2.0850000000000364,-0.0571428571428571,627.0,625.0,620.0,623.0,3000.0
2022-01-06,627.0,627.0,621.0,626.0,536.7723388671875,1800.0,612.05,614.12,639.0933333333334,684.645,75.60975609756098,625.64,-3.7466666666666697,-2.0249999999999773,-0.0586466165413533,627.0,629.0,627.0,622.0,2600.0
2022-01-07,629.0,629.0,627.0,627.0,537.6298217773438,600.0,612.6,614.04,638.44,684.3,82.05128205128204,625.1,-3.559999999999945,-1.9350000000000591,-0.052870090634441,627.0,627.0,626.0,627.0,1800.0
2022-01-08,629.0,629.0,627.0,627.0,537.6298217773438,600.0,613.15,614.0,637.7866666666666,683.935,82.05128205128204,624.54,-3.386666666666656,-1.8600000000000136,-0.045662100456621,627.0,629.0,627.0,629.0,600.0
2022-01-09,629.0,629.0,627.0,627.0,537.6298217773438,600.0,613.65,614.24,637.1466666666666,683.57,82.05128205128204,623.98,-3.2666666666666515,-1.8199999999999363,-0.0471124620060789,627.0,629.0,627.0,629.0,600.0
2022-01-10,629.0,629.0,627.0,627.0,537.6298217773438,600.0,614.4,614.6,636.5066666666667,683.21,94.11764705882354,623.42,-3.2533333333333303,-1.8099999999999448,-0.0442073170731707,627.0,629.0,627.0,629.0,600.0
2022-01-11,630.0,630.0,625.0,625.0,535.9149780273438,1400.0,615.3,614.96,635.8533333333334,682.835,91.42857142857144,622.92,-3.240000000000009,-1.8099999999999448,-0.0515933232169955,627.0,629.0,627.0,629.0,600.0
2022-01-12,630.0,630.0,628.0,629.0,539.3448486328125,600.0,616.5,615.48,635.2666666666667,682.48,89.65517241379311,622.5,-3.173333333333403,-1.8199999999999363,-0.0455235204855841,629.0,630.0,625.0,630.0,1400.0
2022-01-13,628.0,631.0,628.0,630.0,540.2022705078125,1200.0,617.9,616.04,634.6933333333334,682.13,83.33333333333333,622.04,-3.0933333333332484,-1.80499999999995,-0.0440060698027313,630.0,630.0,629.0,630.0,600.0
2022-01-14,631.0,632.0,630.0,630.0,540.2022705078125,1100.0,619.3,616.56,634.12,681.76,83.33333333333333,621.64,-3.0266666666666424,-1.8100000000000591,-0.0410958904109589,630.0,631.0,630.0,628.0,1200.0
2022-01-15,631.0,632.0,630.0,630.0,540.2022705078125,1100.0,620.7,617.28,633.5733333333334,681.365,83.33333333333333,621.28,-2.9333333333332803,-1.8450000000000275,-0.0396341463414634,630.0,632.0,630.0,631.0,1100.0
2022-01-16,631.0,632.0,630.0,630.0,540.2022705078125,1100.0,622.35,618.2,633.0533333333333,680.965,83.33333333333333,620.92,-2.800000000000068,-1.8700000000000043,-0.0454545454545454,630.0,632.0,630.0,631.0,1100.0
2022-01-17,632.0,634.0,630.0,630.0,540.2022705078125,1400.0,624.05,619.2,632.5333333333333,680.555,83.33333333333333,620.56,-2.7333333333333485,-1.925000000000068,-0.036697247706422,630.0,632.0,630.0,631.0,1100.0
2022-01-18,628.0,632.0,628.0,631.0,541.0597534179688,1100.0,625.3,620.36,632.04,680.15,82.3529411764706,620.36,-2.6533333333334213,-1.9800000000000184,-0.0366412213740457,631.0,634.0,630.0,632.0,1400.0
2022-01-19,629.0,630.0,622.0,622.0,533.342529296875,3400.0,625.5,621.16,631.4666666666667,679.7,36.8421052631579,620.0,-2.653333333333308,-2.059999999999945,-0.0503816793893129,631.0,632.0,631.0,628.0,1100.0
2022-01-20,631.0,631.0,625.0,626.0,536.7723388671875,1000.0,625.9,622.12,630.9466666666667,679.27,50.0,619.9,-2.626666666666665,-2.095000000000028,-0.0442748091603053,631.0,630.0,622.0,629.0,3400.0
2022-01-21,629.0,629.0,622.0,622.0,533.342529296875,1300.0,626.1,623.12,630.3733333333333,678.81,40.0,619.72,-2.67999999999995,-2.1550000000000864,-0.0430769230769231,631.0,631.0,626.0,631.0,1000.0
2022-01-22,629.0,629.0,622.0,622.0,533.342529296875,1300.0,626.3,624.16,629.84,678.34,40.0,619.72,-2.693333333333271,-2.214999999999918,-0.0430769230769231,631.0,629.0,622.0,629.0,1300.0
2022-01-23,629.0,629.0,622.0,622.0,533.342529296875,1300.0,626.5,624.8,629.3733333333333,677.895,40.0,619.72,-2.6666666666666288,-2.2549999999999955,-0.0474732006125574,631.0,629.0,622.0,629.0,1300.0
2022-01-24,626.0,626.0,623.0,626.0,536.7723388671875,700.0,626.8,625.12,628.9466666666667,677.47,48.27586206896552,619.8,-2.519999999999982,-2.230000000000018,-0.0369230769230769,631.0,629.0,622.0,629.0,1300.0
2022-01-25,629.0,629.0,623.0,629.0,539.3448486328125,1100.0,626.9,625.56,628.5866666666667,677.04,56.66666666666666,620.02,-2.3600000000000136,-2.230000000000018,-0.029320987654321,631.0,626.0,626.0,626.0,700.0
2022-01-26,628.0,628.0,625.0,626.0,536.7723388671875,700.0,626.9,625.88,628.1466666666666,676.595,44.82758620689656,620.22,-2.226666666666688,-2.214999999999918,-0.0339506172839506,631.0,629.0,629.0,629.0,1100.0
2022-01-27,623.0,625.0,616.0,616.0,528.1978149414062,3700.0,626.35,625.8,627.5733333333334,676.1,31.57894736842105,620.12,-2.2666666666666515,-2.240000000000009,-0.0493827160493827,631.0,628.0,626.0,628.0,700.0
2022-01-28,616.0,620.0,616.0,620.0,531.6276245117188,2200.0,626.0,625.88,627.0533333333333,675.635,38.095238095238095,620.04,-2.32000000000005,-2.259999999999991,-0.0327613104524181,631.0,625.0,616.0,623.0,3700.0
2022-01-29,616.0,620.0,616.0,620.0,531.6276245117188,2200.0,625.65,625.88,626.56,675.16,38.095238095238095,619.94,-2.3866666666667697,-2.310000000000059,-0.03125,631.0,620.0,620.0,616.0,2200.0
2022-01-30,616.0,620.0,616.0,620.0,531.6276245117188,2200.0,625.3,625.6,626.08,674.695,38.095238095238095,619.84,-2.5066666666666606,-2.3449999999999136,-0.0174326465927099,631.0,620.0,620.0,616.0,2200.0
2022-01-31,620.0,623.0,618.0,623.0,534.2000122070312,500.0,625.2,625.48,625.5866666666667,674.25,42.22222222222222,619.8,-2.559999999999945,-2.345000000000028,-0.0126782884310617,631.0,620.0,620.0,616.0,2200.0
2022-02-01,623.0,625.0,622.0,624.0,535.0574340820312,900.0,624.95,625.36,625.1866666666666,673.82,42.22222222222222,619.7,-2.3866666666667697,-2.2799999999999727,0.0032154340836012,631.0,623.0,623.0,620.0,500.0
2022-02-02,624.0,624.0,615.0,618.0,529.9126586914062,4300.0,624.35,625.0,624.6933333333334,673.36,45.23809523809524,619.5,-2.3599999999999,-2.2749999999999773,-0.0064308681672026,631.0,625.0,624.0,623.0,900.0
2022-02-03,624.0,624.0,619.0,619.0,530.7701416015625,900.0,623.8,624.68,624.2133333333334,672.905,41.02564102564102,619.46,-2.3466666666665787,-2.2549999999999955,-0.0048231511254018,631.0,624.0,618.0,624.0,4300.0
2022-02-04,619.0,622.0,619.0,622.0,533.342529296875,300.0,623.4,624.48,623.7733333333333,672.465,50.0,619.54,-2.306666666666729,-2.230000000000018,0.006472491909385,631.0,624.0,619.0,624.0,900.0
2022-02-05,619.0,622.0,619.0,622.0,533.342529296875,300.0,623.0,624.36,623.4,672.075,50.0,619.66,-2.1866666666667243,-2.1749999999999545,0.0097402597402598,631.0,622.0,622.0,619.0,300.0
2022-02-06,619.0,622.0,619.0,622.0,533.342529296875,300.0,622.6,624.08,623.0266666666666,671.66,50.0,619.78,-2.159999999999968,-2.160000000000082,0.001610305958132,631.0,622.0,622.0,619.0,300.0
2022-02-07,624.0,625.0,623.0,625.0,535.9149780273438,800.0,622.3,623.88,622.6533333333333,671.26,48.64864864864865,619.96,-2.0400000000000773,-2.1000000000000227,0.001602564102564,629.0,622.0,622.0,619.0,300.0
2022-02-08,623.0,625.0,623.0,624.0,535.0574340820312,600.0,622.4,623.64,622.3066666666666,670.855,42.85714285714285,620.1,-1.906666666666752,-2.0499999999999545,-0.0016,629.0,625.0,625.0,624.0,800.0
2022-02-09,622.0,622.0,622.0,622.0,533.342529296875,400.0,622.2,623.32,621.96,670.44,44.11764705882352,620.3,-1.813333333333276,-2.0249999999999773,-0.0048,629.0,625.0,624.0,623.0,600.0
2022-02-10,624.0,624.0,624.0,624.0,535.0574340820312,800.0,622.3,623.08,621.64,670.035,65.38461538461539,620.64,-1.759999999999991,-2.0400000000000773,-0.0016,629.0,622.0,622.0,622.0,400.0
2022-02-11,624.0,624.0,624.0,624.0,535.0574340820312,800.0,622.4,622.84,621.32,669.605,59.09090909090909,621.02,-1.7066666666665924,-2.05499999999995,-0.0079491255961844,629.0,624.0,624.0,624.0,800.0
2022-02-12,624.0,624.0,624.0,624.0,535.0574340820312,800.0,622.5,622.56,621.0933333333334,669.175,59.09090909090909,621.46,-1.5599999999999454,-2.0850000000000364,-0.0063694267515923,629.0,624.0,624.0,624.0,800.0
2022-02-13,624.0,624.0,624.0,624.0,535.0574340820312,800.0,622.4,622.64,620.88,668.745,59.09090909090909,621.9,-1.4266666666666197,-2.1100000000000136,0.0048309178743961,629.0,624.0,624.0,624.0,800.0
2022-02-14,625.0,625.0,618.0,620.0,531.6276245117188,2400.0,621.95,622.4,620.7333333333333,668.29,43.47826086956522,622.26,-1.226666666666688,-2.150000000000091,0.0032362459546926,626.0,624.0,624.0,624.0,800.0
2022-02-15,600.0,605.0,598.0,604.0,517.908203125,19100.0,620.85,621.68,620.3733333333333,667.735,23.68421052631578,622.4,-1.2666666666666515,-2.2999999999999545,-0.0194805194805194,625.0,625.0,620.0,625.0,2400.0
2022-02-16,600.0,604.0,599.0,600.0,514.4783325195312,5700.0,620.05,620.8,620.08,667.16,25.00000000000001,622.48,-1.240000000000009,-2.44500000000005,-0.0259740259740259,625.0,605.0,604.0,600.0,19100.0
2022-02-17,600.0,602.0,599.0,600.0,514.4783325195312,2300.0,619.05,619.92,619.7866666666666,666.585,22.85714285714286,622.36,-1.3066666666667288,-2.589999999999918,-0.0259740259740259,625.0,604.0,600.0,600.0,5700.0
2022-02-18,597.0,600.0,592.0,600.0,514.4783325195312,5800.0,618.05,618.88,619.4933333333333,665.995,15.625,622.0,-1.386666666666656,-2.75,-0.0275526742301458,625.0,602.0,600.0,600.0,2300.0
2022-02-19,597.0,600.0,592.0,600.0,514.4783325195312,5800.0,617.05,617.72,619.2533333333333,665.41,15.625,621.64,-1.4800000000000182,-2.8799999999999955,-0.0196078431372549,625.0,600.0,600.0,597.0,5800.0
2022-02-20,597.0,600.0,592.0,600.0,514.4783325195312,5800.0,615.9,616.68,619.04,664.83,15.625,621.28,-1.3333333333333712,-2.9049999999999727,-0.0115321252059308,625.0,600.0,600.0,597.0,5800.0
2022-02-21,598.0,598.0,592.0,597.0,511.9059753417969,2900.0,614.55,615.92,618.72,664.265,6.25,620.86,-1.3600000000000136,-2.894999999999982,-0.0132231404958678,625.0,600.0,600.0,597.0,5800.0
2022-02-22,595.0,596.0,595.0,595.0,510.1910095214844,1700.0,613.4,614.92,618.3333333333334,663.685,6.060606060606062,620.4,-1.453333333333262,-2.900000000000091,-0.0116279069767442,625.0,598.0,597.0,598.0,2900.0
2022-02-23,595.0,596.0,595.0,595.0,510.1910095214844,1700.0,612.2,613.92,617.9333333333333,663.105,6.451612903225794,619.9,-1.5600000000000591,-2.8899999999999864,-0.0116279069767442,625.0,596.0,595.0,595.0,1700.0
2022-02-24,595.0,595.0,591.0,591.0,506.7611389160156,2800.0,610.65,612.76,617.48,662.505,0.0,619.18,-1.773333333333312,-2.9049999999999727,-0.0182724252491693,625.0,596.0,595.0,595.0,1700.0
2022-02-25,595.0,595.0,593.0,594.0,509.3335266113281,1800.0,609.25,611.6,617.0666666666667,661.92,8.333333333333329,618.54,-1.973333333333244,-2.910000000000082,-0.0050251256281407,625.0,595.0,591.0,595.0,2800.0
2022-02-26,595.0,595.0,593.0,594.0,509.3335266113281,1800.0,607.85,610.4,616.6,661.31,8.333333333333329,617.88,-2.1200000000000045,-2.955000000000041,-0.0033557046979866,625.0,595.0,594.0,595.0,1800.0
2022-02-27,595.0,595.0,593.0,594.0,509.3335266113281,1800.0,606.3,609.44,616.1466666666666,660.69,8.333333333333329,617.22,-2.1866666666667243,-2.994999999999891,-0.0198019801980198,624.0,595.0,594.0,595.0,1800.0
2022-02-28,594.0,595.0,592.0,592.0,507.6186218261719,2500.0,604.7,608.36,615.76,660.08,8.823529411764696,616.52,-2.1733333333332894,-3.0249999999999773,-0.0420711974110032,624.0,595.0,594.0,595.0,1800.0
2022-03-01,596.0,600.0,596.0,598.0,512.763427734375,3700.0,603.5,607.4,615.4933333333333,659.515,37.5,615.94,-1.9866666666666788,-2.990000000000009,-0.0323624595469255,624.0,595.0,592.0,594.0,2500.0
2022-03-02,599.0,600.0,598.0,598.0,512.763427734375,3100.0,602.2,606.44,615.2533333333333,658.95,45.00000000000001,615.4,-1.8133333333333888,-2.9699999999999136,-0.0323624595469255,624.0,600.0,598.0,596.0,3700.0
2022-03-03,598.0,600.0,598.0,600.0,514.4783325195312,1200.0,601.0,605.56,615.04,658.395,50.0,614.82,-1.5600000000000591,-2.914999999999964,-0.0291262135922329,624.0,600.0,598.0,599.0,3100.0
2022-03-04,601.0,603.0,600.0,600.0,514.4783325195312,7500.0,599.8,604.56,614.8266666666667,657.84,50.0,614.22,-1.3199999999999363,-2.8500000000000227,-0.0291262135922329,624.0,600.0,600.0,598.0,1200.0
2022-03-05,601.0,603.0,600.0,600.0,514.4783325195312,7500.0,598.6,603.6,614.6,657.29,50.0,613.62,-1.1599999999999682,-2.7900000000000773,-0.032258064516129,620.0,603.0,600.0,601.0,7500.0
2022-03-06,601.0,603.0,600.0,600.0,514.4783325195312,7500.0,597.6,602.72,614.44,656.72,50.0,613.02,-1.0533333333332848,-2.794999999999959,-0.0430622009569378,604.0,603.0,600.0,601.0,7500.0
2022-03-07,600.0,603.0,595.0,595.0,510.1910095214844,7900.0,597.15,601.56,614.28,656.14,45.833333333333336,612.32,-0.9733333333333576,-2.810000000000059,-0.0495207667731629,600.0,603.0,600.0,601.0,7500.0
2022-03-08,595.0,597.0,590.0,590.0,505.9037170410156,2600.0,596.65,600.2,614.08,655.545,40.74074074074074,611.52,-0.9599999999999228,-2.8500000000000227,-0.0590111642743221,600.0,603.0,595.0,600.0,7900.0
2022-03-09,590.0,591.0,589.0,591.0,506.7611389160156,1400.0,596.2,598.88,613.9333333333333,654.955,42.85714285714285,610.72,-0.8933333333334303,-2.884999999999991,-0.0574162679425837,600.0,597.0,590.0,595.0,2600.0
2022-03-10,583.0,589.0,582.0,584.0,500.7590026855469,5400.0,595.4,597.28,613.6933333333334,654.33,38.70967741935484,609.96,-0.906666666666638,-2.9599999999999227,-0.0685805422647527,600.0,591.0,591.0,590.0,1400.0
2022-03-11,583.0,583.0,581.0,581.0,498.1865234375,2000.0,594.45,595.72,613.4133333333333,653.68,29.032258064516128,609.06,-1.026666666666756,-3.0400000000000773,-0.073365231259968,600.0,589.0,584.0,583.0,5400.0
2022-03-12,583.0,583.0,581.0,581.0,498.1865234375,2000.0,593.5,594.8,613.2,653.03,29.032258064516128,608.24,-1.0799999999999272,-3.1100000000000136,-0.0704,600.0,583.0,581.0,583.0,2000.0
2022-03-13,583.0,583.0,581.0,581.0,498.1865234375,2000.0,592.7,594.04,613.0,652.36,29.032258064516128,607.42,-1.080000000000041,-3.184999999999945,-0.0763116057233704,600.0,583.0,581.0,583.0,2000.0
2022-03-14,581.0,586.0,581.0,585.0,501.6163635253906,2200.0,592.2,593.44,612.72,651.71,39.39393939393939,606.68,-1.213333333333253,-3.2450000000000045,-0.0714285714285714,600.0,583.0,581.0,583.0,2000.0
2022-03-15,582.0,585.0,580.0,585.0,501.6163635253906,1400.0,591.7,592.84,612.28,651.07,25.925925925925924,605.86,-1.4133333333334122,-3.259999999999991,-0.0714285714285714,600.0,586.0,585.0,581.0,2200.0
2022-03-16,581.0,587.0,581.0,583.0,499.9014587402344,1000.0,591.3,592.16,611.8133333333334,650.42,24.13793103448276,604.94,-1.599999999999909,-3.259999999999991,-0.0746031746031745,600.0,585.0,585.0,582.0,1400.0
2022-03-17,583.0,589.0,583.0,585.0,501.6163635253906,2100.0,590.85,591.56,611.3733333333333,649.78,24.13793103448276,604.12,-1.8266666666667104,-3.25,-0.0714285714285714,600.0,587.0,583.0,581.0,1000.0
2022-03-18,584.0,588.0,584.0,586.0,502.4738464355469,1400.0,590.45,591.12,610.9466666666667,649.115,26.66666666666667,603.52,-2.053333333333285,-3.2450000000000045,-0.0698412698412698,600.0,589.0,585.0,583.0,2100.0
2022-03-19,584.0,588.0,584.0,586.0,502.4738464355469,1400.0,590.05,590.76,610.52,648.425,26.66666666666667,602.84,-2.200000000000045,-3.285000000000082,-0.0713153724247226,600.0,588.0,586.0,584.0,1400.0
2022-03-20,584.0,588.0,584.0,586.0,502.4738464355469,1400.0,589.75,590.4,610.0666666666667,647.74,26.66666666666667,602.16,-2.213333333333253,-3.330000000000041,-0.0578778135048231,600.0,588.0,586.0,584.0,1400.0
2022-03-21,584.0,588.0,584.0,586.0,502.4738464355469,1400.0,589.15,590.2,609.52,647.06,32.0,601.48,-2.293333333333408,-3.3600000000000136,-0.0638977635782748,600.0,588.0,586.0,584.0,1400.0
2022-03-22,586.0,586.0,585.0,586.0,502.4738464355469,2800.0,588.55,589.88,608.9866666666667,646.37,39.99999999999999,600.74,-2.386666666666656,-3.409999999999968,-0.0578778135048231,600.0,588.0,586.0,584.0,1400.0
2022-03-23,586.0,588.0,585.0,587.0,503.3313293457031,1300.0,587.9,589.6,608.4533333333334,645.685,39.99999999999999,600.0,-2.4933333333333394,-3.430000000000064,-0.0562700964630225,600.0,586.0,586.0,586.0,2800.0
2022-03-24,583.0,588.0,582.0,583.0,499.9014587402344,5900.0,587.05,589.16,607.8666666666667,644.98,47.05882352941176,599.3,-2.653333333333308,-3.4449999999999363,-0.0627009646302251,600.0,588.0,587.0,586.0,1300.0
2022-03-25,588.0,588.0,586.0,587.0,503.3313293457031,1300.0,586.4,588.96,607.3333333333334,644.265,66.66666666666666,598.66,-2.7333333333333485,-3.4750000000000227,-0.0623003194888178,600.0,588.0,583.0,583.0,5900.0
2022-03-26,588.0,588.0,586.0,587.0,503.3313293457031,1300.0,585.75,588.52,606.8,643.54,66.66666666666666,597.96,-2.720000000000028,-3.519999999999982,-0.0667726550079491,595.0,588.0,587.0,588.0,1300.0
2022-03-27,588.0,588.0,586.0,587.0,503.3313293457031,1300.0,585.35,588.08,606.2933333333333,642.8,66.66666666666666,597.26,-2.693333333333385,-3.57000000000005,-0.0623003194888178,591.0,588.0,587.0,588.0,1300.0
2022-03-28,587.0,587.0,585.0,585.0,501.6163635253906,2000.0,585.1,587.48,605.7066666666667,642.05,50.0,596.52,-2.7466666666666697,-3.634999999999991,-0.0503246753246753,591.0,588.0,587.0,588.0,1300.0
2022-03-29,585.0,588.0,585.0,586.0,502.4738464355469,1100.0,584.85,586.92,605.12,641.275,52.94117647058823,595.74,-2.7466666666666697,-3.705000000000041,-0.0548387096774193,587.0,587.0,585.0,587.0,2000.0
2022-03-30,587.0,593.0,587.0,592.0,507.6186218261719,1700.0,585.25,586.6,604.6133333333333,640.53,71.42857142857143,595.1,-2.720000000000028,-3.7350000000000136,-0.0451612903225806,592.0,588.0,586.0,585.0,1100.0
2022-03-31,592.0,592.0,589.0,590.0,505.9037170410156,800.0,585.7,586.2,604.08,639.775,61.90476190476191,594.46,-2.7199999999999136,-3.7649999999999855,-0.0483870967741935,592.0,593.0,592.0,587.0,1700.0
2022-04-01,595.0,595.0,588.0,589.0,505.0462341308594,1200.0,586.1,585.96,603.5333333333333,639.005,57.14285714285714,593.76,-2.759999999999991,-3.794999999999959,-0.0545746388443018,592.0,592.0,590.0,592.0,800.0
2022-04-02,595.0,595.0,588.0,589.0,505.0462341308594,1200.0,586.5,585.92,602.9866666666667,638.24,57.14285714285714,593.06,-2.720000000000028,-3.8099999999999454,-0.0560897435897436,592.0,595.0,589.0,595.0,1200.0
2022-04-03,595.0,595.0,588.0,589.0,505.0462341308594,1200.0,586.7,585.84,602.4266666666666,637.485,57.14285714285714,592.36,-2.693333333333385,-3.789999999999964,-0.0469255663430421,592.0,595.0,589.0,595.0,1200.0
2022-04-04,594.0,594.0,589.0,593.0,508.4761047363281,3400.0,587.1,586.2,602.04,636.75,64.0,591.74,-2.5733333333333803,-3.7799999999999727,-0.0420032310177705,593.0,595.0,589.0,595.0,1200.0
2022-04-05,595.0,596.0,591.0,596.0,511.0484924316406,2700.0,587.75,586.8,601.64,636.03,67.85714285714286,591.26,-2.4400000000000546,-3.745000000000005,-0.0418006430868167,596.0,594.0,593.0,594.0,3400.0
2022-04-06,593.0,599.0,593.0,596.0,511.0484924316406,2600.0,588.3,587.4,601.2933333333333,635.31,66.66666666666666,591.1,-2.240000000000009,-3.69500000000005,-0.0418006430868167,596.0,596.0,596.0,595.0,2700.0
2022-04-07,599.0,602.0,596.0,596.0,511.0484924316406,2900.0,588.8,588.0,600.9466666666667,634.59,78.26086956521739,591.02,-2.039999999999964,-3.649999999999977,-0.0418006430868167,596.0,599.0,596.0,593.0,2600.0
2022-04-08,596.0,599.0,596.0,599.0,513.6209106445312,800.0,589.45,588.56,600.64,633.885,77.27272727272727,591.0,-1.786666666666633,-3.6000000000000227,-0.0415999999999999,599.0,602.0,596.0,599.0,2900.0
2022-04-09,596.0,599.0,596.0,599.0,513.6209106445312,800.0,590.1,589.12,600.28,633.16,77.27272727272727,590.98,-1.759999999999991,-3.590000000000032,-0.0400641025641025,599.0,599.0,599.0,596.0,800.0
2022-04-10,596.0,599.0,596.0,599.0,513.6209106445312,800.0,590.75,589.76,599.88,632.415,77.27272727272727,590.96,-1.759999999999991,-3.615000000000009,-0.0369774919614147,599.0,599.0,599.0,596.0,800.0
2022-04-11,599.0,602.0,598.0,602.0,516.1932983398438,1400.0,591.55,590.44,599.56,631.685,86.95652173913044,591.0,-1.7333333333333485,-3.625,-0.0352564102564102,602.0,599.0,599.0,596.0,800.0
2022-04-12,602.0,602.0,599.0,600.0,514.4783325195312,1200.0,592.2,591.0,599.3466666666667,630.94,79.16666666666667,591.06,-1.6000000000000227,-3.649999999999977,-0.0384615384615384,602.0,602.0,602.0,599.0,1400.0
2022-04-13,595.0,598.0,595.0,596.0,511.0484924316406,400.0,592.85,591.4,599.0266666666666,630.175,59.09090909090909,591.08,-1.613333333333344,-3.710000000000037,-0.0448717948717948,602.0,602.0,600.0,602.0,1200.0
2022-04-14,595.0,599.0,595.0,598.0,512.763427734375,300.0,593.4,591.88,598.7333333333333,629.42,68.18181818181819,591.14,-1.5466666666666242,-3.740000000000009,-0.0416666666666666,602.0,598.0,596.0,595.0,400.0
2022-04-15,598.0,598.0,598.0,598.0,512.763427734375,300.0,593.95,592.36,598.44,628.675,71.42857142857143,591.28,-1.4399999999999409,-3.740000000000009,-0.0354838709677419,602.0,599.0,598.0,595.0,300.0
2022-04-16,598.0,598.0,598.0,598.0,512.763427734375,300.0,594.5,592.84,598.1066666666667,627.865,71.42857142857143,591.36,-1.453333333333262,-3.819999999999936,-0.0099337748344371,602.0,598.0,598.0,598.0,300.0
2022-04-17,598.0,598.0,598.0,598.0,512.763427734375,300.0,595.15,593.28,597.76,627.33,71.42857142857143,591.44,-1.5866666666667015,-3.6100000000000136,-0.0033333333333332,602.0,598.0,598.0,598.0,300.0
2022-04-18,598.0,599.0,593.0,594.0,509.3335266113281,1000.0,595.55,593.72,597.44,626.8,52.38095238095237,591.44,-1.5866666666665878,-3.375,-0.01,602.0,598.0,598.0,598.0,300.0
2022-04-19,604.0,604.0,600.0,600.0,514.4783325195312,2900.0,595.95,594.24,597.1866666666666,626.335,58.33333333333333,591.6,-1.546666666666738,-3.0849999999999227,0.0,602.0,599.0,594.0,598.0,1000.0
2022-04-20,600.0,600.0,596.0,599.0,513.6209106445312,900.0,596.4,594.72,596.88,625.865,55.99999999999999,591.62,-1.5600000000000591,-2.809999999999945,-0.0016666666666667,602.0,604.0,600.0,604.0,2900.0
2022-04-21,599.0,599.0,597.0,597.0,511.9059753417969,700.0,596.8,595.12,596.5466666666666,625.385,51.85185185185185,591.6,-1.5600000000000591,-2.480000000000018,-0.005,602.0,600.0,599.0,600.0,900.0
2022-04-22,594.0,597.0,594.0,597.0,511.9059753417969,700.0,597.2,595.6,596.2133333333334,624.94,45.833333333333336,591.54,-1.5466666666666242,-2.3899999999999864,0.0,602.0,599.0,597.0,599.0,700.0
2022-04-23,594.0,597.0,594.0,597.0,511.9059753417969,700.0,597.6,596.04,595.84,624.515,45.833333333333336,591.48,-1.6000000000000227,-2.284999999999968,0.0033613445378151,602.0,597.0,597.0,594.0,700.0
2022-04-24,594.0,597.0,594.0,597.0,511.9059753417969,700.0,597.8,596.24,595.48,624.09,45.833333333333336,591.42,-1.7066666666665924,-2.2450000000000045,0.0033613445378151,602.0,597.0,597.0,594.0,700.0
2022-04-25,603.0,603.0,596.0,597.0,511.9059753417969,2400.0,597.85,596.52,595.1466666666666,623.655,38.095238095238095,591.36,-1.7333333333333485,-2.2100000000000364,0.0101522842639594,602.0,597.0,597.0,594.0,700.0
2022-04-26,595.0,600.0,595.0,596.0,511.0484924316406,800.0,597.85,596.8,594.7733333333333,623.19,39.99999999999999,591.38,-1.773333333333312,-2.1949999999999363,0.0033670033670034,602.0,603.0,597.0,603.0,2400.0
2022-04-27,593.0,593.0,593.0,593.0,508.4761047363281,600.0,597.7,596.96,594.36,622.71,42.10526315789474,591.44,-1.853333333333353,-2.230000000000018,-0.0016835016835017,602.0,600.0,596.0,595.0,800.0
2022-04-28,594.0,594.0,592.0,593.0,508.4761047363281,900.0,597.4,597.12,593.9466666666667,622.23,35.294117647058826,591.48,-1.8933333333333169,-2.284999999999968,-0.0016835016835017,602.0,593.0,593.0,593.0,600.0
2022-04-29,594.0,594.0,592.0,593.0,508.4761047363281,900.0,597.1,597.12,593.5333333333333,621.75,35.294117647058826,591.66,-1.9466666666667152,-2.340000000000032,0.0016891891891892,602.0,594.0,593.0,594.0,900.0
2022-04-30,594.0,594.0,592.0,593.0,508.4761047363281,900.0,596.8,597.0,593.1733333333333,621.27,35.294117647058826,591.9,-1.9733333333333576,-2.384999999999991,-0.0083612040133779,602.0,594.0,593.0,594.0,900.0
2022-05-01,594.0,594.0,592.0,593.0,508.4761047363281,900.0,596.35,596.88,593.0266666666666,620.82,35.294117647058826,592.14,-1.7466666666666697,-2.3700000000000045,-0.0083612040133779,600.0,594.0,593.0,594.0,900.0
2022-05-02,593.0,596.0,592.0,595.0,510.1910095214844,600.0,596.1,596.84,592.96,620.39,53.33333333333333,592.42,-1.3999999999999773,-2.32000000000005,-0.0083333333333333,600.0,594.0,593.0,594.0,900.0
2022-05-03,593.0,596.0,592.0,595.0,510.1910095214844,600.0,596.05,596.68,592.8933333333333,619.95,22.22222222222221,592.62,-1.0533333333333983,-2.2799999999999727,-0.0083333333333333,600.0,596.0,595.0,593.0,600.0
2022-05-04,593.0,596.0,592.0,595.0,510.1910095214844,600.0,595.9,596.52,592.8266666666667,619.51,25.0,592.82,-0.7066666666665924,-2.240000000000009,-0.0083333333333333,600.0,596.0,595.0,593.0,600.0
2022-05-05,593.0,596.0,592.0,595.0,510.1910095214844,600.0,595.75,596.36,592.76,619.07,33.33333333333333,593.06,-0.4133333333332984,-2.199999999999932,-0.0083333333333333,600.0,596.0,595.0,593.0,600.0
2022-05-06,595.0,595.0,595.0,595.0,510.1910095214844,400.0,595.6,596.08,592.6933333333334,618.645,33.33333333333333,593.26,-0.3333333333332575,-2.175000000000068,0.0,600.0,596.0,595.0,593.0,600.0
2022-05-07,595.0,595.0,595.0,595.0,510.1910095214844,400.0,595.45,595.88,592.6666666666666,618.215,33.33333333333333,593.44,-0.2933333333334076,-2.1749999999999545,0.0084745762711864,600.0,595.0,595.0,595.0,400.0
2022-05-08,595.0,595.0,595.0,595.0,510.1910095214844,400.0,595.5,595.84,592.6666666666666,617.79,33.33333333333333,593.62,-0.2266666666666879,-2.160000000000082,0.0067681895093063,600.0,595.0,595.0,595.0,400.0
2022-05-09,595.0,599.0,595.0,595.0,510.1910095214844,900.0,595.25,595.72,592.6666666666666,617.38,33.33333333333333,593.8,-0.1600000000000818,-2.1299999999999955,0.018835616438356,599.0,595.0,595.0,595.0,400.0
2022-05-10,593.0,599.0,593.0,599.0,513.6209106445312,300.0,595.25,595.76,592.7733333333333,616.995,66.66666666666666,594.06,0.0133333333333212,-2.075000000000045,0.0309810671256454,599.0,599.0,595.0,595.0,900.0
2022-05-11,595.0,595.0,594.0,594.0,509.3335266113281,200.0,595.1,595.6,592.7733333333333,616.585,54.54545454545455,594.22,0.0799999999999272,-2.059999999999945,0.0223752151462994,599.0,599.0,599.0,593.0,300.0
2022-05-12,594.0,595.0,593.0,595.0,510.1910095214844,600.0,595.0,595.48,592.7866666666666,616.18,58.33333333333333,594.38,0.1200000000000045,-2.035000000000082,0.0240963855421687,599.0,595.0,594.0,595.0,200.0
2022-05-13,593.0,593.0,588.0,590.0,505.9037170410156,15300.0,594.65,595.32,592.7333333333333,615.75,41.17647058823529,594.52,0.0666666666667197,-2.039999999999964,0.0085470085470085,599.0,595.0,595.0,594.0,600.0
2022-05-14,593.0,593.0,588.0,590.0,505.9037170410156,15300.0,594.3,594.92,592.7066666666667,615.325,41.17647058823529,594.58,0.0400000000000773,-2.05499999999995,0.0085470085470085,599.0,593.0,590.0,593.0,15300.0
2022-05-15,593.0,593.0,588.0,590.0,505.9037170410156,15300.0,593.95,594.56,592.6,614.9,41.17647058823529,594.64,-0.1733333333332893,-2.095000000000028,0.0120068610634649,599.0,593.0,590.0,593.0,15300.0
2022-05-16,595.0,600.0,591.0,591.0,506.7611389160156,6600.0,593.7,594.32,592.5066666666667,614.485,37.5,594.72,-0.2666666666666515,-2.1000000000000227,0.0102564102564102,599.0,593.0,590.0,593.0,15300.0
2022-05-17,593.0,597.0,593.0,595.0,510.1910095214844,900.0,593.8,594.24,592.44,614.095,50.0,594.92,-0.3466666666665787,-2.0849999999999227,0.0153583617747439,599.0,600.0,591.0,595.0,6600.0
2022-05-18,600.0,600.0,599.0,599.0,513.6209106445312,9900.0,594.1,594.32,592.4266666666666,613.725,58.33333333333333,595.18,-0.3066666666667288,-2.0249999999999773,0.0221843003412969,599.0,597.0,595.0,593.0,900.0
2022-05-19,599.0,600.0,593.0,600.0,514.4783325195312,2300.0,594.45,594.44,592.4266666666666,613.36,60.0,595.34,-0.2800000000000864,-1.965000000000032,0.023890784982935,600.0,600.0,599.0,600.0,9900.0
2022-05-20,595.0,600.0,595.0,600.0,514.4783325195312,7300.0,594.8,594.56,592.4266666666666,613.005,60.0,595.54,-0.173333333333403,-1.8949999999999816,0.023890784982935,600.0,600.0,600.0,599.0,2300.0
2022-05-21,595.0,600.0,595.0,600.0,514.4783325195312,7300.0,595.15,594.72,592.4933333333333,612.66,60.0,595.76,-0.0133333333333212,-1.8250000000000453,0.023890784982935,600.0,600.0,600.0,595.0,7300.0
2022-05-22,595.0,600.0,595.0,600.0,514.4783325195312,7300.0,595.4,595.0,592.6266666666667,612.315,60.0,595.98,0.1866666666666105,-1.7799999999999727,0.0221465076660987,600.0,600.0,600.0,595.0,7300.0
2022-05-23,600.0,600.0,598.0,600.0,514.4783325195312,1600.0,595.65,595.28,592.7466666666667,611.975,60.0,596.2,0.32000000000005,-1.75,0.0291595197255574,600.0,600.0,600.0,595.0,7300.0
2022-05-24,604.0,604.0,601.0,604.0,517.908203125,1000.0,596.1,595.72,593.0133333333333,611.67,60.0,596.42,0.5866666666667015,-1.6900000000000546,0.028960817717206,604.0,600.0,600.0,600.0,1600.0
2022-05-25,607.0,607.0,601.0,606.0,519.6231079101562,1100.0,596.65,596.24,593.3466666666667,611.375,77.27272727272727,596.62,0.9200000000000728,-1.6299999999999957,0.0323679727427597,606.0,604.0,604.0,604.0,1000.0
2022-05-26,607.0,609.0,607.0,608.0,521.3380737304688,1200.0,597.3,596.84,593.7066666666667,611.09,78.26086956521739,596.86,1.213333333333367,-1.5699999999999363,0.0357751277683133,608.0,607.0,606.0,607.0,1100.0
2022-05-27,608.0,608.0,608.0,608.0,521.3380737304688,400.0,597.95,597.36,594.0666666666667,610.82,100.0,597.1,1.4400000000000546,-1.4950000000000043,0.0393162393162394,608.0,609.0,608.0,607.0,1200.0
2022-05-28,608.0,608.0,608.0,608.0,521.3380737304688,400.0,598.6,597.88,594.3733333333333,610.575,100.0,597.28,1.6266666666666652,-1.3999999999999773,0.0375426621160408,608.0,608.0,608.0,608.0,400.0
2022-05-29,608.0,608.0,608.0,608.0,521.3380737304688,400.0,599.25,598.4,594.68,610.325,100.0,597.46,1.6666666666666288,-1.3449999999999136,0.0270270270270269,608.0,608.0,608.0,608.0,400.0
2022-05-30,603.0,609.0,603.0,605.0,518.7656860351562,1600.0,599.55,598.8,594.9733333333334,610.07,85.0,597.58,1.6266666666666652,-1.30499999999995,0.0254237288135592,608.0,608.0,608.0,608.0,400.0
2022-05-31,605.0,605.0,603.0,603.0,517.05078125,700.0,600.0,599.12,595.2133333333334,609.79,72.22222222222223,597.6,1.5066666666666606,-1.3000000000000682,0.0237691001697792,608.0,609.0,605.0,603.0,1600.0
2022-06-01,604.0,609.0,603.0,609.0,522.1954956054688,600.0,600.7,599.68,595.52,609.54,75.0,597.78,1.453333333333262,-1.2800000000000864,0.033955857385399,609.0,605.0,603.0,605.0,700.0
2022-06-02,604.0,605.0,604.0,604.0,517.908203125,500.0,601.4,600.04,595.76,609.265,58.33333333333333,597.94,1.386666666666656,-1.3100000000000591,0.0254668930390491,609.0,609.0,609.0,604.0,600.0
2022-06-03,605.0,607.0,605.0,606.0,519.6231079101562,800.0,602.2,600.48,596.0266666666666,609.01,61.53846153846153,598.1,1.3466666666666924,-1.3150000000000546,0.0219224283305228,609.0,605.0,604.0,604.0,500.0
2022-06-04,605.0,607.0,605.0,606.0,519.6231079101562,800.0,603.0,600.76,596.2933333333333,608.76,61.53846153846153,598.26,1.3199999999999363,-1.3100000000000591,0.0167785234899329,609.0,607.0,606.0,605.0,800.0
2022-06-05,605.0,607.0,605.0,606.0,519.6231079101562,800.0,603.75,601.24,596.56,608.49,61.53846153846153,598.42,1.3466666666665787,-1.2999999999999543,0.0167785234899329,609.0,607.0,606.0,605.0,800.0
2022-06-06,610.0,610.0,604.0,605.0,518.7656860351562,2000.0,604.25,601.64,596.8,608.245,59.25925925925926,598.56,1.2799999999999727,-1.294999999999959,0.0151006711409396,609.0,607.0,606.0,605.0,800.0
2022-06-07,609.0,609.0,605.0,605.0,518.7656860351562,2400.0,604.55,602.24,597.0933333333334,607.995,52.17391304347826,598.78,1.3333333333333712,-1.2699999999999818,0.0100166944908179,609.0,610.0,605.0,610.0,2000.0
2022-06-08,605.0,605.0,605.0,605.0,518.7656860351562,1300.0,604.8,602.84,597.3333333333334,607.745,47.61904761904762,598.88,1.3066666666667288,-1.2649999999999864,0.0100166944908179,609.0,609.0,605.0,609.0,2400.0
2022-06-09,608.0,611.0,608.0,610.0,523.0530395507812,2600.0,605.3,603.64,597.64,607.52,54.16666666666666,599.1,1.3466666666666924,-1.240000000000009,0.0183639398998329,610.0,605.0,605.0,605.0,1300.0
2022-06-10,611.0,611.0,605.0,605.0,518.7656860351562,2300.0,605.55,604.2,597.88,607.295,44.82758620689656,599.26,1.32000000000005,-1.19500000000005,0.0049833887043189,610.0,611.0,610.0,608.0,2600.0
2022-06-11,611.0,611.0,605.0,605.0,518.7656860351562,2300.0,605.8,604.6,598.1466666666666,607.07,44.82758620689656,599.42,1.3466666666666924,-1.1749999999999543,0.0083333333333333,610.0,611.0,605.0,611.0,2300.0
2022-06-12,611.0,611.0,605.0,605.0,518.7656860351562,2300.0,606.05,604.84,598.4,606.83,44.82758620689656,599.58,1.3066666666666151,-1.1649999999999636,0.0151006711409396,610.0,611.0,605.0,611.0,2300.0
2022-06-13,610.0,620.0,610.0,620.0,531.6276245117188,5600.0,606.85,605.64,598.7733333333333,606.68,68.29268292682927,600.04,1.4399999999999409,-1.0650000000000546,0.0367892976588628,620.0,611.0,605.0,611.0,2300.0
2022-06-14,621.0,621.0,614.0,621.0,532.485107421875,4300.0,607.6,606.48,599.1866666666666,606.545,72.5,600.52,1.5466666666666242,-0.9750000000000228,0.0384615384615385,621.0,620.0,620.0,610.0,5600.0
2022-06-15,623.0,633.0,622.0,625.0,535.9149780273438,8600.0,608.45,607.48,599.6666666666666,606.43,71.05263157894737,601.1,1.786666666666633,-0.8650000000000091,0.0451505016722408,625.0,621.0,621.0,621.0,4300.0
2022-06-16,625.0,630.0,623.0,623.0,534.2000122070312,8500.0,609.2,608.4,600.12,606.305,77.14285714285714,601.7,1.9733333333333576,-0.7650000000001,0.0418060200668897,625.0,633.0,625.0,623.0,8600.0
2022-06-17,621.0,633.0,621.0,632.0,541.9171752929688,9200.0,610.4,609.68,600.6933333333334,606.26,80.95238095238095,602.48,2.293333333333408,-0.57000000000005,0.063973063973064,632.0,630.0,623.0,625.0,8500.0
2022-06-18,621.0,633.0,621.0,632.0,541.9171752929688,9200.0,611.6,610.8,601.2133333333334,606.22,80.95238095238095,603.26,2.4400000000000546,-0.4599999999999227,0.0533333333333332,632.0,633.0,632.0,621.0,9200.0
2022-06-19,621.0,633.0,621.0,632.0,541.9171752929688,9200.0,612.95,611.84,601.6933333333334,606.225,80.95238095238095,604.04,2.5066666666667743,-0.3199999999999363,0.0550918196994991,632.0,633.0,632.0,621.0,9200.0
2022-06-20,633.0,633.0,624.0,631.0,541.0597534179688,7100.0,614.35,612.76,602.16,606.225,80.95238095238095,604.8,2.4933333333333394,-0.2049999999999272,0.0569514237855945,632.0,633.0,632.0,621.0,9200.0
2022-06-21,631.0,639.0,631.0,639.0,547.9194946289062,5400.0,615.85,614.0,602.7333333333333,606.31,84.0,605.68,2.613333333333344,0.0049999999999954,0.0703517587939699,639.0,633.0,631.0,633.0,7100.0
2022-06-22,640.0,642.0,631.0,642.0,550.4918823242188,7200.0,617.75,615.36,603.3066666666666,606.41,84.90566037735849,606.62,2.6133333333332303,0.1499999999999772,0.0753768844221105,642.0,639.0,639.0,631.0,5400.0
2022-06-23,641.0,652.0,641.0,652.0,559.0664672851562,6700.0,620.05,617.12,604.0133333333333,606.56,86.20689655172414,607.76,2.7999999999999545,0.3399999999999181,0.0921273031825795,652.0,642.0,642.0,640.0,7200.0
2022-06-24,653.0,662.0,646.0,653.0,559.9239501953125,8200.0,622.4,619.04,604.7333333333333,606.735,94.44444444444444,608.92,3.039999999999964,0.5099999999999909,0.0938023450586265,653.0,652.0,652.0,641.0,6700.0
2022-06-25,653.0,662.0,646.0,653.0,559.9239501953125,8200.0,624.75,621.04,605.4133333333333,606.92,94.44444444444444,610.08,3.2533333333333303,0.6949999999999363,0.0956375838926173,653.0,662.0,653.0,653.0,8200.0
2022-06-26,653.0,662.0,646.0,653.0,559.9239501953125,8200.0,627.15,622.8,606.12,607.08,94.44444444444444,611.24,3.386666666666656,0.7700000000000955,0.1011804384485666,653.0,662.0,653.0,653.0,8200.0
2022-06-27,655.0,662.0,653.0,662.0,567.64111328125,4100.0,630.0,625.12,607.0,607.27,93.75,612.58,3.693333333333385,0.8600000000000136,0.1163575042158515,662.0,662.0,653.0,653.0,8200.0
2022-06-28,662.0,662.0,649.0,655.0,561.6388549804688,3600.0,632.5,627.08,607.76,607.42,81.48148148148148,613.78,3.7466666666666697,0.8600000000000136,0.1045531197301854,662.0,662.0,662.0,655.0,4100.0
2022-06-29,655.0,657.0,650.0,657.0,563.3538208007812,2400.0,634.85,629.12,608.5466666666666,607.58,80.76923076923077,614.94,3.813333333333276,0.8450000000000273,0.1079258010118044,662.0,662.0,655.0,662.0,3600.0
2022-06-30,657.0,660.0,646.0,660.0,565.9262084960938,4900.0,637.6,631.28,609.3733333333333,607.755,84.90566037735849,616.26,3.960000000000037,0.8350000000000364,0.1129848229342327,662.0,657.0,657.0,655.0,2400.0
2022-07-01,659.0,661.0,652.0,661.0,566.7836303710938,1600.0,640.4,633.52,610.2133333333334,607.915,82.22222222222223,617.58,4.093333333333362,0.8349999999999227,0.1109243697478992,662.0,660.0,660.0,657.0,4900.0
2022-07-02,659.0,661.0,652.0,661.0,566.7836303710938,1600.0,643.2,635.76,611.1066666666667,608.08,82.22222222222223,619.0,4.106666666666683,0.8100000000000591,0.1109243697478992,662.0,661.0,661.0,659.0,1600.0
2022-07-03,659.0,661.0,652.0,661.0,566.7836303710938,1600.0,645.25,638.0,611.92,608.28,82.22222222222223,620.42,4.159999999999968,0.8600000000000136,0.1109243697478992,662.0,661.0,661.0,659.0,1600.0
2022-07-04,661.0,663.0,657.0,661.0,566.7836303710938,2300.0,647.25,640.04,612.7466666666667,608.495,84.0909090909091,621.84,4.2000000000000455,0.9149999999999636,0.1109243697478992,662.0,661.0,661.0,659.0,1600.0
2022-07-05,661.0,661.0,650.0,650.0,557.3515014648438,4600.0,648.5,641.84,613.4533333333334,608.665,61.70212765957447,623.02,4.080000000000041,0.9099999999999682,0.0924369747899158,662.0,663.0,661.0,661.0,2300.0
2022-07-06,650.0,657.0,650.0,651.0,558.2090454101562,1100.0,649.9,643.68,614.1733333333333,608.84,60.0,624.14,3.959999999999922,0.9250000000000682,0.0941176470588236,662.0,661.0,650.0,661.0,4600.0
2022-07-07,661.0,661.0,654.0,654.0,560.7813720703125,2000.0,651.0,645.64,614.9333333333333,609.03,52.631578947368425,625.24,3.826666666666597,0.9499999999999318,0.0991596638655463,662.0,657.0,651.0,650.0,1100.0
2022-07-08,659.0,659.0,656.0,657.0,563.3538208007812,800.0,652.25,647.12,615.7333333333333,609.23,55.0,626.38,3.813333333333389,0.9500000000000456,0.1042016806722689,662.0,661.0,654.0,661.0,2000.0
2022-07-09,659.0,659.0,656.0,657.0,563.3538208007812,800.0,653.5,648.56,616.5333333333333,609.455,55.0,627.52,3.786666666666633,0.9600000000000364,0.0968280467445743,662.0,659.0,657.0,659.0,800.0
2022-07-10,659.0,659.0,656.0,657.0,563.3538208007812,800.0,654.8,649.84,617.3466666666667,609.705,55.0,628.66,3.8933333333333167,1.0400000000000773,0.1060606060606059,662.0,659.0,657.0,659.0,800.0
2022-07-11,657.0,657.0,654.0,654.0,560.7813720703125,4400.0,655.55,651.08,618.16,609.95,38.23529411764706,629.74,3.986666666666679,1.1100000000000136,0.0991596638655463,662.0,659.0,657.0,659.0,800.0
2022-07-12,654.0,655.0,654.0,654.0,560.7813720703125,3800.0,656.15,651.96,618.9733333333334,610.21,48.14814814814815,630.82,4.040000000000077,1.1800000000000637,0.1084745762711865,662.0,657.0,654.0,657.0,4400.0
2022-07-13,654.0,654.0,647.0,647.0,554.7791748046875,2000.0,655.9,652.56,619.6933333333334,610.435,34.375,631.68,3.960000000000037,1.2049999999999272,0.0966101694915253,662.0,655.0,654.0,654.0,3800.0
2022-07-14,647.0,647.0,644.0,644.0,552.2067260742188,1300.0,655.45,653.04,620.3733333333333,610.645,25.0,632.44,3.840000000000032,1.1899999999999409,0.0915254237288134,662.0,654.0,647.0,654.0,2000.0
2022-07-15,631.0,632.0,630.0,631.0,541.0597534179688,5300.0,654.35,653.04,620.88,610.815,15.90909090909092,632.9,3.533333333333303,1.1100000000000136,0.0676818950930626,662.0,647.0,644.0,647.0,1300.0
2022-07-16,631.0,632.0,630.0,631.0,541.0597534179688,5300.0,653.25,652.72,621.36,610.99,15.90909090909092,633.36,3.200000000000045,1.0399999999999636,0.0605042016806722,662.0,632.0,631.0,631.0,5300.0
2022-07-17,631.0,632.0,630.0,631.0,541.0597534179688,5300.0,651.7,652.28,621.84,611.115,15.90909090909092,633.82,2.8666666666666742,0.9049999999999728,0.0534223706176961,661.0,632.0,631.0,631.0,5300.0
2022-07-18,631.0,632.0,630.0,631.0,541.0597534179688,5300.0,650.5,651.44,622.32,611.18,15.90909090909092,634.28,2.626666666666665,0.7450000000000045,0.0516666666666667,661.0,632.0,631.0,631.0,5300.0
2022-07-19,631.0,632.0,628.0,631.0,541.0597534179688,9200.0,649.2,650.56,622.8,611.245,21.212121212121204,634.8,2.42666666666662,0.6000000000000227,0.0516666666666667,661.0,632.0,631.0,631.0,5300.0
2022-07-20,631.0,634.0,630.0,630.0,540.2022705078125,1400.0,647.7,649.64,623.2666666666667,611.305,18.181818181818187,635.34,2.386666666666656,0.4899999999998954,0.05,661.0,632.0,631.0,631.0,9200.0
2022-07-21,630.0,634.0,627.0,634.0,543.6321411132812,2200.0,646.35,648.88,623.7866666666666,611.385,20.58823529411765,635.84,2.42666666666662,0.3949999999999818,0.0566666666666666,661.0,634.0,630.0,631.0,1400.0
2022-07-22,633.0,638.0,630.0,638.0,547.06201171875,9900.0,645.2,647.92,624.36,611.485,22.85714285714286,636.52,2.519999999999982,0.3700000000000045,0.0633333333333332,661.0,634.0,634.0,630.0,2200.0
2022-07-23,633.0,638.0,630.0,638.0,547.06201171875,9900.0,644.05,647.24,624.9333333333333,611.575,22.85714285714286,637.16,2.6133333333332303,0.3950000000000955,0.0562913907284767,661.0,638.0,638.0,633.0,9900.0
2022-07-24,633.0,638.0,630.0,638.0,547.06201171875,9900.0,642.9,646.48,625.4533333333334,611.63,22.85714285714286,637.8,2.6533333333334213,0.3849999999999909,0.0528052805280527,657.0,638.0,638.0,633.0,9900.0
2022-07-25,638.0,642.0,638.0,641.0,549.6343383789062,1500.0,642.45,645.72,626.08,611.705,31.42857142857143,638.5,2.8133333333333894,0.4000000000000909,0.0542763157894736,657.0,638.0,638.0,633.0,9900.0
2022-07-26,644.0,646.0,641.0,646.0,553.9216918945312,1400.0,642.2,645.12,626.76,611.8,39.99999999999999,639.32,2.9733333333333576,0.4149999999999636,0.0625,657.0,642.0,641.0,638.0,1500.0
2022-07-27,649.0,649.0,649.0,649.0,556.4940795898438,100.0,641.95,644.64,627.5466666666666,611.91,52.777777777777786,640.2,3.1866666666666106,0.4249999999999545,0.0674342105263157,657.0,646.0,646.0,644.0,1400.0
2022-07-28,649.0,650.0,649.0,649.0,556.4940795898438,1100.0,641.55,644.16,628.3333333333334,612.02,57.57575757575758,641.08,3.400000000000091,0.4449999999999363,0.0674342105263157,657.0,649.0,649.0,649.0,100.0
2022-07-29,653.0,653.0,651.0,652.0,559.0664672851562,1000.0,641.3,643.8,629.16,612.145,95.65217391304348,641.92,3.706666666666592,0.5149999999999864,0.0776859504132232,657.0,650.0,649.0,649.0,1100.0
2022-07-30,653.0,653.0,651.0,652.0,559.0664672851562,1000.0,641.05,643.88,629.9733333333334,612.28,95.65217391304348,642.86,3.8933333333333167,0.5749999999999318,0.0812603648424543,654.0,653.0,652.0,653.0,1000.0
2022-07-31,653.0,653.0,651.0,652.0,559.0664672851562,1000.0,640.95,643.92,630.7333333333333,612.395,95.65217391304348,643.8,3.9733333333333576,0.5950000000000273,0.070607553366174,654.0,653.0,652.0,653.0,1000.0
2022-08-01,654.0,654.0,651.0,651.0,558.2090454101562,2500.0,640.8,643.8,631.4266666666666,612.5,91.66666666666669,644.72,3.879999999999996,0.5900000000000318,0.0778145695364238,652.0,653.0,652.0,653.0,1000.0
2022-08-02,651.0,656.0,650.0,656.0,562.4962768554688,1500.0,641.25,643.76,632.1733333333333,612.63,93.10344827586206,645.44,3.839999999999918,0.6100000000000136,0.0825082508250825,656.0,654.0,651.0,654.0,2500.0
2022-08-03,655.0,655.0,650.0,653.0,559.9239501953125,700.0,641.7,643.6,632.88,612.745,87.09677419354838,646.08,3.7200000000000273,0.6000000000000227,0.0775577557755775,656.0,656.0,656.0,651.0,1500.0
2022-08-04,652.0,653.0,650.0,650.0,557.3515014648438,800.0,642.65,643.32,633.5466666666666,612.845,76.66666666666666,646.58,3.573333333333266,0.5650000000000546,0.0726072607260726,656.0,655.0,653.0,655.0,700.0
2022-08-05,654.0,654.0,652.0,654.0,560.7813720703125,300.0,643.8,643.32,634.2666666666667,612.965,76.66666666666666,647.2,3.533333333333303,0.57000000000005,0.08099173553719,656.0,653.0,650.0,652.0,800.0
2022-08-06,654.0,654.0,652.0,654.0,560.7813720703125,300.0,644.95,643.32,634.9866666666667,613.08,76.66666666666666,647.64,3.560000000000059,0.5800000000000409,0.08099173553719,656.0,654.0,654.0,654.0,300.0
2022-08-07,654.0,654.0,652.0,654.0,560.7813720703125,300.0,646.1,643.6,635.6533333333333,613.24,76.66666666666666,648.08,3.480000000000018,0.6100000000000136,0.08099173553719,656.0,654.0,654.0,654.0,300.0
2022-08-08,657.0,657.0,654.0,656.0,562.4962768554688,1600.0,647.35,644.08,636.32,613.39,75.86206896551724,648.56,3.4400000000000546,0.6449999999999818,0.0754098360655737,656.0,654.0,654.0,654.0,300.0
2022-08-09,656.0,656.0,651.0,651.0,558.2090454101562,1200.0,648.4,644.88,636.8933333333333,613.535,58.62068965517242,648.96,3.3466666666666924,0.6899999999999409,0.0760330578512396,656.0,657.0,656.0,657.0,1600.0
2022-08-10,651.0,651.0,645.0,646.0,553.9216918945312,1700.0,649.0,645.48,637.4,613.655,45.16129032258065,649.1,3.1333333333333258,0.6899999999999409,0.0677685950413222,656.0,656.0,651.0,656.0,1200.0
2022-08-11,651.0,651.0,645.0,646.0,553.9216918945312,1700.0,649.4,646.08,637.9066666666666,613.775,45.16129032258065,649.18,2.919999999999959,0.6949999999999363,0.0677685950413222,656.0,651.0,646.0,651.0,1700.0
2022-08-12,651.0,655.0,645.0,645.0,553.064208984375,2400.0,649.75,646.64,638.4,613.87,37.93103448275862,649.04,2.7466666666666697,0.6299999999999955,0.0403225806451612,656.0,651.0,646.0,651.0,1700.0
2022-08-13,651.0,655.0,645.0,645.0,553.064208984375,2400.0,650.1,647.2,638.9333333333333,613.95,37.93103448275862,648.88,2.6133333333332303,0.5600000000000591,0.038647342995169,656.0,655.0,645.0,651.0,2400.0
2022-08-14,651.0,655.0,645.0,645.0,553.064208984375,2400.0,650.3,647.8,639.4933333333333,614.045,37.93103448275862,648.72,2.6000000000000227,0.5099999999999909,0.032,656.0,655.0,645.0,651.0,2400.0
2022-08-15,652.0,652.0,648.0,651.0,558.2090454101562,1900.0,650.55,648.48,640.0533333333333,614.22,50.0,648.68,2.653333333333308,0.5650000000000546,0.0449438202247192,656.0,655.0,645.0,651.0,2400.0
2022-08-16,651.0,652.0,649.0,649.0,556.4940795898438,1700.0,650.55,648.92,640.6533333333333,614.365,38.70967741935484,648.42,2.7466666666666697,0.5900000000000318,0.0268987341772151,656.0,652.0,651.0,652.0,1900.0
2022-08-17,653.0,653.0,650.0,650.0,557.3515014648438,2000.0,650.6,649.4,641.24,614.515,44.82758620689656,648.32,2.840000000000032,0.6449999999999818,0.0284810126582277,656.0,652.0,649.0,651.0,1700.0
2022-08-18,650.0,656.0,649.0,655.0,561.6388549804688,6900.0,650.75,650.08,641.8933333333333,614.69,58.064516129032256,648.28,2.9600000000000364,0.7400000000000091,0.0363924050632911,656.0,653.0,650.0,653.0,2000.0
2022-08-19,655.0,657.0,652.0,657.0,563.3538208007812,6700.0,651.0,650.72,642.5733333333334,614.86,55.17241379310345,648.22,3.080000000000041,0.8150000000000546,0.0412044374009508,657.0,656.0,655.0,650.0,6900.0
2022-08-20,655.0,657.0,652.0,657.0,563.3538208007812,6700.0,651.25,651.16,643.2666666666667,615.025,55.17241379310345,648.14,3.2133333333333667,0.80499999999995,0.028169014084507,657.0,657.0,657.0,655.0,6700.0
2022-08-21,655.0,657.0,652.0,657.0,563.3538208007812,6700.0,651.55,651.48,643.96,615.22,55.17241379310345,648.06,3.306666666666729,0.8550000000000182,0.0233644859813084,657.0,657.0,657.0,655.0,6700.0
2022-08-22,658.0,658.0,656.0,658.0,564.211181640625,1000.0,651.65,651.84,644.6666666666666,615.415,53.57142857142857,648.0,3.42666666666662,0.8999999999999773,0.00920245398773,658.0,657.0,657.0,655.0,6700.0
2022-08-23,658.0,658.0,656.0,657.0,563.3538208007812,700.0,651.85,652.04,645.2933333333333,615.59,62.5,647.92,3.3999999999999773,0.8999999999999773,0.006125574272588,658.0,658.0,658.0,658.0,1000.0
2022-08-24,656.0,657.0,653.0,654.0,560.7813720703125,1900.0,652.05,652.12,645.9466666666667,615.75,68.18181818181819,648.0,3.373333333333335,0.8899999999999864,0.0015313935681469,658.0,658.0,657.0,658.0,700.0
2022-08-25,658.0,658.0,658.0,658.0,564.211181640625,1200.0,652.25,652.36,646.6533333333333,615.93,73.07692307692308,648.14,3.386666666666656,0.9049999999999728,0.0076569678407349,658.0,657.0,654.0,656.0,1900.0
2022-08-26,658.0,658.0,658.0,658.0,564.211181640625,300.0,652.45,652.64,647.36,616.095,76.0,648.22,3.3999999999999773,0.875,-0.0060422960725075,658.0,658.0,658.0,658.0,1200.0
2022-08-27,658.0,658.0,658.0,658.0,564.211181640625,300.0,652.65,652.72,647.8666666666667,616.265,76.0,648.24,3.200000000000045,0.8500000000000227,0.0045801526717557,658.0,658.0,658.0,658.0,300.0
2022-08-28,658.0,658.0,658.0,658.0,564.211181640625,300.0,652.75,652.92,648.36,616.445,76.0,648.26,3.06666666666672,0.8550000000000182,0.0015220700152207,658.0,658.0,658.0,658.0,300.0
2022-08-29,658.0,659.0,657.0,657.0,563.3538208007812,1400.0,653.05,653.2,648.7866666666666,616.61,65.0,648.26,2.839999999999918,0.8600000000000136,-0.0045454545454545,658.0,658.0,658.0,658.0,300.0
2022-08-30,659.0,663.0,655.0,656.0,562.4962768554688,6600.0,653.55,653.28,649.2266666666667,616.77,68.42105263157895,648.3,2.5733333333333803,0.8400000000000318,-0.0075642965204235,658.0,659.0,657.0,658.0,1400.0
2022-08-31,660.0,662.0,658.0,661.0,566.7836303710938,1500.0,654.3,653.56,649.6133333333333,616.955,73.91304347826087,648.44,2.2533333333333303,0.8600000000000136,0.0,661.0,663.0,656.0,659.0,6600.0
2022-09-01,660.0,661.0,654.0,654.0,560.7813720703125,2600.0,654.75,653.56,649.9066666666666,617.105,47.99999999999999,648.58,2.039999999999964,0.8400000000000318,-0.010590015128593,661.0,662.0,661.0,660.0,1500.0
2022-09-02,661.0,661.0,657.0,660.0,565.9262084960938,1700.0,655.5,653.72,650.28,617.305,55.17241379310345,648.9,1.919999999999959,0.8599999999999,-0.0015128593040847,661.0,661.0,654.0,660.0,2600.0
2022-09-03,661.0,661.0,657.0,660.0,565.9262084960938,1700.0,656.25,654.08,650.6666666666666,617.585,55.17241379310345,649.48,1.879999999999996,0.9750000000000228,0.0153846153846153,661.0,661.0,660.0,661.0,1700.0
2022-09-04,661.0,661.0,657.0,660.0,565.9262084960938,1700.0,656.7,654.64,650.9466666666667,617.885,55.17241379310345,650.06,1.7200000000000273,1.115000000000009,0.0138248847926267,661.0,661.0,660.0,661.0,1700.0
2022-09-05,662.0,662.0,659.0,660.0,565.9262084960938,1500.0,657.25,655.2,651.1866666666666,618.185,53.57142857142857,650.64,1.5733333333332666,1.2299999999999045,0.0091743119266054,661.0,661.0,660.0,661.0,1700.0
2022-09-06,662.0,662.0,657.0,657.0,563.3538208007812,1700.0,657.6,655.68,651.2533333333333,618.47,50.0,651.16,1.3466666666666924,1.365000000000009,0.0,661.0,662.0,660.0,662.0,1500.0
2022-09-07,654.0,659.0,654.0,656.0,562.4962768554688,4600.0,657.65,656.12,651.2933333333333,618.75,53.57142857142857,651.66,1.0133333333333212,1.44500000000005,-0.0015220700152207,661.0,662.0,657.0,662.0,1700.0
2022-09-08,662.0,662.0,651.0,652.0,559.0664672851562,4700.0,657.4,656.4,651.28,619.01,39.285714285714285,652.1,0.6133333333333439,1.4249999999999543,-0.0076103500761035,661.0,659.0,656.0,654.0,4600.0
2022-09-09,652.0,655.0,652.0,655.0,561.6388549804688,700.0,657.3,656.56,651.3066666666666,619.3,45.16129032258065,652.52,0.3599999999998999,1.4149999999999636,0.0015290519877675,661.0,662.0,652.0,662.0,4700.0
2022-09-10,652.0,655.0,652.0,655.0,561.6388549804688,700.0,657.2,656.8,651.2133333333334,619.6,45.16129032258065,652.86,0.0266666666667561,1.4150000000000773,0.0015290519877675,661.0,655.0,655.0,652.0,700.0
2022-09-11,652.0,655.0,652.0,655.0,561.6388549804688,700.0,657.05,657.0,651.2133333333334,619.9,45.16129032258065,653.2,-0.0399999999999636,1.42999999999995,0.0123647604327665,661.0,655.0,655.0,652.0,700.0
2022-09-12,655.0,655.0,653.0,655.0,561.6388549804688,1300.0,656.95,657.0,651.1866666666666,620.22,46.66666666666666,653.54,-0.1066666666666833,1.4700000000000273,0.0170807453416148,661.0,655.0,655.0,652.0,700.0
2022-09-13,655.0,662.0,655.0,662.0,567.64111328125,1700.0,657.35,657.2,651.2133333333334,620.56,58.33333333333334,653.96,-0.066666666666606,1.5499999999999543,0.0491283676703644,662.0,655.0,655.0,655.0,1300.0
2022-09-14,656.0,661.0,655.0,661.0,566.7836303710938,2400.0,657.5,657.36,651.2133333333334,620.895,50.0,654.26,-0.0933333333332484,1.5950000000000273,0.0475435816164817,662.0,662.0,662.0,655.0,1700.0
2022-09-15,662.0,662.0,661.0,661.0,566.7836303710938,2200.0,657.65,657.52,651.2133333333334,621.23,64.0,654.5,0.0,1.6299999999999957,0.0475435816164817,662.0,661.0,661.0,656.0,2400.0
2022-09-16,661.0,661.0,656.0,656.0,562.4962768554688,2200.0,657.55,657.44,651.1466666666666,621.55,41.66666666666667,654.64,-0.0666666666667197,1.6499999999999773,0.0396196513470681,662.0,662.0,661.0,662.0,2200.0
2022-09-17,661.0,661.0,656.0,656.0,562.4962768554688,2200.0,657.45,657.4,651.08,621.84,41.66666666666667,654.72,-0.1066666666665696,1.6200000000000043,0.0396196513470681,662.0,661.0,656.0,661.0,2200.0
2022-09-18,661.0,661.0,656.0,656.0,562.4962768554688,2200.0,657.4,657.48,651.16,622.13,41.66666666666667,654.8,-0.0533333333333985,1.57000000000005,0.0412698412698413,662.0,661.0,656.0,661.0,2200.0
2022-09-19,661.0,661.0,656.0,656.0,562.4962768554688,2200.0,657.4,657.4,651.2266666666667,622.41,41.66666666666667,654.88,0.0133333333333212,1.5149999999999864,0.0347003154574132,662.0,661.0,656.0,661.0,2200.0
2022-09-20,662.0,662.0,654.0,655.0,561.6388549804688,4300.0,657.1,657.28,651.24,622.685,45.45454545454546,654.96,0.0266666666666424,1.4549999999999272,0.0266457680250784,662.0,661.0,656.0,661.0,2200.0
2022-09-21,655.0,660.0,655.0,660.0,565.9262084960938,5000.0,657.4,657.36,651.28,622.985,57.692307692307686,655.04,0.1333333333333257,1.4350000000000591,0.0344827586206897,662.0,662.0,655.0,662.0,4300.0
2022-09-22,658.0,659.0,654.0,658.0,564.211181640625,2100.0,657.3,657.36,651.2933333333333,623.275,62.5,655.14,0.213333333333253,1.4349999999999454,0.031347962382445,662.0,660.0,660.0,655.0,5000.0
2022-09-23,658.0,659.0,654.0,658.0,564.211181640625,2100.0,657.2,657.4,651.3066666666666,623.59,57.14285714285714,655.3,0.1466666666666469,1.4600000000000364,0.0265210608424337,662.0,659.0,658.0,658.0,2100.0
2022-09-24,658.0,659.0,654.0,658.0,564.211181640625,2100.0,657.1,657.48,651.36,623.93,57.14285714285714,655.38,0.1333333333333257,1.5199999999999818,0.0185758513931888,662.0,659.0,658.0,658.0,2100.0
2022-09-25,658.0,659.0,654.0,658.0,564.211181640625,2100.0,657.0,657.36,651.4133333333333,624.265,57.14285714285714,655.46,0.1733333333332893,1.580000000000041,0.0138674884437597,662.0,659.0,658.0,658.0,2100.0
2022-09-26,660.0,661.0,656.0,659.0,565.0686645507812,49000.0,657.1,657.56,651.5733333333334,624.64,59.09090909090909,655.56,0.2933333333334076,1.6549999999999727,0.0154083204930661,662.0,659.0,658.0,658.0,2100.0
2022-09-27,661.0,661.0,657.0,659.0,565.0686645507812,2200.0,657.25,657.52,651.7733333333333,625.03,39.99999999999999,655.62,0.4800000000000182,1.7549999999999957,0.0107361963190184,662.0,661.0,659.0,660.0,49000.0
2022-09-28,655.0,659.0,653.0,659.0,565.0686645507812,5600.0,657.6,657.48,652.1466666666666,625.42,42.85714285714285,655.78,0.8400000000000318,1.8299999999999272,0.0107361963190184,662.0,661.0,659.0,661.0,2200.0
2022-09-29,615.0,629.0,608.0,620.0,551.7206420898438,7100.0,655.85,655.88,652.0,625.615,11.320754716981128,655.26,0.6399999999999864,1.6850000000000591,-0.049079754601227,662.0,659.0,659.0,655.0,5600.0
2022-09-30,621.0,625.0,617.0,621.0,552.6105346679688,1200.0,654.15,654.32,651.8666666666667,625.795,14.285714285714292,654.76,0.4533333333333758,1.5299999999999727,-0.0460829493087557,662.0,629.0,620.0,615.0,7100.0
2022-10-01,621.0,625.0,617.0,621.0,552.6105346679688,1200.0,652.45,652.88,651.7333333333333,625.975,14.285714285714292,654.28,0.1599999999999681,1.3350000000000364,-0.0533536585365853,662.0,625.0,621.0,621.0,1200.0
2022-10-02,621.0,625.0,617.0,621.0,552.6105346679688,1200.0,650.75,651.48,651.6,626.165,14.285714285714292,653.8,-0.1733333333332893,1.134999999999991,-0.0490045941807044,662.0,625.0,621.0,621.0,1200.0
2022-10-03,617.0,617.0,609.0,609.0,541.9320068359375,2400.0,648.1,649.76,651.32,626.285,11.475409836065566,653.08,-0.8266666666665969,0.8650000000000091,-0.063076923076923,661.0,625.0,621.0,621.0,1200.0
2022-10-04,609.0,611.0,608.0,609.0,541.9320068359375,3800.0,645.5,647.92,650.9866666666667,626.4,11.666666666666671,652.24,-1.0133333333333212,0.7849999999999682,-0.0688073394495413,661.0,617.0,609.0,617.0,2400.0
2022-10-05,609.0,612.0,609.0,609.0,541.9320068359375,2500.0,642.9,646.08,650.6,626.515,3.63636363636364,651.44,-1.2666666666666515,0.7200000000000273,-0.0688073394495413,660.0,611.0,609.0,609.0,3800.0
2022-10-06,605.0,615.0,605.0,610.0,542.8219604492188,2900.0,640.6,644.28,650.2266666666667,626.635,5.555555555555557,650.64,-1.5066666666666606,0.6599999999999682,-0.0672782874617736,660.0,612.0,609.0,609.0,2500.0
2022-10-07,609.0,609.0,606.0,606.0,539.2623901367188,17100.0,638.1,642.32,649.8,626.735,5.172413793103445,649.66,-1.8000000000000682,0.57000000000005,-0.0762195121951219,660.0,615.0,610.0,605.0,2900.0
2022-10-08,609.0,609.0,606.0,606.0,539.2623901367188,17100.0,635.6,640.08,649.3333333333334,626.835,5.172413793103445,648.64,-1.9866666666666788,0.5500000000000682,-0.0691244239631336,660.0,609.0,606.0,609.0,17100.0
2022-10-09,609.0,609.0,606.0,606.0,539.2623901367188,17100.0,633.1,637.88,648.8,626.93,5.172413793103445,647.62,-2.1866666666667243,0.5299999999999727,-0.0619195046439629,660.0,609.0,606.0,609.0,17100.0
2022-10-10,609.0,609.0,606.0,606.0,539.2623901367188,17100.0,630.65,635.68,648.2266666666667,627.045,3.5087719298245617,646.6,-2.373333333333335,0.5299999999999727,-0.0619195046439629,660.0,609.0,606.0,609.0,17100.0
2022-10-11,606.0,608.0,606.0,606.0,539.2623901367188,1700.0,627.95,633.68,647.6533333333333,627.14,3.5087719298245617,645.56,-2.5733333333333803,0.5049999999999955,-0.0604651162790698,659.0,609.0,606.0,609.0,17100.0
2022-10-12,606.0,606.0,604.0,604.0,537.482666015625,1800.0,625.25,631.6,647.0133333333333,627.225,3.389830508474589,644.5,-2.7866666666666333,0.4900000000000091,-0.0635658914728681,659.0,608.0,606.0,606.0,1700.0
2022-10-13,604.0,604.0,601.0,601.0,534.8131103515625,2900.0,622.4,629.4,646.3333333333334,627.295,8.695652173913047,643.44,-3.0,0.4599999999999227,-0.0682170542635659,659.0,606.0,604.0,606.0,1800.0
2022-10-14,601.0,604.0,601.0,602.0,535.7029418945312,1900.0,619.6,627.24,645.6666666666666,627.38,8.695652173913047,642.32,-3.1333333333333258,0.4500000000000455,-0.0752688172043011,659.0,604.0,601.0,604.0,2900.0
2022-10-15,601.0,604.0,601.0,602.0,535.7029418945312,1900.0,616.8,625.12,645.0133333333333,627.46,8.695652173913047,641.2,-3.2133333333333667,0.4150000000000773,-0.0724191063174114,659.0,604.0,602.0,601.0,1900.0
2022-10-16,601.0,604.0,601.0,602.0,535.7029418945312,1900.0,613.95,622.8,644.2933333333333,627.51,8.695652173913047,640.08,-3.3600000000000136,0.3700000000000045,-0.0738461538461539,659.0,604.0,602.0,601.0,1900.0
2022-10-17,602.0,602.0,598.0,598.0,532.1434326171875,7100.0,610.9,620.4,643.56,627.55,13.333333333333329,638.88,-3.453333333333376,0.3249999999999318,-0.0870229007633587,659.0,604.0,602.0,601.0,1900.0
2022-10-18,598.0,601.0,598.0,601.0,534.8131103515625,1600.0,608.0,618.12,642.9066666666666,627.61,27.77777777777777,637.76,-3.4266666666667334,0.3150000000000545,-0.0852359208523592,621.0,602.0,598.0,602.0,7100.0
2022-10-19,667.0,701.0,640.0,653.0,581.08642578125,163300.0,609.65,617.92,642.8933333333333,627.93,81.42857142857143,637.7,-2.773333333333312,0.5499999999999545,-0.0060882800608828,653.0,601.0,601.0,598.0,1600.0
2022-10-20,643.0,644.0,628.0,640.0,569.51806640625,21900.0,610.6,617.2,642.7066666666667,628.185,68.29268292682927,637.28,-2.306666666666615,0.724999999999909,-0.0258751902587519,653.0,701.0,653.0,667.0,163300.0
2022-10-21,645.0,645.0,633.0,633.0,563.2890014648438,7600.0,611.2,616.16,642.4266666666666,628.385,65.88235294117646,636.86,-1.8666666666666745,0.875,-0.0379939209726444,653.0,644.0,640.0,643.0,21900.0
2022-10-22,645.0,645.0,633.0,633.0,563.2890014648438,7600.0,611.8,615.12,642.12,628.57,65.88235294117646,636.32,-1.4399999999999409,1.0200000000000955,-0.0365296803652968,653.0,645.0,633.0,645.0,7600.0
2022-10-23,645.0,645.0,633.0,633.0,563.2890014648438,7600.0,613.0,614.08,641.88,628.755,65.88235294117646,635.78,-1.0266666666666424,1.1449999999999818,-0.0321100917431192,653.0,645.0,633.0,645.0,7600.0
2022-10-24,633.0,633.0,621.0,621.0,552.6105346679688,2800.0,613.6,614.12,641.5466666666666,628.88,57.731958762886606,635.0,-1.3466666666666924,0.9500000000000456,-0.0562310030395136,653.0,645.0,633.0,645.0,7600.0
2022-10-25,631.0,631.0,617.0,620.0,551.7206420898438,4500.0,614.15,614.08,641.2,628.985,57.14285714285714,634.2,-1.5066666666666606,0.8000000000000682,-0.0577507598784194,653.0,633.0,621.0,633.0,2800.0
2022-10-26,620.0,620.0,617.0,619.0,550.8307495117188,1100.0,614.6,614.0,640.8533333333334,629.085,57.731958762886606,633.44,-1.5733333333332666,0.7000000000000455,-0.0592705167173251,653.0,631.0,620.0,631.0,4500.0
2022-10-27,621.0,621.0,616.0,616.0,548.1611938476562,1500.0,615.1,613.8,640.4666666666667,629.17,57.731958762886606,632.64,-1.6533333333333076,0.599999999999909,-0.0638297872340425,653.0,620.0,619.0,620.0,1100.0
2022-10-28,616.0,621.0,615.0,621.0,552.6105346679688,1300.0,615.85,614.28,640.1466666666666,629.265,59.4059405940594,632.02,-1.7333333333333485,0.5099999999999909,-0.0547945205479452,653.0,621.0,616.0,621.0,1500.0
2022-10-29,616.0,621.0,615.0,621.0,552.6105346679688,1300.0,616.6,614.76,639.7466666666667,629.37,59.4059405940594,631.34,-1.7999999999999543,0.4900000000000091,-0.0533536585365853,653.0,621.0,621.0,616.0,1300.0
2022-10-30,616.0,621.0,615.0,621.0,552.6105346679688,1300.0,617.35,615.24,639.3733333333333,629.495,59.4059405940594,630.66,-1.8266666666667104,0.5099999999999909,-0.0605143721633888,653.0,621.0,621.0,616.0,1300.0
2022-10-31,621.0,621.0,615.0,615.0,547.271240234375,500.0,617.8,615.44,638.9066666666666,629.58,58.252427184466015,629.86,-1.9466666666667152,0.4950000000000045,-0.0596330275229357,653.0,621.0,621.0,616.0,1300.0
2022-11-01,612.0,614.0,612.0,614.0,546.3814086914062,2200.0,618.3,615.76,638.36,629.66,56.43564356435643,629.04,-2.106666666666684,0.4900000000000091,-0.0696969696969697,653.0,621.0,615.0,621.0,500.0
2022-11-02,614.0,614.0,610.0,610.0,542.8219604492188,2000.0,618.75,615.92,637.7333333333333,629.72,9.43396226415095,628.0,-2.4133333333332985,0.4550000000000409,-0.0757575757575758,653.0,614.0,614.0,612.0,2200.0
2022-11-03,614.0,614.0,610.0,610.0,542.8219604492188,2000.0,619.15,616.08,637.1066666666667,629.78,12.5,626.98,-2.6399999999999864,0.4099999999999681,-0.0757575757575758,653.0,614.0,610.0,614.0,2000.0
2022-11-04,610.0,618.0,610.0,613.0,545.4915161132812,1600.0,619.7,616.36,636.52,629.875,22.22222222222221,626.02,-2.853333333333353,0.3799999999999954,-0.0712121212121211,653.0,614.0,610.0,614.0,2000.0
2022-11-05,610.0,618.0,610.0,613.0,545.4915161132812,1600.0,620.25,616.64,635.92,629.94,22.22222222222221,625.16,-2.986666666666679,0.3600000000000136,-0.0669710806697108,653.0,618.0,613.0,610.0,1600.0
2022-11-06,610.0,618.0,610.0,613.0,545.4915161132812,1600.0,621.0,617.0,635.3333333333334,630.01,22.22222222222221,624.3,-3.0266666666666424,0.3500000000000227,-0.0655487804878048,653.0,618.0,613.0,610.0,1600.0
2022-11-07,613.0,615.0,612.0,615.0,547.271240234375,900.0,621.7,617.56,634.8133333333334,630.1,38.46153846153846,623.48,-2.919999999999959,0.3799999999999954,-0.0567484662576687,653.0,618.0,613.0,610.0,1600.0
2022-11-08,615.0,620.0,615.0,620.0,551.7206420898438,1700.0,620.05,618.28,634.3066666666666,630.215,50.0,622.76,-2.800000000000068,0.4350000000000591,-0.0534351145038167,640.0,615.0,615.0,613.0,900.0
2022-11-09,619.0,621.0,616.0,621.0,552.6105346679688,1500.0,619.1,619.04,633.8133333333334,630.335,53.33333333333333,622.08,-2.7066666666665924,0.4600000000000364,-0.0519083969465649,633.0,620.0,620.0,615.0,1700.0
2022-11-10,615.0,623.0,615.0,623.0,554.3902587890625,700.0,618.6,619.88,633.3466666666667,630.465,62.06896551724138,621.34,-2.573333333333266,0.5249999999999773,-0.048854961832061,633.0,621.0,621.0,619.0,1500.0
2022-11-11,624.0,630.0,614.0,619.0,550.8307495117188,2000.0,617.9,620.72,632.8266666666667,630.575,46.42857142857143,620.56,-2.5066666666666606,0.5650000000000546,-0.0549618320610687,633.0,623.0,623.0,615.0,700.0
2022-11-12,624.0,630.0,614.0,619.0,550.8307495117188,2000.0,617.2,621.44,632.32,630.69,46.42857142857143,619.78,-2.4933333333333394,0.5900000000000318,-0.0649546827794561,623.0,630.0,619.0,624.0,2000.0
2022-11-13,624.0,630.0,614.0,619.0,550.8307495117188,2000.0,617.1,620.08,631.8266666666667,630.82,46.42857142857143,619.0,-2.4799999999999045,0.6050000000000182,-0.0635400907715582,623.0,630.0,619.0,624.0,2000.0
2022-11-14,620.0,624.0,620.0,624.0,555.2800903320312,1100.0,617.3,619.44,631.3333333333334,630.975,66.66666666666666,618.32,-2.480000000000018,0.6399999999999864,-0.0559757942511346,624.0,630.0,619.0,624.0,2000.0
2022-11-15,622.0,622.0,614.0,614.0,546.3814086914062,700.0,617.05,618.68,630.8,631.08,50.0,617.42,-2.546666666666738,0.6150000000000091,-0.0640243902439023,624.0,624.0,624.0,620.0,1100.0
2022-11-16,615.0,620.0,615.0,619.0,550.8307495117188,800.0,617.2,618.12,630.2533333333333,631.21,62.16216216216216,616.62,-2.5733333333333803,0.6349999999999909,-0.0564024390243902,624.0,622.0,614.0,622.0,700.0
2022-11-17,615.0,618.0,615.0,618.0,549.9408569335938,1200.0,617.05,617.52,629.6933333333334,631.335,60.526315789473685,615.8,-2.626666666666665,0.6449999999999818,-0.0579268292682927,624.0,620.0,619.0,615.0,800.0
2022-11-18,620.0,620.0,615.0,615.0,547.271240234375,1100.0,616.75,617.28,629.0933333333334,631.435,52.631578947368425,615.7,-2.7333333333333485,0.6149999999998954,-0.0625,624.0,618.0,618.0,615.0,1200.0
2022-11-19,620.0,620.0,615.0,615.0,547.271240234375,1100.0,616.45,617.08,628.4933333333333,631.535,52.631578947368425,615.58,-2.840000000000032,0.5599999999999454,-0.0610687022900763,624.0,620.0,615.0,620.0,1100.0
2022-11-20,620.0,620.0,615.0,615.0,547.271240234375,1100.0,616.45,616.92,627.9333333333333,631.635,52.631578947368425,615.46,-2.8666666666666742,0.55499999999995,-0.0681818181818182,624.0,620.0,615.0,620.0,1100.0
2022-11-21,619.0,624.0,619.0,621.0,552.6105346679688,1600.0,616.8,617.12,627.4666666666667,631.765,57.14285714285714,615.46,-2.7866666666666333,0.55499999999995,-0.0562310030395136,624.0,620.0,615.0,620.0,1100.0
2022-11-22,621.0,621.0,616.0,616.0,548.1611938476562,1000.0,617.1,616.92,626.9866666666667,631.87,45.23809523809524,615.6,-2.706666666666706,0.5349999999999682,-0.0638297872340425,624.0,624.0,621.0,619.0,1600.0
2022-11-23,621.0,621.0,616.0,616.0,548.1611938476562,1000.0,617.4,616.72,626.4666666666667,631.975,43.90243902439024,615.74,-2.626666666666665,0.5400000000000773,-0.0638297872340425,624.0,621.0,616.0,621.0,1000.0
2022-11-24,619.0,630.0,619.0,628.0,558.839599609375,6300.0,618.15,617.0,626.1066666666667,632.14,54.90196078431373,616.12,-2.386666666666656,0.6050000000000182,-0.0455927051671732,628.0,621.0,616.0,621.0,1000.0
2022-11-25,633.0,633.0,632.0,633.0,563.2890014648438,1500.0,619.15,617.72,625.8133333333334,632.33,63.46153846153846,616.58,-2.119999999999891,0.69500000000005,-0.0394537177541729,633.0,630.0,628.0,619.0,6300.0
2022-11-26,633.0,633.0,632.0,633.0,563.2890014648438,1500.0,620.15,618.48,625.52,632.5,63.46153846153846,617.12,-1.9466666666667152,0.7350000000000136,-0.0394537177541729,633.0,633.0,633.0,633.0,1500.0
2022-11-27,633.0,633.0,632.0,633.0,563.2890014648438,1500.0,621.05,619.4,625.1333333333333,632.695,63.46153846153846,617.66,-1.853333333333353,0.8250000000000455,-0.0394537177541729,633.0,633.0,633.0,633.0,1500.0
2022-11-28,637.0,643.0,637.0,643.0,572.1876831054688,3400.0,622.2,620.72,624.8933333333333,632.935,66.66666666666666,618.4,-1.5733333333333803,0.9599999999999228,0.0370967741935484,643.0,633.0,633.0,633.0,1500.0
2022-11-29,634.0,641.0,634.0,637.0,566.8484497070312,500.0,623.0,621.68,624.5733333333334,633.17,71.69811320754718,619.02,-1.533333333333303,1.0299999999999727,0.0257648953301126,643.0,643.0,643.0,637.0,3400.0
2022-11-30,637.0,641.0,634.0,640.0,569.51806640625,1200.0,623.85,622.76,624.36,633.42,70.58823529411765,619.7,-1.4533333333333758,1.089999999999918,0.0305958132045087,643.0,641.0,637.0,634.0,500.0
2022-12-01,640.0,640.0,634.0,635.0,565.0686645507812,1900.0,624.65,623.64,624.08,633.645,65.45454545454545,620.32,-1.4399999999999409,1.1449999999999818,0.0225442834138487,643.0,641.0,640.0,637.0,1200.0
2022-12-02,635.0,639.0,633.0,633.0,563.2890014648438,2600.0,625.35,624.36,623.7733333333333,633.855,66.66666666666666,620.96,-1.3600000000000136,1.1599999999999682,0.0394088669950738,643.0,640.0,635.0,640.0,1900.0
2022-12-03,635.0,639.0,633.0,633.0,563.2890014648438,2600.0,626.05,624.88,623.4666666666667,634.045,66.66666666666666,621.58,-1.4266666666666197,1.1100000000000136,0.0394088669950738,643.0,639.0,633.0,635.0,2600.0
2022-12-04,635.0,639.0,633.0,633.0,563.2890014648438,2600.0,626.5,625.36,623.1733333333333,634.215,66.66666666666666,622.2,-1.400000000000091,1.0450000000000728,0.0394088669950738,643.0,639.0,633.0,635.0,2600.0
2022-12-05,636.0,639.0,630.0,634.0,564.1788330078125,4200.0,627.5,625.8,622.8266666666667,634.385,63.26530612244898,622.84,-1.533333333333303,0.9650000000000318,0.0393442622950819,643.0,639.0,633.0,635.0,2600.0
2022-12-06,629.0,634.0,626.0,630.0,560.6193237304688,1000.0,628.05,626.24,622.4533333333334,634.535,64.58333333333334,623.48,-1.6266666666666652,0.8899999999999864,0.0396039603960396,643.0,639.0,634.0,636.0,4200.0
2022-12-07,630.0,634.0,630.0,634.0,564.1788330078125,300.0,628.85,626.84,622.1333333333333,634.705,67.30769230769232,624.14,-1.6399999999999864,0.8500000000000227,0.0462046204620461,643.0,634.0,630.0,629.0,1000.0
2022-12-08,635.0,635.0,635.0,635.0,565.0686645507812,300.0,629.85,627.48,621.8266666666667,634.88,58.53658536585366,623.78,-1.6399999999999864,0.8350000000000364,0.0478547854785478,643.0,634.0,634.0,630.0,300.0
2022-12-09,640.0,642.0,639.0,642.0,571.2978515625,2000.0,631.2,628.2,621.6133333333333,635.09,60.46511627906977,623.82,-1.5599999999999454,0.875,0.0594059405940594,643.0,635.0,635.0,635.0,300.0
2022-12-10,640.0,642.0,639.0,642.0,571.2978515625,2000.0,632.55,629.32,621.3866666666667,635.28,60.46511627906977,624.0,-1.4400000000000546,0.8949999999999818,0.0594059405940594,643.0,642.0,642.0,640.0,2000.0
2022-12-11,640.0,642.0,639.0,642.0,571.2978515625,2000.0,633.6,630.24,621.16,635.46,60.46511627906977,624.18,-1.2933333333334076,0.9250000000000682,0.0629139072847682,643.0,642.0,642.0,640.0,2000.0
2022-12-12,642.0,642.0,638.0,641.0,570.4078979492188,400.0,634.85,631.16,620.92,635.625,47.05882352941176,624.34,-1.213333333333367,0.9199999999999592,0.0665557404326122,643.0,642.0,642.0,640.0,2000.0
2022-12-13,641.0,645.0,635.0,639.0,568.6282348632812,1600.0,636.0,632.12,621.1733333333333,635.78,53.33333333333333,624.7,-0.6533333333334213,0.8999999999999773,0.0614617940199335,643.0,642.0,641.0,642.0,400.0
2022-12-14,639.0,644.0,636.0,638.0,567.7383422851562,700.0,636.5,633.04,621.4,635.93,46.42857142857143,625.06,-0.2133333333333666,0.8399999999999181,0.0598006644518271,643.0,645.0,639.0,641.0,1600.0
2022-12-15,635.0,641.0,635.0,639.0,568.6282348632812,700.0,636.8,634.0,621.64,636.085,58.33333333333333,625.46,0.2533333333333303,0.8050000000000637,0.0614617940199335,643.0,644.0,638.0,639.0,700.0
2022-12-16,635.0,637.0,631.0,635.0,565.0686645507812,2100.0,636.9,634.56,621.8266666666667,636.235,53.846153846153854,625.84,0.6666666666667425,0.7749999999999773,0.0618729096989967,643.0,641.0,639.0,635.0,700.0
2022-12-17,635.0,637.0,631.0,635.0,565.0686645507812,2100.0,637.0,635.32,622.1733333333333,636.395,53.846153846153854,626.12,1.2533333333333303,0.7699999999999818,0.0565723793677204,643.0,637.0,635.0,635.0,2100.0
2022-12-18,635.0,637.0,631.0,635.0,565.0686645507812,2100.0,636.6,636.08,622.52,636.525,53.846153846153854,626.4,1.3466666666666924,0.7450000000000045,-0.0275650842266462,642.0,637.0,635.0,635.0,2100.0
2022-12-19,631.0,632.0,625.0,626.0,557.059814453125,4900.0,636.05,636.0,622.7466666666667,636.635,38.23529411764706,626.5,1.3466666666666924,0.7050000000000409,-0.0218749999999999,642.0,637.0,635.0,635.0,2100.0
2022-12-20,636.0,636.0,620.0,620.0,551.7206420898438,6700.0,635.05,635.48,622.88,636.705,36.11111111111112,626.6,1.240000000000009,0.6200000000000045,-0.0205371248025276,642.0,632.0,626.0,631.0,4900.0
2022-12-21,620.0,620.0,612.0,619.0,550.8307495117188,3400.0,634.25,634.92,623.0533333333333,636.77,27.272727272727263,626.7,1.2266666666665742,0.5349999999999682,-0.0221169036334912,642.0,636.0,620.0,636.0,6700.0
2022-12-22,614.0,619.0,614.0,619.0,550.8307495117188,900.0,633.55,634.36,623.2266666666667,636.835,25.0,626.88,1.0533333333333983,0.4400000000000545,-0.0221169036334912,642.0,620.0,619.0,620.0,3400.0
2022-12-23,634.0,634.0,617.0,628.0,558.839599609375,5300.0,633.3,633.76,623.52,636.95,29.41176470588236,627.24,1.0,0.4250000000000682,0.0112721417069243,642.0,619.0,619.0,614.0,900.0
2022-12-24,634.0,634.0,617.0,628.0,558.839599609375,5300.0,633.05,633.4,623.8133333333334,637.065,29.41176470588236,627.54,1.0666666666667195,0.4300000000000636,0.0129032258064516,642.0,634.0,628.0,634.0,5300.0
2022-12-25,634.0,634.0,617.0,628.0,558.839599609375,5300.0,632.75,632.92,624.1066666666667,637.18,29.41176470588236,627.84,1.226666666666688,0.474999999999909,0.0145395799676897,642.0,634.0,628.0,634.0,5300.0
2022-12-26,626.0,632.0,626.0,628.0,558.839599609375,1300.0,632.65,632.64,624.4266666666666,637.27,30.30303030303031,628.14,1.3733333333333348,0.5,0.0194805194805194,642.0,634.0,628.0,634.0,5300.0
2022-12-27,628.0,633.0,625.0,625.0,556.1700439453125,1400.0,632.2,632.32,624.7466666666667,637.37,29.41176470588236,628.34,1.5199999999999818,0.5349999999999682,0.0064412238325282,642.0,632.0,628.0,626.0,1300.0
2022-12-28,625.0,625.0,622.0,622.0,553.5003662109375,900.0,631.55,631.88,625.0133333333333,637.455,27.77777777777777,628.38,1.4933333333333394,0.5049999999999955,0.001610305958132,642.0,633.0,625.0,628.0,1400.0
2022-12-29,618.0,621.0,616.0,621.0,552.6105346679688,1300.0,630.5,631.4,625.2666666666667,637.535,25.00000000000001,628.38,1.453333333333262,0.4699999999999136,0.0,642.0,625.0,622.0,625.0,900.0
2022-12-30,627.0,628.0,619.0,620.0,551.7206420898438,1600.0,629.4,630.84,625.5066666666667,637.535,27.272727272727263,628.32,1.3999999999999773,0.3550000000000182,0.0081300813008129,642.0,621.0,621.0,618.0,1300.0
2022-12-31,627.0,628.0,619.0,620.0,551.7206420898438,1600.0,628.3,630.44,625.8,637.53,27.272727272727263,628.34,1.3733333333333348,0.2599999999999909,0.009771986970684,641.0,628.0,620.0,627.0,1600.0
2023-01-01,627.0,628.0,619.0,620.0,551.7206420898438,1600.0,627.25,629.88,626.0533333333333,637.505,27.272727272727263,628.36,1.3066666666666151,0.1349999999999909,0.0163934426229508,639.0,628.0,620.0,627.0,1600.0
2023-01-02,627.0,628.0,619.0,620.0,551.7206420898438,1600.0,626.3,629.28,625.6133333333333,637.49,37.5,628.38,0.6000000000000227,0.0349999999999681,0.0163934426229508,639.0,628.0,620.0,627.0,1600.0
2023-01-03,627.0,628.0,619.0,620.0,551.7206420898438,1600.0,625.4,628.4,625.3466666666667,637.43,50.0,628.3,0.0800000000000409,-0.1050000000000181,0.0114192495921696,639.0,628.0,620.0,627.0,1600.0
2023-01-04,620.0,626.0,615.0,622.0,553.5003662109375,2000.0,624.55,627.6,625.2,637.38,57.89473684210526,628.46,-0.3066666666666151,-0.1549999999999727,0.0146818923327896,635.0,628.0,620.0,627.0,1600.0
2023-01-05,622.0,623.0,622.0,622.0,553.5003662109375,400.0,623.9,626.8,625.0533333333333,637.33,57.89473684210526,628.52,-0.7466666666666697,-0.1999999999999318,0.0146818923327896,635.0,626.0,622.0,620.0,2000.0
2023-01-06,624.0,626.0,620.0,626.0,557.059814453125,400.0,623.45,626.2,624.96,637.305,42.85714285714285,628.68,-1.0933333333332484,-0.2000000000000454,0.0178861788617885,635.0,623.0,622.0,622.0,400.0
2023-01-07,624.0,626.0,620.0,626.0,557.059814453125,400.0,623.0,625.68,625.0266666666666,637.24,42.85714285714285,628.9,-0.5866666666667015,-0.25,0.0096774193548387,628.0,626.0,626.0,624.0,400.0
2023-01-08,624.0,626.0,620.0,626.0,557.059814453125,400.0,623.0,625.2,625.1066666666667,637.16,42.85714285714285,629.12,-0.2400000000000091,-0.2699999999999818,0.0080515297906602,628.0,626.0,626.0,624.0,400.0
2023-01-09,624.0,626.0,620.0,626.0,557.059814453125,400.0,623.3,624.68,625.2,637.03,42.85714285714285,629.34,0.0,-0.3500000000000227,0.0048154093097914,628.0,626.0,626.0,624.0,400.0
2023-01-10,624.0,624.0,623.0,623.0,554.3902587890625,900.0,623.5,624.2,625.2933333333333,636.88,42.85714285714285,629.38,0.2400000000000091,-0.4500000000000455,0.0064620355411955,628.0,626.0,626.0,624.0,400.0
2023-01-11,624.0,624.0,619.0,619.0,550.8307495117188,500.0,623.5,623.56,625.2666666666667,636.71,39.99999999999999,629.44,0.3066666666666151,-0.5949999999999136,0.0,628.0,624.0,623.0,624.0,900.0
2023-01-12,618.0,618.0,614.0,615.0,547.271240234375,2000.0,622.85,622.76,625.1866666666666,636.52,33.33333333333333,629.42,0.1599999999999681,-0.7200000000000273,-0.0064620355411955,628.0,624.0,619.0,624.0,500.0
2023-01-13,615.0,615.0,613.0,614.0,546.3814086914062,500.0,622.15,622.28,625.0933333333334,636.28,33.33333333333333,629.14,-0.0133333333333212,-0.8799999999999955,-0.016025641025641,628.0,618.0,615.0,618.0,2000.0
2023-01-14,615.0,615.0,613.0,614.0,546.3814086914062,500.0,621.45,622.04,625.08,636.075,33.33333333333333,628.76,-0.1200000000000045,-0.9549999999999272,0.0,628.0,615.0,614.0,615.0,500.0
2023-01-15,615.0,615.0,613.0,614.0,546.3814086914062,500.0,620.75,621.84,625.08,635.86,33.33333333333333,628.38,-0.213333333333253,-1.0199999999999818,-0.0080775444264943,626.0,615.0,614.0,615.0,500.0
2023-01-16,615.0,625.0,613.0,613.0,545.4915161132812,3600.0,620.15,621.6,625.12,635.625,31.57894736842105,627.98,-0.1466666666666469,-1.0850000000000364,-0.0080906148867313,626.0,615.0,614.0,615.0,500.0
2023-01-17,613.0,626.0,613.0,616.0,548.1611938476562,2800.0,619.85,621.12,625.2,635.4,40.90909090909091,627.44,0.0133333333334348,-1.1200000000000043,0.0016260162601626,626.0,625.0,613.0,615.0,3600.0
2023-01-18,618.0,618.0,613.0,618.0,549.9408569335938,600.0,619.7,620.72,625.2666666666667,635.185,40.90909090909091,627.06,0.1733333333332893,-1.0950000000000273,0.0048780487804878,626.0,626.0,616.0,613.0,2800.0
2023-01-19,615.0,617.0,615.0,617.0,549.0509643554688,200.0,619.55,620.28,625.32,634.965,39.130434782608695,626.6,0.2400000000000091,-1.1100000000000136,0.0032520325203251,626.0,618.0,618.0,618.0,600.0
2023-01-20,615.0,616.0,612.0,612.0,544.6016845703125,1100.0,619.15,619.64,625.3066666666666,634.72,20.83333333333333,626.14,0.2266666666665742,-1.1399999999999864,-0.0144927536231883,626.0,617.0,617.0,615.0,200.0
2023-01-21,615.0,616.0,612.0,612.0,544.6016845703125,1100.0,618.75,619.12,625.2666666666667,634.53,20.83333333333333,625.72,0.1466666666666469,-1.0950000000000273,-0.0064935064935064,626.0,616.0,612.0,615.0,1100.0
2023-01-22,615.0,616.0,612.0,612.0,544.6016845703125,1100.0,618.35,618.72,625.16,634.335,20.83333333333333,625.3,-0.0400000000000773,-1.0649999999999409,-0.0064935064935064,626.0,616.0,612.0,615.0,1100.0
2023-01-23,612.0,612.0,611.0,612.0,544.6016845703125,1200.0,617.95,618.36,625.04,634.125,20.83333333333333,624.88,-0.2266666666666879,-1.0599999999999454,-0.0254777070063694,626.0,616.0,612.0,615.0,1100.0
2023-01-24,616.0,616.0,611.0,612.0,544.6016845703125,900.0,617.45,618.04,624.8933333333333,633.9,23.80952380952381,624.44,-0.4266666666667333,-1.0650000000000546,-0.0331753554502369,626.0,612.0,612.0,612.0,1200.0
2023-01-25,613.0,616.0,613.0,614.0,546.3814086914062,1300.0,617.05,617.8,624.8266666666667,633.685,36.8421052631579,624.12,-0.4799999999999045,-1.035000000000082,-0.0300157977883096,626.0,616.0,612.0,616.0,900.0
2023-01-26,616.0,616.0,611.0,614.0,546.3814086914062,900.0,616.45,617.56,624.76,633.47,46.66666666666666,623.72,-0.5066666666666606,-1.0599999999999454,-0.0300157977883096,626.0,616.0,614.0,613.0,1300.0
2023-01-27,620.0,620.0,614.0,614.0,546.3814086914062,800.0,615.85,617.32,624.6933333333334,633.27,50.0,623.3,-0.4666666666665833,-1.0650000000000546,-0.0451010886469673,626.0,616.0,614.0,616.0,900.0
2023-01-28,620.0,620.0,614.0,614.0,546.3814086914062,800.0,615.25,617.08,624.56,633.07,50.0,622.74,-0.4800000000000182,-1.05499999999995,-0.0361067503924646,626.0,620.0,614.0,620.0,800.0
2023-01-29,620.0,620.0,614.0,614.0,546.3814086914062,800.0,614.65,616.76,624.56,632.905,50.0,622.18,-0.3333333333333712,-0.9950000000000044,-0.040625,623.0,620.0,614.0,620.0,800.0
2023-01-30,617.0,620.0,615.0,615.0,547.271240234375,800.0,614.25,616.48,624.5066666666667,632.76,57.14285714285714,621.64,-0.32000000000005,-0.9249999999999544,-0.031496062992126,619.0,620.0,614.0,620.0,800.0
2023-01-31,620.0,620.0,614.0,615.0,547.271240234375,700.0,614.05,616.04,624.4666666666667,632.68,45.45454545454546,621.12,-0.2933333333332939,-0.7900000000000773,-0.0284360189573459,618.0,620.0,615.0,617.0,800.0
2023-02-01,620.0,620.0,619.0,619.0,550.8307495117188,400.0,614.25,615.76,624.52,632.62,53.846153846153854,620.72,-0.173333333333403,-0.6499999999999773,-0.0221169036334912,619.0,620.0,615.0,620.0,700.0
2023-02-02,620.0,620.0,620.0,620.0,551.7206420898438,100.0,614.55,615.52,624.5866666666667,632.565,61.53846153846153,620.36,0.0266666666667561,-0.5049999999999955,-0.0205371248025276,620.0,620.0,619.0,620.0,400.0
2023-02-03,620.0,620.0,616.0,616.0,548.1611938476562,300.0,614.65,615.12,624.6,632.49,66.66666666666666,619.9,0.0400000000000773,-0.4149999999999636,-0.028391167192429,620.0,620.0,620.0,620.0,100.0
2023-02-04,620.0,620.0,616.0,616.0,548.1611938476562,300.0,614.75,614.84,624.5333333333333,632.415,66.66666666666666,619.52,0.0266666666666424,-0.3450000000000273,-0.0222222222222222,620.0,620.0,616.0,620.0,300.0
2023-02-05,620.0,620.0,616.0,616.0,548.1611938476562,300.0,614.9,614.72,624.5333333333333,632.345,66.66666666666666,619.14,0.066666666666606,-0.3349999999999227,-0.028391167192429,620.0,620.0,616.0,620.0,300.0
2023-02-06,616.0,620.0,616.0,619.0,550.8307495117188,700.0,615.05,614.88,624.5733333333334,632.27,73.33333333333333,618.82,0.0533333333333985,-0.3500000000000227,-0.0251968503937007,620.0,620.0,616.0,620.0,300.0
2023-02-07,619.0,620.0,619.0,620.0,551.7206420898438,400.0,615.15,615.12,624.4666666666667,632.18,75.0,618.7,-0.1200000000000045,-0.3850000000001046,-0.0342679127725856,620.0,620.0,619.0,616.0,700.0
2023-02-08,620.0,623.0,620.0,622.0,553.5003662109375,400.0,615.4,615.44,624.32,632.1,75.0,618.74,-0.2799999999999727,-0.3899999999999863,-0.0311526479750778,622.0,620.0,620.0,619.0,400.0
2023-02-09,622.0,622.0,619.0,621.0,552.6105346679688,1000.0,615.85,615.72,624.16,632.015,70.58823529411765,618.78,-0.3733333333333348,-0.3999999999999772,-0.0327102803738317,622.0,623.0,622.0,620.0,400.0
2023-02-10,622.0,623.0,621.0,621.0,552.6105346679688,600.0,616.3,616.04,624.0,631.915,70.58823529411765,618.82,-0.533333333333303,-0.4300000000000636,-0.0312012480499219,622.0,622.0,621.0,622.0,1000.0
2023-02-11,622.0,623.0,621.0,621.0,552.6105346679688,600.0,616.75,616.24,623.7066666666667,631.79,70.58823529411765,618.68,-0.8666666666666742,-0.4800000000000182,-0.028169014084507,622.0,623.0,621.0,622.0,600.0
2023-02-12,622.0,623.0,621.0,621.0,552.6105346679688,600.0,617.2,616.36,623.4933333333333,631.65,70.58823529411765,618.54,-0.9733333333333576,-0.5299999999999727,-0.0266457680250783,622.0,623.0,621.0,622.0,600.0
2023-02-13,621.0,624.0,620.0,624.0,555.2800903320312,1000.0,617.8,616.64,623.28,631.525,73.68421052631578,618.46,-1.0400000000000773,-0.5750000000000455,-0.0234741784037558,624.0,623.0,621.0,622.0,600.0
2023-02-14,623.0,624.0,618.0,618.0,549.9408569335938,2100.0,618.0,616.88,623.0533333333333,631.355,55.99999999999999,618.26,-1.1066666666666831,-0.6599999999999682,-0.0267716535433071,624.0,624.0,624.0,621.0,1000.0
2023-02-15,621.0,622.0,617.0,620.0,551.7206420898438,3700.0,618.3,617.2,622.88,631.195,52.17391304347826,618.16,-1.1200000000000043,-0.7199999999999136,-0.0236220472440944,624.0,624.0,618.0,623.0,2100.0
2023-02-16,621.0,621.0,619.0,620.0,551.7206420898438,1100.0,618.6,617.52,622.7066666666667,631.035,50.0,618.12,-1.0,-0.7549999999999955,-0.0236220472440944,624.0,622.0,620.0,621.0,3700.0
2023-02-17,622.0,622.0,619.0,621.0,552.6105346679688,1100.0,618.95,617.88,622.5466666666666,630.885,63.15789473684211,618.12,-0.9466666666667152,-0.7649999999999864,-0.0079872204472843,624.0,621.0,620.0,621.0,1100.0
2023-02-18,622.0,622.0,619.0,621.0,552.6105346679688,1100.0,619.3,618.24,622.3733333333333,630.71,63.15789473684211,618.14,-0.906666666666638,-0.8149999999999409,0.0016129032258065,624.0,622.0,621.0,622.0,1100.0
2023-02-19,622.0,622.0,619.0,621.0,552.6105346679688,1100.0,619.6,618.52,622.2533333333333,630.55,63.15789473684211,618.16,-0.7999999999999545,-0.8050000000000637,0.0032310177705976,624.0,622.0,621.0,622.0,1100.0
2023-02-20,621.0,624.0,621.0,623.0,554.3902587890625,600.0,620.0,618.88,622.1066666666667,630.415,61.11111111111111,618.22,-0.7733333333333121,-0.7800000000000864,0.0064620355411955,624.0,622.0,621.0,622.0,1100.0
2023-02-21,623.0,623.0,621.0,621.0,552.6105346679688,1900.0,620.1,619.16,621.92,630.25,52.631578947368425,618.24,-0.786666666666747,-0.7849999999999682,-0.0111464968152866,624.0,624.0,623.0,621.0,600.0
2023-02-22,621.0,622.0,620.0,620.0,551.7206420898438,800.0,620.1,619.4,621.6266666666667,630.08,44.44444444444444,618.24,-0.9199999999999592,-0.80499999999995,-0.0127388535031847,624.0,623.0,621.0,623.0,1900.0
2023-02-23,621.0,622.0,620.0,620.0,551.7206420898438,800.0,620.3,619.64,621.3333333333334,629.91,47.05882352941176,618.2,-1.0399999999999636,-0.8000000000000682,-0.0127388535031847,624.0,622.0,620.0,621.0,800.0
2023-02-24,623.0,623.0,619.0,619.0,550.8307495117188,1300.0,620.45,619.8,621.0266666666666,629.725,44.44444444444444,618.14,-1.226666666666688,-0.8249999999999318,-0.0143312101910828,624.0,622.0,620.0,621.0,800.0
2023-02-25,623.0,623.0,619.0,619.0,550.8307495117188,1300.0,620.6,619.96,620.7333333333333,629.565,44.44444444444444,618.0,-1.3733333333333348,-0.849999999999909,-0.0096,624.0,623.0,619.0,623.0,1300.0
2023-02-26,623.0,623.0,619.0,619.0,550.8307495117188,1300.0,620.6,619.96,620.4666666666667,629.43,44.44444444444444,617.86,-1.453333333333262,-0.82000000000005,-0.0048231511254018,624.0,623.0,619.0,623.0,1300.0
2023-02-27,619.0,624.0,619.0,621.0,552.6105346679688,1200.0,620.65,620.0,620.24,629.305,41.17647058823529,617.76,-1.386666666666656,-0.775000000000091,0.0,624.0,623.0,619.0,623.0,1300.0
2023-02-28,620.0,623.0,619.0,623.0,554.3902587890625,1700.0,620.7,620.28,620.0266666666666,629.195,69.23076923076923,617.7,-1.3066666666667288,-0.7149999999999181,0.0048387096774193,624.0,624.0,621.0,619.0,1200.0
2023-03-01,624.0,624.0,621.0,622.0,553.5003662109375,900.0,620.75,620.52,619.8533333333334,629.08,58.33333333333333,617.68,-1.1733333333332894,-0.6449999999999818,0.0032258064516128,624.0,623.0,623.0,620.0,1700.0
2023-03-02,625.0,629.0,625.0,629.0,559.7294921875,3500.0,621.15,621.04,619.7733333333333,629.0,73.68421052631578,617.88,-0.9600000000000364,-0.5650000000000546,0.0145161290322579,629.0,624.0,622.0,624.0,900.0
2023-03-03,637.0,640.0,633.0,638.0,567.7383422851562,4400.0,622.0,621.8,619.8133333333334,628.935,81.48148148148148,618.34,-0.6533333333333076,-0.4950000000000045,0.0290322580645161,638.0,629.0,629.0,625.0,3500.0
2023-03-04,637.0,640.0,633.0,638.0,567.7383422851562,4400.0,622.85,622.52,619.9733333333334,628.88,81.48148148148148,618.82,-0.2666666666666515,-0.4249999999999545,0.0290322580645161,638.0,640.0,638.0,637.0,4400.0
2023-03-05,637.0,640.0,633.0,638.0,567.7383422851562,4400.0,623.55,623.16,620.2133333333334,628.82,81.48148148148148,619.3,0.1866666666667242,-0.375,0.0257234726688102,638.0,640.0,638.0,637.0,4400.0
2023-03-06,640.0,644.0,640.0,644.0,573.0775146484375,4700.0,624.85,624.08,620.5466666666666,628.765,83.87096774193549,619.9,0.6933333333332712,-0.3150000000000545,0.0353697749196142,644.0,640.0,638.0,637.0,4400.0
2023-03-07,645.0,651.0,640.0,640.0,569.51806640625,2400.0,625.85,624.84,620.8266666666667,628.68,78.78787878787878,620.44,1.0533333333333983,-0.32000000000005,0.0223642172523961,644.0,644.0,644.0,640.0,4700.0
2023-03-08,640.0,640.0,640.0,640.0,569.51806640625,500.0,626.85,625.6,620.9866666666667,628.595,81.25,620.92,1.1733333333332894,-0.3399999999999181,0.0223642172523961,644.0,651.0,640.0,645.0,2400.0
2023-03-09,642.0,647.0,642.0,645.0,573.9674072265625,1100.0,628.05,626.56,621.2133333333334,628.535,83.78378378378379,621.46,1.240000000000009,-0.3450000000000273,0.0303514376996805,645.0,640.0,640.0,640.0,500.0
2023-03-10,647.0,647.0,632.0,632.0,562.3990478515625,1300.0,628.6,626.88,621.2666666666667,628.405,63.26530612244898,621.76,1.0533333333332848,-0.4150000000000773,0.0095846645367412,645.0,647.0,645.0,642.0,1100.0
2023-03-11,647.0,647.0,632.0,632.0,562.3990478515625,1300.0,629.15,627.44,621.32,628.28,63.26530612244898,622.16,0.7733333333334258,-0.4850000000000136,0.014446227929374,645.0,647.0,632.0,647.0,1300.0
2023-03-12,647.0,647.0,632.0,632.0,562.3990478515625,1300.0,629.6,627.92,621.4133333333333,628.17,63.26530612244898,622.56,0.5866666666665878,-0.5099999999999909,0.0210016155088852,645.0,647.0,632.0,647.0,1300.0
2023-03-13,629.0,629.0,620.0,624.0,555.2800903320312,5100.0,629.75,628.08,621.44,628.0,52.72727272727273,622.8,0.4533333333333758,-0.5950000000000273,0.0146341463414634,645.0,647.0,632.0,647.0,1300.0
2023-03-14,620.0,623.0,620.0,622.0,553.5003662109375,2600.0,629.85,628.12,621.4533333333334,627.82,49.09090909090909,623.0,0.2400000000000091,-0.7149999999999181,0.013029315960912,645.0,629.0,624.0,629.0,5100.0
2023-03-15,621.0,623.0,621.0,621.0,552.6105346679688,600.0,629.9,628.12,621.4666666666667,627.635,49.09090909090909,623.18,0.2000000000000454,-0.7699999999999818,0.011400651465798,645.0,623.0,622.0,620.0,2600.0
2023-03-16,618.0,623.0,616.0,623.0,554.3902587890625,3000.0,630.1,628.2,621.5066666666667,627.46,43.99999999999999,623.36,0.1866666666666105,-0.8199999999999363,0.014657980456026,645.0,623.0,621.0,621.0,600.0
2023-03-17,626.0,643.0,620.0,640.0,569.51806640625,5000.0,631.15,628.88,621.7733333333333,627.375,51.72413793103448,623.88,0.3600000000000136,-0.7949999999999591,0.0440456769983685,645.0,623.0,623.0,618.0,3000.0
2023-03-18,626.0,643.0,620.0,640.0,569.51806640625,5000.0,632.2,629.64,622.04,627.295,51.72413793103448,624.4,0.599999999999909,-0.7050000000000409,0.0389610389610388,645.0,643.0,640.0,626.0,5000.0
2023-03-19,626.0,643.0,620.0,640.0,569.51806640625,5000.0,633.15,630.44,622.3066666666666,627.19,51.72413793103448,624.92,0.8533333333332394,-0.6299999999999955,0.035598705501618,645.0,643.0,640.0,626.0,5000.0
2023-03-20,645.0,645.0,626.0,630.0,560.6193237304688,24000.0,633.5,630.84,622.4133333333333,627.07,38.70967741935484,625.24,0.9466666666666016,-0.5649999999999409,0.0210696920583468,645.0,643.0,640.0,626.0,5000.0
2023-03-21,645.0,645.0,626.0,630.0,560.6193237304688,24000.0,633.9,631.28,622.52,626.92,41.3793103448276,625.54,1.0133333333333212,-0.5400000000000773,0.0294117647058822,645.0,645.0,630.0,645.0,24000.0
2023-03-22,623.0,630.0,623.0,625.0,556.1700439453125,3500.0,633.7,631.52,622.5066666666667,626.745,38.095238095238095,625.74,0.7333333333333485,-0.6299999999999955,0.0212418300653594,645.0,645.0,630.0,645.0,24000.0
2023-03-23,627.0,628.0,623.0,624.0,555.2800903320312,500.0,633.0,631.72,622.48,626.565,32.203389830508485,625.84,0.4400000000000545,-0.7299999999999045,0.0196078431372548,645.0,630.0,625.0,623.0,3500.0
2023-03-24,634.0,634.0,624.0,624.0,555.2800903320312,1200.0,632.3,631.84,622.4533333333334,626.385,41.30434782608696,625.92,0.1466666666667606,-0.8050000000000637,0.0196078431372548,645.0,628.0,624.0,627.0,500.0
2023-03-25,634.0,634.0,624.0,624.0,555.2800903320312,1200.0,631.6,631.88,622.4266666666666,626.22,41.30434782608696,626.08,0.0133333333333212,-0.8500000000000227,0.0196078431372548,645.0,634.0,624.0,634.0,1200.0
2023-03-26,634.0,634.0,624.0,624.0,555.2800903320312,1200.0,630.6,631.96,622.44,626.06,41.30434782608696,626.24,-0.0799999999999272,-0.8600000000000136,0.01628664495114,645.0,634.0,624.0,634.0,1200.0
2023-03-27,627.0,627.0,623.0,623.0,554.3902587890625,2700.0,629.75,631.72,622.4933333333333,625.915,48.71794871794872,626.38,-0.0133333333333212,-0.8300000000000409,0.014657980456026,645.0,634.0,624.0,634.0,1200.0
2023-03-28,624.0,629.0,622.0,622.0,553.5003662109375,1600.0,628.85,631.08,622.5866666666667,625.75,50.0,626.44,0.1066666666666833,-0.8150000000000546,0.013029315960912,645.0,627.0,623.0,627.0,2700.0
2023-03-29,626.0,629.0,620.0,629.0,559.7294921875,3200.0,628.05,630.72,622.7866666666666,625.62,59.09090909090909,626.62,0.3333333333332575,-0.7649999999999864,0.0244299674267101,640.0,629.0,622.0,624.0,1600.0
2023-03-30,629.0,629.0,627.0,629.0,559.7294921875,300.0,627.9,630.36,622.9866666666667,625.49,57.14285714285714,626.76,0.5600000000000591,-0.7300000000000182,0.0244299674267101,640.0,629.0,629.0,626.0,3200.0
2023-03-31,626.0,630.0,620.0,625.0,556.1700439453125,1600.0,627.55,629.6,623.1333333333333,625.34,24.13793103448276,626.84,0.6933333333332712,-0.7199999999999136,0.0162601626016261,640.0,629.0,629.0,629.0,300.0
2023-04-01,626.0,630.0,620.0,625.0,556.1700439453125,1600.0,627.2,629.0,623.2933333333333,625.155,24.13793103448276,626.92,0.7999999999999545,-0.7599999999999909,0.0162601626016261,640.0,630.0,625.0,626.0,1600.0
2023-04-02,626.0,630.0,620.0,625.0,556.1700439453125,1600.0,627.25,628.4,623.4133333333333,624.975,24.13793103448276,627.0,0.8266666666665969,-0.7749999999999773,0.0096930533117931,640.0,630.0,625.0,626.0,1600.0
2023-04-03,634.0,636.0,630.0,636.0,565.9586181640625,1900.0,627.95,628.04,623.6533333333333,624.85,60.0,627.3,0.8666666666666742,-0.7699999999999818,0.0258064516129032,640.0,630.0,625.0,626.0,1600.0
2023-04-04,640.0,650.0,640.0,650.0,578.416748046875,2400.0,629.4,628.76,624.0933333333334,624.82,72.72727272727272,627.82,1.1066666666666831,-0.6699999999999591,0.0551948051948052,650.0,636.0,636.0,634.0,1900.0
2023-04-05,650.0,650.0,645.0,647.0,575.7471923828125,1400.0,630.6,629.36,624.56,624.775,76.19047619047619,628.4,1.4266666666666197,-0.5650000000000546,0.0503246753246753,650.0,650.0,650.0,640.0,2400.0
2023-04-06,645.0,648.0,636.0,648.0,576.6370849609375,500.0,631.0,630.0,625.04,624.735,78.57142857142857,628.96,1.7466666666666697,-0.4199999999999591,0.0519480519480519,650.0,650.0,647.0,650.0,1400.0
2023-04-07,648.0,650.0,642.0,642.0,571.2978515625,1000.0,631.1,630.72,625.44,624.665,68.75,629.4,2.026666666666756,-0.3100000000000591,0.0371567043618739,650.0,648.0,648.0,645.0,500.0
2023-04-08,648.0,650.0,642.0,642.0,571.2978515625,1000.0,631.2,631.52,625.84,624.6,68.75,629.82,2.1866666666667243,-0.25,0.0354838709677418,650.0,650.0,642.0,648.0,1000.0
2023-04-09,648.0,650.0,642.0,642.0,571.2978515625,1000.0,631.8,632.36,626.24,624.51,68.75,630.24,2.146666666666647,-0.3100000000000591,0.0321543408360127,650.0,650.0,642.0,648.0,1000.0
2023-04-10,648.0,659.0,648.0,653.0,581.08642578125,3600.0,632.95,633.56,626.76,624.485,75.86206896551724,630.88,2.200000000000045,-0.2899999999999636,0.0515297906602254,653.0,650.0,642.0,648.0,1000.0
2023-04-11,653.0,657.0,651.0,656.0,583.7559814453125,1700.0,634.5,634.2,627.32,624.475,78.33333333333333,631.54,2.2800000000000864,-0.2599999999999909,0.0563607085346216,656.0,659.0,653.0,648.0,3600.0
2023-04-12,656.0,660.0,652.0,655.0,582.8661499023438,2800.0,636.05,634.8,627.8666666666667,624.46,74.07407407407408,632.22,2.42666666666662,-0.2049999999999272,0.0547504025764895,656.0,657.0,656.0,653.0,1700.0
2023-04-13,655.0,660.0,653.0,656.0,583.7559814453125,2100.0,637.65,635.44,628.4266666666666,624.45,74.54545454545455,632.94,2.586666666666588,-0.1499999999999772,0.0563607085346216,656.0,660.0,655.0,656.0,2800.0
2023-04-14,656.0,660.0,655.0,659.0,586.4255981445312,1000.0,639.4,636.6,629.0266666666666,624.45,81.48148148148148,633.72,2.7866666666666333,-0.0599999999999454,0.0560897435897436,659.0,660.0,656.0,655.0,2100.0
2023-04-15,656.0,660.0,655.0,659.0,586.4255981445312,1000.0,641.15,637.76,629.6133333333333,624.45,81.48148148148148,634.52,2.853333333333353,-0.0349999999999681,0.0663430420711974,659.0,660.0,659.0,656.0,1000.0
2023-04-16,656.0,660.0,655.0,659.0,586.4255981445312,1000.0,642.95,639.12,630.2,624.45,81.48148148148148,635.32,2.8799999999999955,-0.0249999999999772,0.0629032258064516,659.0,660.0,659.0,656.0,1000.0
2023-04-17,660.0,663.0,654.0,654.0,581.9762573242188,2900.0,644.55,640.32,630.6666666666666,624.62,68.75,636.02,2.7999999999999545,0.1599999999999681,0.0548387096774194,659.0,660.0,659.0,656.0,1000.0
2023-04-18,660.0,662.0,659.0,661.0,588.2053833007812,1700.0,646.15,641.8,631.2133333333334,624.82,63.41463414634146,636.82,2.786666666666747,0.3700000000000045,0.0644122383252818,661.0,663.0,654.0,660.0,2900.0
2023-04-19,661.0,662.0,658.0,661.0,588.2053833007812,1100.0,647.75,643.28,631.8133333333334,625.02,68.42105263157895,637.58,2.786666666666747,0.5699999999999363,0.0644122383252818,661.0,662.0,661.0,660.0,1700.0
2023-04-20,656.0,662.0,655.0,658.0,585.5357055664062,1600.0,649.4,644.64,632.3733333333333,625.205,62.50000000000001,638.3,2.759999999999991,0.7549999999999955,0.0595813204508857,661.0,662.0,661.0,661.0,1100.0
2023-04-21,656.0,658.0,655.0,658.0,585.5357055664062,500.0,651.05,646.04,632.9333333333333,625.45,73.52941176470588,638.88,2.733333333333235,1.0,0.0561797752808987,661.0,662.0,658.0,656.0,1600.0
2023-04-22,656.0,658.0,655.0,658.0,585.5357055664062,500.0,652.7,647.48,633.4533333333334,625.695,73.52941176470588,639.28,2.786666666666747,1.0750000000000457,0.0595813204508857,661.0,658.0,658.0,656.0,500.0
2023-04-23,656.0,658.0,655.0,658.0,585.5357055664062,500.0,653.8,648.64,633.96,625.94,73.52941176470588,639.68,2.7466666666666697,1.1200000000000043,0.0612903225806451,661.0,658.0,658.0,656.0,500.0
2023-04-24,660.0,660.0,657.0,659.0,586.4255981445312,400.0,654.25,649.84,634.4533333333334,626.185,62.5,640.1,2.6399999999999864,1.1649999999999636,0.0629032258064516,661.0,658.0,658.0,656.0,500.0
2023-04-25,660.0,660.0,655.0,659.0,586.4255981445312,3000.0,654.85,651.2,634.96,626.45,57.14285714285714,640.4,2.586666666666701,1.2450000000000043,0.0646203554119546,661.0,660.0,659.0,660.0,400.0
2023-04-26,654.0,658.0,650.0,654.0,581.9762573242188,1800.0,655.15,652.36,635.4,626.69,47.99999999999999,640.68,2.466666666666697,1.240000000000009,0.0565428109854604,661.0,660.0,659.0,660.0,3000.0
2023-04-27,660.0,660.0,659.0,660.0,587.3155517578125,1400.0,656.05,653.76,635.92,626.96,56.66666666666666,641.08,2.466666666666584,1.2649999999999864,0.0662358642972535,661.0,658.0,654.0,654.0,1800.0
2023-04-28,660.0,661.0,660.0,660.0,587.3155517578125,1100.0,656.95,654.72,636.44,627.23,51.85185185185185,641.38,2.480000000000018,1.2899999999999636,0.0628019323671498,661.0,660.0,660.0,660.0,1400.0
2023-04-29,660.0,661.0,660.0,660.0,587.3155517578125,1100.0,657.85,655.12,636.92,627.5,51.85185185185185,641.94,2.466666666666584,1.3150000000000546,0.0593900481540929,661.0,661.0,660.0,660.0,1100.0
2023-04-30,660.0,661.0,660.0,660.0,587.3155517578125,1100.0,658.2,655.64,637.48,627.78,51.85185185185185,642.5,2.519999999999982,1.3299999999999272,0.0610932475884244,661.0,661.0,660.0,660.0,1100.0
2023-05-01,659.0,663.0,655.0,662.0,589.0952758789062,2400.0,658.5,656.2,638.04,628.085,66.66666666666666,643.1,2.6399999999999864,1.3949999999999818,0.0524642289348171,662.0,661.0,660.0,660.0,1100.0
2023-05-02,660.0,661.0,658.0,658.0,585.5357055664062,500.0,658.65,656.84,638.5466666666666,628.365,42.85714285714285,643.78,2.626666666666665,1.4049999999999727,0.031347962382445,662.0,663.0,662.0,659.0,2400.0
2023-05-03,660.0,661.0,658.0,658.0,585.5357055664062,500.0,658.75,657.48,639.04,628.645,42.85714285714285,644.5,2.599999999999909,1.4149999999999636,0.031347962382445,662.0,661.0,658.0,660.0,500.0
2023-05-04,660.0,661.0,658.0,658.0,585.5357055664062,500.0,658.7,658.12,639.5333333333333,628.925,50.0,645.24,2.613333333333344,1.4249999999999543,0.031347962382445,662.0,661.0,658.0,660.0,500.0
2023-05-05,660.0,661.0,658.0,658.0,585.5357055664062,500.0,658.65,658.32,640.0266666666666,629.225,50.0,645.94,2.546666666666624,1.44500000000005,0.0217391304347827,662.0,661.0,658.0,660.0,500.0
2023-05-06,660.0,661.0,658.0,658.0,585.5357055664062,500.0,658.6,658.4,640.4933333333333,629.51,50.0,646.3,2.453333333333376,1.4249999999999543,0.0281249999999999,662.0,661.0,658.0,660.0,500.0
2023-05-07,660.0,661.0,658.0,658.0,585.5357055664062,500.0,658.8,658.52,640.9866666666667,629.535,50.0,646.66,2.4400000000000546,1.169999999999959,0.0281249999999999,662.0,661.0,658.0,660.0,500.0
2023-05-08,658.0,665.0,657.0,658.0,585.5357055664062,2700.0,658.65,658.6,641.4933333333333,629.625,47.05882352941176,647.02,2.453333333333376,0.9800000000000182,0.0201550387596898,662.0,661.0,658.0,660.0,500.0
2023-05-09,662.0,662.0,657.0,662.0,589.0952758789062,2200.0,658.7,658.72,642.0533333333333,629.77,57.14285714285714,647.66,2.519999999999982,0.8450000000000273,0.0474683544303797,662.0,665.0,658.0,658.0,2700.0
2023-05-10,662.0,662.0,659.0,662.0,589.0952758789062,800.0,658.9,658.84,642.6266666666667,629.915,75.0,648.3,2.6000000000000227,0.6899999999999409,0.0474683544303797,662.0,662.0,662.0,662.0,2200.0
2023-05-11,662.0,662.0,659.0,659.0,586.4255981445312,800.0,658.95,658.84,643.16,630.045,46.15384615384615,648.98,2.6666666666666288,0.5349999999999682,0.0427215189873417,662.0,662.0,662.0,662.0,800.0
2023-05-12,659.0,662.0,659.0,661.0,588.2053833007812,1900.0,659.1,659.12,643.72,630.245,53.33333333333333,649.72,2.7333333333333485,0.7100000000000364,0.0592948717948718,662.0,662.0,659.0,662.0,800.0
2023-05-13,659.0,662.0,659.0,661.0,588.2053833007812,1900.0,659.25,659.12,644.2533333333333,630.45,53.33333333333333,650.46,2.759999999999991,0.8250000000000455,0.062700964630225,662.0,662.0,661.0,659.0,1900.0
2023-05-14,659.0,662.0,659.0,661.0,588.2053833007812,1900.0,659.35,659.12,644.76,630.66,53.33333333333333,651.2,2.706666666666706,0.8899999999999864,0.0644122383252818,662.0,662.0,661.0,659.0,1900.0
2023-05-15,660.0,660.0,654.0,655.0,582.8661499023438,6200.0,659.15,659.0,645.2,630.855,31.57894736842105,651.82,2.5733333333333803,0.9400000000000546,0.0513643659711076,662.0,662.0,661.0,659.0,1900.0
2023-05-16,631.0,640.0,628.0,632.0,562.3990478515625,17100.0,658.05,657.96,645.24,630.91,15.78947368421052,652.0,2.080000000000041,0.8650000000000091,-0.0124999999999999,662.0,660.0,655.0,660.0,6200.0
2023-05-17,635.0,636.0,628.0,633.0,563.2890014648438,7700.0,656.7,656.96,645.1733333333333,630.97,17.948717948717942,652.22,1.453333333333262,0.7250000000000227,-0.0109375,662.0,640.0,632.0,631.0,17100.0
2023-05-18,638.0,642.0,638.0,638.0,567.7383422851562,5100.0,655.6,656.16,645.1733333333333,631.055,27.272727272727263,652.4,0.9199999999999592,0.6049999999999045,-0.003125,662.0,636.0,633.0,635.0,7700.0
2023-05-19,658.0,658.0,647.0,649.0,577.5269165039062,4800.0,655.05,655.76,645.32,631.225,41.81818181818182,652.8,0.5600000000000591,0.5650000000000546,0.03015873015873,662.0,642.0,638.0,638.0,5100.0
2023-05-20,658.0,658.0,647.0,649.0,577.5269165039062,4800.0,654.5,655.36,645.3866666666667,631.4,41.81818181818182,653.28,0.1866666666666105,0.5449999999999591,0.03015873015873,662.0,658.0,649.0,658.0,4800.0
2023-05-21,658.0,658.0,647.0,649.0,577.5269165039062,4800.0,653.85,655.16,645.5066666666667,631.595,41.81818181818182,653.76,0.2666666666666515,0.6850000000000591,0.0383999999999999,662.0,658.0,649.0,658.0,4800.0
2023-05-22,655.0,655.0,640.0,644.0,573.0775146484375,2400.0,653.15,654.52,645.56,631.765,38.33333333333333,654.14,0.386666666666656,0.7949999999999591,0.0320512820512821,662.0,658.0,649.0,658.0,4800.0
2023-05-23,646.0,651.0,646.0,647.0,575.7471923828125,900.0,652.6,654.0,645.5866666666667,631.935,37.288135593220346,654.36,0.4133333333334121,0.8799999999999955,0.0368589743589744,662.0,655.0,644.0,655.0,2400.0
2023-05-24,646.0,653.0,646.0,653.0,581.08642578125,1300.0,652.35,653.72,645.8666666666667,632.135,43.07692307692308,654.42,0.5466666666666242,0.9099999999999682,0.046474358974359,662.0,651.0,647.0,646.0,900.0
2023-05-25,659.0,659.0,652.0,652.0,580.196533203125,1400.0,652.05,653.4,646.1333333333333,632.33,44.44444444444444,654.52,0.7466666666666697,0.9300000000000636,0.0448717948717949,662.0,653.0,653.0,646.0,1300.0
2023-05-26,655.0,658.0,655.0,658.0,585.5357055664062,2000.0,652.05,653.24,646.48,632.545,47.76119402985074,654.72,0.9733333333333576,0.9499999999999318,0.0561797752808987,662.0,659.0,652.0,659.0,1400.0
2023-05-27,655.0,658.0,655.0,658.0,585.5357055664062,2000.0,652.05,653.24,646.9333333333333,632.735,47.76119402985074,655.04,1.3733333333333348,0.9700000000000272,0.0578778135048232,662.0,658.0,658.0,655.0,2000.0
2023-05-28,655.0,658.0,655.0,658.0,585.5357055664062,2000.0,652.05,653.24,647.4133333333333,632.92,47.76119402985074,655.36,1.826666666666597,0.9850000000000136,0.0461049284578696,662.0,658.0,658.0,655.0,2000.0
2023-05-29,659.0,659.0,651.0,657.0,584.6459350585938,1600.0,651.8,653.2,647.8933333333333,633.09,51.61290322580645,655.66,2.0266666666666424,0.9550000000000408,0.0445151033386328,662.0,658.0,658.0,655.0,2000.0
2023-05-30,651.0,651.0,650.0,651.0,579.3067016601562,700.0,651.25,652.92,648.2666666666667,633.25,71.11111111111111,655.62,2.1333333333333258,0.9199999999999592,0.0416,661.0,659.0,657.0,659.0,1600.0
2023-05-31,657.0,657.0,650.0,652.0,580.196533203125,900.0,650.9,652.68,648.4266666666666,633.415,71.11111111111111,655.54,1.9466666666666013,0.8700000000000045,0.0431999999999999,661.0,651.0,651.0,651.0,700.0
2023-06-01,650.0,656.0,650.0,656.0,583.7559814453125,300.0,650.65,652.6,648.64,633.6,70.45454545454545,655.56,1.706666666666706,0.8650000000000091,0.0496,661.0,657.0,652.0,657.0,900.0
2023-06-02,654.0,660.0,654.0,658.0,585.5357055664062,1200.0,650.5,652.6,648.88,633.77,62.85714285714286,655.6,1.466666666666697,0.8500000000000227,0.0345911949685535,661.0,656.0,656.0,650.0,300.0
2023-06-03,654.0,660.0,654.0,658.0,585.5357055664062,1200.0,650.35,652.44,649.2533333333333,633.99,62.85714285714286,655.58,1.3600000000000136,0.8999999999999773,0.0123076923076923,658.0,660.0,658.0,654.0,1200.0
2023-06-04,654.0,660.0,654.0,658.0,585.5357055664062,1200.0,650.5,652.28,649.6266666666667,634.185,62.85714285714286,655.56,1.3600000000000136,0.9349999999999454,0.017001545595054,658.0,660.0,658.0,654.0,1200.0
2023-06-05,648.0,655.0,648.0,655.0,582.8661499023438,3300.0,651.65,652.12,650.0266666666666,634.37,66.66666666666666,655.48,1.6000000000000227,0.9550000000000408,0.0108024691358024,658.0,660.0,658.0,654.0,1200.0
2023-06-06,655.0,656.0,654.0,656.0,583.7559814453125,800.0,652.8,651.92,650.4533333333334,634.575,64.51612903225806,655.52,1.8133333333333888,0.9750000000000228,0.0218068535825544,658.0,655.0,655.0,648.0,3300.0
2023-06-07,656.0,658.0,655.0,658.0,585.5357055664062,1000.0,653.8,651.8,650.9066666666666,634.79,59.25925925925926,655.46,2.0266666666666424,1.0199999999999818,0.0249221183800623,658.0,656.0,656.0,655.0,800.0
2023-06-08,655.0,656.0,655.0,656.0,583.7559814453125,1500.0,654.15,651.6,651.3333333333334,634.995,57.14285714285714,655.36,2.080000000000041,1.0049999999999957,0.0218068535825544,658.0,658.0,658.0,656.0,1000.0
2023-06-09,655.0,657.0,651.0,651.0,579.3067016601562,1200.0,654.25,651.44,651.6933333333334,635.145,37.037037037037045,655.22,2.06666666666672,0.9600000000000364,-0.003062787136294,658.0,656.0,656.0,655.0,1500.0
2023-06-10,655.0,657.0,651.0,651.0,579.3067016601562,1200.0,654.35,652.2,652.0666666666667,635.32,37.037037037037045,655.08,2.0400000000000773,0.9500000000000456,-0.0076219512195121,658.0,657.0,651.0,655.0,1200.0
2023-06-11,655.0,657.0,651.0,651.0,579.3067016601562,1200.0,654.7,652.92,652.4533333333334,635.495,37.037037037037045,654.94,2.0,0.9199999999999592,-0.0061068702290076,658.0,657.0,651.0,655.0,1200.0
2023-06-12,658.0,658.0,652.0,652.0,580.196533203125,6400.0,654.95,653.48,652.76,635.615,40.74074074074074,654.82,1.853333333333353,0.8250000000000455,-0.0060975609756097,658.0,657.0,651.0,655.0,1200.0
2023-06-13,658.0,659.0,656.0,656.0,583.7559814453125,1300.0,655.1,653.76,653.12,635.73,60.0,654.76,1.786666666666633,0.7350000000000136,-0.0045523520485584,658.0,658.0,652.0,658.0,6400.0
2023-06-14,652.0,660.0,652.0,656.0,583.7559814453125,700.0,655.3,654.04,653.5333333333333,635.845,58.33333333333333,654.7,1.839999999999918,0.7000000000000455,-0.0045523520485584,658.0,659.0,656.0,658.0,1300.0
2023-06-15,656.0,660.0,656.0,660.0,587.3155517578125,1200.0,655.4,654.48,654.0,635.98,58.33333333333333,654.82,1.9333333333332805,0.6599999999999682,0.0015174506828528,660.0,660.0,656.0,652.0,700.0
2023-06-16,661.0,663.0,661.0,663.0,589.985107421875,1200.0,655.65,655.24,654.5066666666667,636.08,60.0,654.88,2.053333333333285,0.5850000000000364,0.0137614678899082,663.0,660.0,660.0,656.0,1200.0
2023-06-17,661.0,663.0,661.0,663.0,589.985107421875,1200.0,655.9,655.88,654.8666666666667,636.21,60.0,654.94,2.106666666666684,0.5950000000000273,0.0030257186081694,663.0,663.0,663.0,661.0,1200.0
2023-06-18,661.0,663.0,661.0,663.0,589.985107421875,1200.0,656.2,656.28,655.04,636.325,60.0,655.0,1.919999999999959,0.5950000000000273,0.0030257186081694,663.0,663.0,663.0,661.0,1200.0
2023-06-19,664.0,665.0,660.0,663.0,589.985107421875,5700.0,656.8,656.72,655.2533333333333,636.465,68.18181818181819,655.06,1.7200000000000273,0.6200000000000045,0.0075987841945288,663.0,663.0,663.0,661.0,1200.0
2023-06-20,664.0,664.0,658.0,662.0,589.0952758789062,1600.0,657.3,656.88,655.44,636.61,63.63636363636363,655.06,1.4400000000000546,0.6299999999999955,0.006079027355623,663.0,665.0,663.0,664.0,5700.0
2023-06-21,665.0,666.0,663.0,664.0,590.875,2000.0,657.7,657.12,655.7333333333333,636.765,63.63636363636363,655.18,1.226666666666688,0.6849999999999454,0.0091185410334346,664.0,664.0,662.0,664.0,1600.0
2023-06-22,666.0,666.0,664.0,666.0,592.65478515625,1900.0,658.1,657.44,656.0533333333333,636.93,72.72727272727272,655.34,1.1866666666666106,0.7199999999999136,0.012158054711246,666.0,666.0,664.0,665.0,2000.0
2023-06-23,668.0,668.0,664.0,664.0,590.875,1500.0,658.4,657.72,656.3466666666667,637.08,84.21052631578948,655.46,1.3066666666667288,0.7549999999999955,0.007587253414264,666.0,666.0,666.0,666.0,1900.0
2023-06-24,668.0,668.0,664.0,664.0,590.875,1500.0,658.7,658.24,656.4933333333333,637.25,84.21052631578948,655.58,1.240000000000009,0.7849999999999682,0.007587253414264,666.0,668.0,664.0,668.0,1500.0
2023-06-25,668.0,668.0,664.0,664.0,590.875,1500.0,659.15,658.72,656.6,637.4,84.21052631578948,655.7,1.1599999999999682,0.7899999999999636,0.0152905198776758,666.0,668.0,664.0,668.0,1500.0
2023-06-26,670.0,670.0,663.0,663.0,589.985107421875,4200.0,659.5,659.0,656.7066666666667,637.54,78.94736842105263,655.8,0.9733333333333576,0.7749999999999773,0.0045454545454546,666.0,668.0,664.0,668.0,1500.0
2023-06-27,665.0,668.0,665.0,668.0,594.4345092773438,1200.0,660.0,659.4,656.8666666666667,637.67,80.0,656.0,0.8133333333333894,0.7400000000000091,0.0121212121212122,668.0,670.0,663.0,670.0,4200.0
2023-06-28,668.0,672.0,666.0,670.0,596.2142333984375,5200.0,660.7,659.88,657.0133333333333,637.81,81.81818181818181,656.16,0.6666666666666288,0.7299999999999045,0.0151515151515151,670.0,668.0,668.0,665.0,1200.0
2023-06-29,675.0,675.0,670.0,672.0,597.9939575195312,1900.0,661.75,660.44,657.1866666666666,637.96,80.0,656.36,0.6933333333332712,0.7100000000000364,0.018181818181818,672.0,672.0,670.0,668.0,5200.0
2023-06-30,672.0,673.0,670.0,673.0,598.8838500976562,800.0,662.85,661.16,657.3733333333333,638.12,77.77777777777777,656.64,0.7733333333333121,0.7200000000000273,0.0166163141993958,673.0,675.0,672.0,675.0,1900.0
2023-07-01,672.0,673.0,670.0,673.0,598.8838500976562,800.0,663.95,661.84,657.6266666666667,638.29,77.77777777777777,656.88,0.9199999999999592,0.75,0.0227963525835865,673.0,673.0,673.0,672.0,800.0
2023-07-02,672.0,673.0,670.0,673.0,598.8838500976562,800.0,665.0,662.44,657.7866666666666,638.465,77.77777777777777,657.12,0.9199999999999592,0.7950000000000728,0.0227963525835865,673.0,673.0,673.0,672.0,800.0
2023-07-03,674.0,677.0,674.0,677.0,602.443359375,2400.0,666.05,663.28,658.0,638.655,81.81818181818181,657.44,0.9866666666666788,0.8450000000000273,0.0288753799392096,677.0,673.0,673.0,672.0,800.0
2023-07-04,677.0,680.0,676.0,680.0,605.1129760742188,7800.0,667.25,664.44,658.2933333333333,638.88,87.5,657.94,1.1066666666666831,0.9199999999999592,0.033434650455927,680.0,677.0,677.0,674.0,2400.0
2023-07-05,681.0,685.0,680.0,685.0,609.562255859375,4100.0,668.5,665.8,658.6533333333333,639.13,88.88888888888889,659.0,1.2799999999999727,1.009999999999991,0.0410334346504559,685.0,680.0,680.0,677.0,7800.0
2023-07-06,686.0,686.0,683.0,685.0,609.562255859375,3500.0,669.6,667.16,659.0133333333333,639.38,88.0,660.04,1.386666666666656,1.0900000000000318,0.0410334346504559,685.0,685.0,685.0,681.0,4100.0
2023-07-07,686.0,686.0,684.0,684.0,608.6724243164062,2300.0,670.65,668.44,659.36,639.67,91.66666666666669,660.96,1.5733333333333803,1.2049999999999272,0.0395136778115501,685.0,686.0,685.0,686.0,3500.0
2023-07-08,686.0,686.0,684.0,684.0,608.6724243164062,2300.0,671.7,669.56,659.6933333333334,639.99,91.66666666666669,661.66,1.6933333333333849,1.3350000000000364,0.0332326283987916,685.0,686.0,684.0,686.0,2300.0
2023-07-09,686.0,686.0,684.0,684.0,608.6724243164062,2300.0,672.75,670.68,660.0266666666666,640.315,91.66666666666669,662.36,1.7333333333333485,1.4350000000000591,0.0332326283987916,685.0,686.0,684.0,686.0,2300.0
2023-07-10,684.0,687.0,683.0,687.0,611.342041015625,1200.0,674.0,671.76,660.4666666666667,640.655,96.15384615384616,663.12,1.8133333333333888,1.5249999999999773,0.0424886191198785,687.0,686.0,684.0,686.0,2300.0
2023-07-11,686.0,686.0,682.0,686.0,610.4522094726562,1500.0,675.1,672.68,660.8133333333334,640.945,90.9090909090909,663.96,1.8000000000000682,1.5650000000000546,0.0378214826021179,687.0,687.0,687.0,684.0,1200.0
2023-07-12,686.0,686.0,683.0,685.0,609.562255859375,800.0,676.05,673.56,661.1466666666666,641.23,85.71428571428572,664.72,1.786666666666633,1.5600000000000591,0.0363086232980331,687.0,686.0,686.0,686.0,1500.0
2023-07-13,685.0,685.0,684.0,684.0,608.6724243164062,800.0,677.05,674.4,661.4666666666667,641.51,80.0,665.34,1.773333333333312,1.5199999999999818,0.0347957639939484,687.0,686.0,685.0,686.0,800.0
2023-07-14,684.0,685.0,681.0,681.0,606.0028076171875,1500.0,677.9,675.12,661.7466666666667,641.775,68.18181818181819,665.92,1.7200000000000273,1.4599999999999227,0.0396946564885496,687.0,685.0,684.0,685.0,800.0
2023-07-15,684.0,685.0,681.0,681.0,606.0028076171875,1500.0,678.75,675.88,662.0,642.055,68.18181818181819,666.38,1.533333333333303,1.3999999999999773,0.0775316455696202,687.0,685.0,681.0,684.0,1500.0
2023-07-16,684.0,685.0,681.0,681.0,606.0028076171875,1500.0,679.65,676.56,662.3066666666666,642.35,68.18181818181819,666.84,1.4933333333332257,1.4049999999999727,0.0758293838862558,687.0,685.0,681.0,684.0,1500.0
2023-07-17,684.0,685.0,681.0,681.0,606.0028076171875,1500.0,680.3,677.16,662.6133333333333,642.65,61.11111111111111,667.3,1.466666666666697,1.419999999999959,0.067398119122257,687.0,685.0,681.0,684.0,1500.0
2023-07-18,683.0,685.0,683.0,685.0,609.562255859375,700.0,681.05,678.0,662.9733333333334,642.975,63.15789473684211,667.86,1.5066666666666606,1.4650000000000318,0.0554699537750384,687.0,685.0,681.0,684.0,1500.0
2023-07-19,685.0,686.0,681.0,686.0,610.4522094726562,2100.0,681.75,678.88,663.3466666666667,643.305,53.33333333333333,668.56,1.6000000000000227,1.5299999999999727,0.0570107858243451,687.0,685.0,685.0,683.0,700.0
2023-07-20,686.0,687.0,685.0,686.0,610.4522094726562,4400.0,682.4,679.76,663.72,643.635,53.33333333333333,669.24,1.7200000000000273,1.580000000000041,0.0570107858243451,687.0,686.0,686.0,685.0,2100.0
2023-07-21,687.0,687.0,685.0,685.0,609.562255859375,600.0,683.0,680.64,664.08,643.96,53.33333333333333,669.82,1.7733333333334258,1.6100000000000136,0.063664596273292,687.0,687.0,686.0,686.0,4400.0
2023-07-22,687.0,687.0,685.0,685.0,609.562255859375,600.0,683.6,681.32,664.44,644.285,53.33333333333333,670.36,1.8266666666667104,1.634999999999991,0.0587326120556415,687.0,687.0,685.0,687.0,600.0
2023-07-23,687.0,687.0,685.0,685.0,609.562255859375,600.0,684.0,681.92,664.7466666666667,644.6,53.33333333333333,670.9,1.773333333333312,1.625,0.0490045941807044,687.0,687.0,685.0,687.0,600.0
2023-07-24,685.0,687.0,685.0,687.0,611.342041015625,900.0,684.35,682.52,665.08,644.925,50.0,671.48,1.7333333333333485,1.6200000000000043,0.053680981595092,687.0,687.0,685.0,687.0,600.0
2023-07-25,687.0,687.0,686.0,687.0,611.342041015625,1200.0,684.45,683.08,665.4533333333334,645.23,53.846153846153854,672.12,1.7333333333333485,1.5950000000000273,0.0440729483282675,687.0,687.0,687.0,685.0,900.0
2023-07-26,688.0,689.0,687.0,689.0,613.121826171875,2100.0,684.65,683.72,665.8266666666667,645.545,64.28571428571428,672.78,1.7466666666666697,1.5849999999999227,0.0471124620060789,689.0,687.0,687.0,687.0,1200.0
2023-07-27,690.0,700.0,688.0,698.0,621.1306762695312,7700.0,685.35,684.72,666.32,645.905,81.81818181818181,673.58,1.879999999999996,1.6200000000000043,0.0607902735562309,698.0,689.0,689.0,688.0,2100.0
2023-07-28,694.0,701.0,690.0,690.0,614.0116577148438,4300.0,685.65,685.24,666.7066666666667,646.225,66.66666666666666,674.26,1.9600000000000364,1.625,0.0502283105022831,698.0,700.0,698.0,690.0,7700.0
2023-07-29,694.0,701.0,690.0,690.0,614.0116577148438,4300.0,685.95,685.64,667.1733333333333,646.56,66.66666666666666,675.04,2.0933333333332484,1.634999999999991,0.0599078341013825,698.0,701.0,690.0,694.0,4300.0
2023-07-30,694.0,701.0,690.0,690.0,614.0116577148438,4300.0,686.1,685.84,667.9466666666667,646.915,66.66666666666666,675.82,2.4933333333333394,1.6849999999999454,0.0582822085889571,698.0,701.0,690.0,694.0,4300.0
2023-07-31,702.0,702.0,695.0,699.0,622.0205078125,1700.0,686.75,686.4,668.8266666666667,647.335,75.0,676.78,3.0,1.7900000000000773,0.0655487804878047,699.0,701.0,690.0,694.0,4300.0
2023-08-01,699.0,705.0,698.0,704.0,626.4698486328125,4900.0,687.7,687.2,669.7066666666667,647.785,75.67567567567568,677.82,3.386666666666656,1.879999999999996,0.0699088145896655,704.0,702.0,699.0,702.0,1700.0
2023-08-02,704.0,705.0,700.0,705.0,627.3597412109375,2900.0,688.75,688.04,670.4533333333334,648.24,75.67567567567568,678.8,3.7466666666666697,2.0149999999999864,0.0714285714285714,705.0,705.0,704.0,699.0,4900.0
2023-08-03,705.0,705.0,702.0,704.0,626.4698486328125,1600.0,689.9,688.84,671.1866666666666,648.69,73.68421052631578,679.76,4.013333333333321,2.130000000000109,0.0699088145896655,705.0,705.0,705.0,704.0,2900.0
2023-08-04,701.0,705.0,699.0,704.0,626.4698486328125,3000.0,691.05,689.52,671.92,649.145,75.67567567567568,680.64,3.973333333333244,2.230000000000018,0.0748091603053435,705.0,705.0,704.0,705.0,1600.0
2023-08-05,701.0,705.0,699.0,704.0,626.4698486328125,3000.0,692.2,690.24,672.72,649.585,75.67567567567568,681.46,3.8933333333333167,2.25,0.0731707317073171,705.0,705.0,704.0,701.0,3000.0
2023-08-06,701.0,705.0,699.0,704.0,626.4698486328125,3000.0,693.35,691.0,673.48,650.015,75.67567567567568,682.28,3.773333333333312,2.230000000000018,0.0699088145896655,705.0,705.0,704.0,701.0,3000.0
2023-08-07,708.0,708.0,700.0,705.0,627.3597412109375,2000.0,694.35,691.84,674.1733333333333,650.455,75.0,683.12,3.7199999999999136,2.215000000000032,0.0746951219512195,705.0,705.0,704.0,701.0,3000.0
2023-08-08,709.0,709.0,700.0,702.0,624.6901245117188,2800.0,695.15,692.68,674.84,650.905,69.23076923076923,683.9,3.653333333333421,2.214999999999918,0.0783410138248847,705.0,708.0,705.0,708.0,2000.0
2023-08-09,708.0,708.0,703.0,706.0,628.2496337890625,2200.0,696.15,693.68,675.48,651.375,70.73170731707317,684.78,3.560000000000059,2.230000000000018,0.0844854070660521,706.0,709.0,702.0,709.0,2800.0
2023-08-10,705.0,706.0,704.0,704.0,626.4698486328125,1500.0,697.1,694.6,676.0933333333334,651.835,58.82352941176471,685.58,3.373333333333335,2.25,0.0814132104454685,706.0,708.0,706.0,708.0,2200.0
2023-08-11,705.0,706.0,704.0,704.0,626.4698486328125,1500.0,698.05,695.52,676.7066666666667,652.295,76.92307692307693,686.34,3.226666666666688,2.2799999999999727,0.0797546012269938,706.0,706.0,704.0,705.0,1500.0
2023-08-12,705.0,706.0,704.0,704.0,626.4698486328125,1500.0,699.0,696.28,677.3333333333334,652.755,76.92307692307693,687.14,3.160000000000082,2.2999999999999545,0.0731707317073171,706.0,706.0,704.0,705.0,1500.0
2023-08-13,705.0,706.0,704.0,704.0,626.4698486328125,1500.0,699.85,697.0,678.04,653.205,76.92307692307693,687.94,3.199999999999932,2.300000000000068,0.0731707317073171,706.0,706.0,704.0,705.0,1500.0
2023-08-14,699.0,701.0,684.0,696.0,619.3508911132812,8100.0,700.3,697.4,678.6266666666667,653.615,43.99999999999999,688.58,3.146666666666647,2.240000000000009,0.0545454545454544,706.0,706.0,704.0,705.0,1500.0
2023-08-15,688.0,688.0,660.0,673.0,598.8838500976562,18300.0,699.5,696.92,678.8533333333334,653.91,13.95348837209302,688.78,2.759999999999991,2.074999999999932,0.0150829562594267,706.0,701.0,696.0,699.0,8100.0
2023-08-16,663.0,676.0,663.0,676.0,601.5534057617188,7100.0,698.4,696.56,679.0933333333334,654.22,17.777777777777786,688.94,2.386666666666656,1.925000000000068,0.0196078431372548,706.0,688.0,673.0,688.0,18300.0
2023-08-17,676.0,684.0,675.0,675.0,600.6636352539062,2600.0,697.65,696.16,679.32,654.525,17.777777777777786,689.04,1.9866666666666788,1.7699999999999818,0.0180995475113121,706.0,676.0,676.0,663.0,7100.0
2023-08-18,675.0,683.0,675.0,677.0,602.443359375,600.0,697.0,695.76,679.5733333333334,654.835,21.276595744680847,689.14,1.5333333333334167,1.6299999999999957,0.0211161387631975,706.0,684.0,675.0,676.0,2600.0
2023-08-19,675.0,683.0,675.0,677.0,602.443359375,600.0,696.35,695.36,679.8666666666667,655.145,21.276595744680847,689.22,1.240000000000009,1.5299999999999727,0.0226586102719033,706.0,683.0,677.0,675.0,600.0
2023-08-20,675.0,683.0,675.0,677.0,602.443359375,600.0,695.25,694.88,680.1466666666666,655.435,21.276595744680847,689.3,1.293333333333294,1.5249999999999773,0.019578313253012,706.0,683.0,677.0,675.0,600.0
2023-08-21,677.0,677.0,662.0,662.0,589.0952758789062,8200.0,693.15,693.44,680.2,655.645,14.754098360655746,689.08,1.1066666666666831,1.4249999999999543,-0.0060060060060059,706.0,683.0,677.0,675.0,600.0
2023-08-22,642.0,650.0,636.0,649.0,577.5269165039062,65200.0,690.35,691.8,680.1066666666667,655.81,12.676056338028175,688.52,0.7866666666666333,1.2849999999999682,-0.022590361445783,706.0,677.0,662.0,677.0,8200.0
2023-08-23,630.0,638.0,629.0,635.0,565.0686645507812,131700.0,686.9,689.6,679.8933333333333,655.905,6.172839506172849,687.62,0.3199999999999363,1.0699999999999363,-0.0436746987951807,706.0,650.0,649.0,642.0,65200.0
2023-08-24,636.0,649.0,636.0,649.0,577.5269165039062,31100.0,684.15,687.96,679.8666666666667,656.07,20.430107526881727,686.9,0.0,0.9250000000000682,-0.022590361445783,706.0,638.0,635.0,630.0,131700.0
2023-08-25,646.0,649.0,641.0,646.0,574.8572998046875,11000.0,681.25,685.84,679.8,656.205,19.79166666666667,686.12,-0.3466666666666924,0.7700000000000955,-0.0256410256410256,706.0,649.0,649.0,636.0,31100.0
2023-08-26,646.0,649.0,641.0,646.0,574.8572998046875,11000.0,678.35,683.52,679.72,656.335,19.79166666666667,685.36,-0.4800000000000182,0.6900000000000546,-0.0329341317365269,706.0,649.0,646.0,646.0,11000.0
2023-08-27,646.0,649.0,641.0,646.0,574.8572998046875,11000.0,675.4,681.16,679.5866666666667,656.455,19.79166666666667,684.6,-0.5199999999999818,0.6450000000000955,-0.035820895522388,706.0,649.0,646.0,646.0,11000.0
2023-08-28,647.0,650.0,646.0,648.0,576.6370849609375,8200.0,672.7,678.92,679.48,656.59,23.33333333333333,683.88,-0.4133333333332984,0.6850000000000591,-0.0357142857142857,706.0,649.0,646.0,646.0,11000.0
2023-08-29,652.0,654.0,649.0,651.0,579.3067016601562,9300.0,669.95,676.8,679.36,656.74,34.28571428571429,683.16,-0.5066666666666606,0.6699999999999591,-0.0326894502228826,704.0,650.0,648.0,647.0,8200.0
2023-08-30,651.0,659.0,647.0,659.0,586.4255981445312,12400.0,667.7,675.0,679.3066666666666,656.93,38.66666666666667,682.62,-0.4933333333333394,0.724999999999909,-0.0208023774145617,704.0,654.0,651.0,652.0,9300.0
2023-08-31,659.0,663.0,656.0,658.0,585.5357055664062,18100.0,665.4,673.16,679.24,657.115,38.66666666666667,682.08,-0.4800000000000182,0.7799999999999727,-0.0222882615156018,704.0,659.0,659.0,651.0,12400.0
2023-09-01,657.0,658.0,654.0,654.0,581.9762573242188,10600.0,662.9,671.12,679.12,657.265,35.06493506493507,681.48,-0.466666666666697,0.8099999999999454,-0.03397341211226,704.0,663.0,658.0,659.0,18100.0
2023-09-02,657.0,658.0,654.0,654.0,581.9762573242188,10600.0,660.4,669.2,679.0,657.445,35.06493506493507,680.94,-0.4800000000000182,0.8550000000000182,-0.038235294117647,696.0,658.0,654.0,657.0,10600.0
2023-09-03,657.0,658.0,654.0,654.0,581.9762573242188,10600.0,658.3,667.12,678.8933333333333,657.615,35.06493506493507,680.4,-0.466666666666697,0.875,-0.0452554744525547,677.0,658.0,654.0,657.0,10600.0
2023-09-04,655.0,663.0,655.0,663.0,589.985107421875,13800.0,657.8,665.48,678.88,657.83,50.70422535211267,680.04,-0.4266666666666197,0.900000000000091,-0.0321167883211679,677.0,658.0,654.0,657.0,10600.0
2023-09-05,666.0,674.0,662.0,672.0,597.9939575195312,14300.0,657.6,664.2,678.96,658.085,67.16417910447761,679.86,-0.2799999999999727,0.9700000000000272,-0.0175438596491228,677.0,663.0,663.0,655.0,13800.0
2023-09-06,675.0,676.0,670.0,670.0,596.2142333984375,11300.0,657.35,662.84,679.04,658.33,81.81818181818181,679.56,-0.0800000000000409,1.0650000000000546,-0.0204678362573099,677.0,674.0,672.0,666.0,14300.0
2023-09-07,674.0,674.0,670.0,672.0,597.9939575195312,11900.0,657.1,661.56,679.1466666666666,658.585,76.74418604651163,679.28,0.1466666666666469,1.1399999999999864,-0.0175438596491228,677.0,676.0,670.0,675.0,11300.0
2023-09-08,670.0,672.0,665.0,668.0,594.4345092773438,11900.0,656.65,660.44,679.2,658.81,75.0,678.92,0.3066666666667288,1.1949999999999363,-0.0276564774381368,677.0,674.0,672.0,674.0,11900.0
2023-09-09,670.0,672.0,665.0,668.0,594.4345092773438,11900.0,656.2,660.24,679.2666666666667,659.045,75.0,678.58,0.386666666666656,1.214999999999918,-0.0262390670553935,672.0,672.0,668.0,670.0,11900.0
2023-09-10,670.0,672.0,665.0,668.0,594.4345092773438,11900.0,656.5,659.92,679.2666666666667,659.285,75.0,678.24,0.3066666666666151,1.1999999999999318,-0.0248175182481751,672.0,672.0,668.0,670.0,11900.0
2023-09-11,668.0,674.0,666.0,669.0,595.3243408203125,11600.0,657.5,659.68,679.2533333333333,659.53,74.4186046511628,677.92,0.2133333333333666,1.1999999999999318,-0.0219298245614034,672.0,672.0,668.0,670.0,11900.0
2023-09-12,671.0,671.0,665.0,667.0,593.5445556640625,11400.0,659.1,659.28,679.1866666666666,659.77,69.04761904761905,677.52,0.0399999999999636,1.1849999999999454,-0.0205580029368576,672.0,674.0,669.0,668.0,11600.0
2023-09-13,670.0,672.0,666.0,672.0,597.9939575195312,11800.0,660.25,659.08,679.1733333333333,660.035,66.66666666666666,677.22,-0.0266666666667561,1.2250000000000227,-0.0132158590308369,672.0,671.0,667.0,671.0,11400.0
2023-09-14,673.0,674.0,669.0,669.0,595.3243408203125,11400.0,661.4,658.76,679.12,660.285,63.41463414634146,676.82,-0.1466666666666469,1.240000000000009,-0.0176211453744493,672.0,672.0,672.0,670.0,11800.0
2023-09-15,677.0,677.0,668.0,670.0,596.2142333984375,14500.0,662.6,659.08,679.08,660.53,71.05263157894737,676.26,-0.1866666666666105,1.2450000000000043,-0.0161527165932452,672.0,674.0,669.0,673.0,11400.0
2023-09-16,677.0,677.0,668.0,670.0,596.2142333984375,14500.0,663.8,659.92,678.9866666666667,660.765,71.05263157894737,675.86,-0.2666666666666515,1.2350000000000136,-0.021897810218978,672.0,677.0,670.0,677.0,14500.0
2023-09-17,677.0,677.0,668.0,670.0,596.2142333984375,14500.0,664.9,661.32,678.8533333333334,661.005,71.05263157894737,675.46,-0.3333333333332575,1.2350000000000136,-0.0233236151603498,672.0,677.0,670.0,677.0,14500.0
2023-09-18,677.0,677.0,668.0,670.0,596.2142333984375,14500.0,665.85,662.16,678.6533333333333,661.21,62.06896551724138,675.06,-0.5199999999999818,1.1750000000000682,-0.0233236151603498,672.0,677.0,670.0,677.0,14500.0
2023-09-19,675.0,680.0,663.0,680.0,605.1129760742188,56700.0,666.9,663.52,678.5866666666667,661.42,63.333333333333336,674.68,-0.533333333333303,1.134999999999991,-0.0072992700729926,680.0,677.0,670.0,677.0,14500.0
2023-09-20,678.0,680.0,671.0,678.0,603.3331909179688,17500.0,667.9,664.8,678.5066666666667,661.62,63.333333333333336,674.16,-0.5733333333333803,1.0900000000000318,-0.0102189781021897,680.0,680.0,680.0,675.0,56700.0
2023-09-21,679.0,682.0,677.0,680.0,605.1129760742188,8500.0,669.2,666.16,678.4533333333334,661.83,63.333333333333336,673.66,-0.533333333333303,1.0650000000000546,-0.0072992700729926,680.0,680.0,678.0,678.0,17500.0
2023-09-22,678.0,683.0,675.0,680.0,605.1129760742188,12900.0,670.5,667.44,678.4,662.01,73.07692307692308,673.18,-0.4533333333333758,1.0049999999999957,-0.0101892285298398,680.0,682.0,680.0,679.0,8500.0
2023-09-23,678.0,683.0,675.0,680.0,605.1129760742188,12900.0,671.8,668.6,678.3066666666666,662.21,73.07692307692308,672.7,-0.3466666666666924,1.0,-0.0101892285298398,680.0,683.0,680.0,678.0,12900.0
2023-09-24,678.0,683.0,675.0,680.0,605.1129760742188,12900.0,672.65,669.44,678.2266666666667,662.41,73.07692307692308,672.22,-0.3600000000000136,0.9900000000000092,-0.0130624092888244,680.0,683.0,680.0,678.0,12900.0
2023-09-25,684.0,688.0,682.0,688.0,612.23193359375,10300.0,673.45,670.64,678.2666666666667,662.625,78.78787878787878,671.9,-0.2400000000000091,1.0049999999999957,-0.0143266475644698,688.0,683.0,680.0,678.0,12900.0
2023-09-26,688.0,692.0,687.0,689.0,613.121826171875,18500.0,674.4,672.04,678.3333333333334,662.91,84.375,671.58,-0.1200000000000045,1.0799999999999272,-0.0014492753623188,689.0,688.0,688.0,684.0,10300.0
2023-09-27,689.0,691.0,673.0,673.0,598.8838500976562,27900.0,674.45,672.8,678.2266666666667,663.115,51.16279069767442,671.0,-0.1733333333332893,1.1050000000000182,-0.0246376811594203,689.0,692.0,689.0,688.0,18500.0
2023-09-28,636.0,654.0,635.0,646.0,596.115478515625,29100.0,673.35,672.48,677.76,663.185,32.83582089552239,669.8,-0.5466666666666242,0.974999999999909,-0.063768115942029,689.0,691.0,673.0,689.0,27900.0
2023-09-29,646.0,660.0,646.0,660.0,609.034423828125,6100.0,672.95,672.36,677.48,663.365,43.75,668.92,-0.7466666666666697,0.9550000000000408,-0.055793991416309,689.0,654.0,646.0,636.0,29100.0
2023-09-30,646.0,660.0,646.0,660.0,609.034423828125,6100.0,672.55,671.88,677.2,663.555,43.75,668.04,-1.066666666666606,0.92999999999995,-0.0625,689.0,660.0,660.0,646.0,6100.0
2023-10-01,646.0,660.0,646.0,660.0,609.034423828125,6100.0,672.1,671.48,676.8666666666667,663.75,43.75,667.16,-1.466666666666697,0.8400000000000318,-0.0638297872340425,689.0,660.0,660.0,646.0,6100.0
2023-10-02,655.0,660.0,652.0,652.0,601.6522216796875,6800.0,671.35,670.68,676.4133333333333,663.895,39.77272727272727,666.12,-1.8133333333333888,0.7799999999999727,-0.0738636363636363,689.0,660.0,660.0,646.0,6100.0
2023-10-03,652.0,652.0,640.0,640.0,590.5787963867188,11100.0,669.75,669.56,675.8,663.895,27.77777777777777,665.0,-1.9600000000000364,0.7100000000000364,-0.0909090909090909,689.0,660.0,652.0,655.0,6800.0
2023-10-04,636.0,641.0,634.0,634.0,585.0421752929688,8600.0,668.0,668.2,675.12,663.865,26.59574468085107,664.22,-2.3600000000000136,0.5,-0.0994318181818182,689.0,652.0,640.0,652.0,11100.0
2023-10-05,634.0,643.0,634.0,643.0,593.34716796875,3800.0,666.65,667.2,674.56,663.88,31.68316831683167,663.56,-2.6400000000001,0.3250000000000455,-0.0866477272727272,689.0,641.0,634.0,636.0,8600.0
2023-10-06,642.0,655.0,636.0,653.0,602.5750122070312,5700.0,665.8,666.56,674.1333333333333,663.995,37.83783783783784,663.12,-2.7333333333333485,0.2450000000000045,-0.0737588652482269,689.0,643.0,643.0,634.0,3800.0
2023-10-07,642.0,655.0,636.0,653.0,602.5750122070312,5700.0,664.95,666.0,673.68,664.11,37.83783783783784,662.64,-2.7333333333333485,0.2150000000000318,-0.0698005698005698,689.0,655.0,653.0,642.0,5700.0
2023-10-08,642.0,655.0,636.0,653.0,602.5750122070312,5700.0,664.1,665.24,673.2266666666667,664.25,37.83783783783784,662.16,-2.573333333333266,0.3550000000000182,-0.075070821529745,689.0,655.0,653.0,642.0,5700.0
2023-10-09,642.0,655.0,636.0,653.0,602.5750122070312,5700.0,662.75,664.6,672.7466666666667,664.395,33.009708737864074,661.68,-2.373333333333335,0.5299999999999727,-0.0724431818181817,689.0,655.0,653.0,642.0,5700.0
2023-10-10,652.0,656.0,650.0,656.0,605.3433227539062,3800.0,661.65,664.04,672.1866666666666,664.555,34.28571428571429,661.56,-2.373333333333335,0.6749999999999545,-0.0681818181818182,689.0,655.0,653.0,642.0,5700.0
2023-10-11,656.0,656.0,650.0,651.0,600.7294311523438,1500.0,660.2,663.28,671.6666666666666,664.69,38.29787234042553,661.6,-2.466666666666697,0.69500000000005,-0.0752840909090909,689.0,656.0,656.0,652.0,3800.0
2023-10-12,652.0,658.0,652.0,656.0,605.3433227539062,2700.0,659.0,662.72,671.2133333333334,664.85,56.94444444444444,662.02,-2.466666666666584,0.7400000000000091,-0.0681818181818182,689.0,656.0,651.0,656.0,1500.0
2023-10-13,648.0,654.0,647.0,647.0,597.0382690429688,4000.0,657.35,661.8,670.64,664.97,40.298507462686565,661.98,-2.586666666666701,0.7200000000000273,-0.0704022988505747,689.0,658.0,656.0,652.0,2700.0
2023-10-14,648.0,654.0,647.0,647.0,597.0382690429688,4000.0,655.7,660.48,669.9466666666667,665.095,40.298507462686565,662.0,-2.7999999999999545,0.7000000000000455,-0.038632986627043,689.0,654.0,647.0,648.0,4000.0
2023-10-15,648.0,654.0,647.0,647.0,597.0382690429688,4000.0,653.65,659.24,669.1866666666666,665.185,40.298507462686565,662.02,-3.0,0.6299999999999955,-0.0428994082840237,689.0,654.0,647.0,648.0,4000.0
2023-10-16,647.0,648.0,643.0,646.0,596.115478515625,4000.0,651.5,657.88,668.4,665.27,45.0,662.02,-3.2666666666666515,0.5799999999999272,-0.0429629629629629,673.0,654.0,647.0,648.0,4000.0
2023-10-17,653.0,653.0,640.0,652.0,601.6522216796875,6000.0,650.45,656.76,667.7066666666667,665.405,61.11111111111111,662.1,-3.5066666666666606,0.55499999999995,-0.0369276218611521,660.0,648.0,646.0,647.0,4000.0
2023-10-18,648.0,650.0,645.0,649.0,598.8838500976562,1300.0,650.6,655.52,666.9733333333334,665.525,64.70588235294117,662.06,-3.6666666666666288,0.55499999999995,-0.0413589364844904,660.0,653.0,652.0,653.0,6000.0
2023-10-19,646.0,650.0,645.0,647.0,597.0382690429688,800.0,649.95,654.2,666.2133333333334,665.635,54.54545454545455,661.82,-3.733333333333349,0.5399999999999636,-0.0443131462333825,660.0,650.0,649.0,648.0,1300.0
2023-10-20,646.0,647.0,640.0,647.0,597.0382690429688,3000.0,649.3,652.56,665.4533333333334,665.69,41.17647058823529,661.6,-3.733333333333235,0.5050000000001091,-0.0226586102719033,660.0,650.0,647.0,646.0,800.0
2023-10-21,646.0,647.0,640.0,647.0,597.0382690429688,3000.0,648.65,650.88,664.68,665.675,41.17647058823529,661.46,-3.7200000000000273,0.4049999999999727,-0.0030816640986132,656.0,647.0,647.0,646.0,3000.0
2023-10-22,646.0,647.0,640.0,647.0,597.0382690429688,3000.0,648.4,649.84,663.9466666666667,665.675,41.17647058823529,661.32,-3.759999999999991,0.2699999999999818,0.0188976377952756,656.0,647.0,647.0,646.0,3000.0
2023-10-23,644.0,648.0,643.0,645.0,595.1926879882812,1200.0,648.65,649.8,663.1333333333333,665.66,38.888888888888886,661.14,-3.840000000000032,0.1349999999999909,-0.0061633281972265,656.0,647.0,647.0,646.0,3000.0
2023-10-24,642.0,644.0,639.0,643.0,593.34716796875,2900.0,649.1,649.12,662.32,665.665,31.42857142857143,660.74,-3.8933333333333167,0.0299999999999727,-0.0046439628482972,656.0,648.0,645.0,644.0,1200.0
2023-10-25,648.0,648.0,638.0,639.0,589.6560668945312,2500.0,648.9,648.28,661.4533333333334,665.65,32.35294117647058,660.08,-4.0,-0.0400000000000773,-0.0108359133126935,656.0,644.0,643.0,642.0,2900.0
2023-10-26,638.0,643.0,638.0,638.0,588.7332763671875,1900.0,648.15,647.4,660.5733333333334,665.63,20.0,659.44,-4.10666666666657,-0.044999999999959,-0.0123839009287926,656.0,648.0,639.0,648.0,2500.0
2023-10-27,644.0,644.0,637.0,643.0,593.34716796875,2400.0,647.65,647.04,659.76,665.58,42.30769230769231,658.86,-4.186666666666724,-0.0949999999999136,-0.007716049382716,656.0,643.0,638.0,638.0,1900.0
2023-10-28,644.0,644.0,637.0,643.0,593.34716796875,2400.0,647.15,647.16,659.0533333333333,665.515,42.30769230769231,658.36,-4.080000000000041,-0.1449999999999818,-0.0122887864823348,656.0,644.0,643.0,644.0,2400.0
2023-10-29,644.0,644.0,637.0,643.0,593.34716796875,2400.0,646.65,647.52,658.6533333333333,665.455,42.30769230769231,657.86,-3.6666666666667433,-0.2099999999999227,-0.0242792109256448,656.0,644.0,643.0,644.0,2400.0
2023-10-30,638.0,640.0,638.0,638.0,588.7332763671875,1200.0,645.75,647.32,658.1466666666666,665.365,36.66666666666666,657.26,-3.306666666666729,-0.2849999999999681,-0.0303951367781154,656.0,644.0,643.0,644.0,2400.0
2023-10-31,640.0,644.0,640.0,644.0,594.2698974609375,1300.0,645.4,646.96,657.7333333333333,665.29,36.66666666666666,656.76,-2.840000000000032,-0.3400000000000318,-0.0152905198776758,656.0,640.0,638.0,638.0,1200.0
2023-11-01,641.0,644.0,640.0,640.0,590.5787963867188,2500.0,644.6,646.44,657.24,665.195,35.48387096774192,656.22,-2.519999999999982,-0.3849999999999909,-0.0214067278287461,652.0,644.0,644.0,640.0,1300.0
2023-11-02,644.0,644.0,637.0,643.0,593.34716796875,2100.0,644.4,646.04,656.7866666666666,665.115,43.75,655.64,-2.2666666666666515,-0.3999999999999772,-0.0168195718654434,652.0,644.0,640.0,641.0,2500.0
2023-11-03,644.0,644.0,637.0,643.0,593.34716796875,2100.0,644.2,645.64,656.3333333333334,665.06,43.75,655.12,-2.3199999999999363,-0.3950000000000955,-0.0301659125188537,652.0,644.0,643.0,644.0,2100.0
2023-11-04,644.0,644.0,637.0,643.0,593.34716796875,2100.0,644.0,645.12,656.08,664.97,43.75,654.58,-2.066666666666606,-0.3949999999999818,-0.0431547619047618,652.0,644.0,643.0,644.0,2100.0
2023-11-05,644.0,644.0,637.0,643.0,593.34716796875,2100.0,643.85,644.8,656.0,664.88,43.75,654.04,-1.7333333333333485,-0.4099999999999681,-0.0402985074626865,652.0,644.0,643.0,644.0,2100.0
2023-11-06,648.0,654.0,648.0,651.0,600.7294311523438,5400.0,643.8,644.6,656.2133333333334,664.845,57.89473684210526,653.66,-1.0266666666666424,-0.3500000000000227,-0.03125,651.0,644.0,643.0,644.0,2100.0
2023-11-07,651.0,651.0,646.0,649.0,598.8838500976562,1300.0,643.8,644.68,656.2133333333334,664.8,57.89473684210526,653.24,-0.5733333333332666,-0.3150000000000545,-0.0284431137724551,651.0,654.0,651.0,648.0,5400.0
2023-11-08,651.0,653.0,650.0,653.0,602.5750122070312,2700.0,644.1,644.92,656.3066666666666,664.775,68.42105263157895,652.7,-0.0266666666667561,-0.2849999999999681,-0.0224550898203592,653.0,651.0,649.0,651.0,1300.0
2023-11-09,654.0,654.0,649.0,653.0,602.5750122070312,5100.0,644.4,645.16,656.4,664.75,70.27027027027027,652.2,0.3199999999999363,-0.2200000000000272,-0.0224550898203592,653.0,653.0,653.0,651.0,2700.0
2023-11-10,653.0,653.0,649.0,651.0,600.7294311523438,1200.0,644.6,645.36,656.4666666666667,664.71,61.76470588235294,651.62,0.466666666666697,-0.169999999999959,-0.0269058295964125,653.0,654.0,653.0,654.0,5100.0
2023-11-11,653.0,653.0,649.0,651.0,600.7294311523438,1200.0,644.8,645.32,656.5066666666667,664.67,61.76470588235294,651.04,0.2933333333332939,-0.1750000000000682,-0.0239880059970014,653.0,653.0,651.0,653.0,1200.0
2023-11-12,653.0,653.0,649.0,651.0,600.7294311523438,1200.0,645.1,645.4,656.5066666666667,664.655,61.76470588235294,650.46,0.2933333333332939,-0.1449999999999818,-0.03125,653.0,653.0,651.0,653.0,1200.0
2023-11-13,655.0,655.0,653.0,654.0,603.4977416992188,1700.0,645.65,645.68,656.44,664.625,75.0,649.94,0.1333333333334394,-0.1499999999999772,-0.022421524663677,654.0,653.0,651.0,653.0,1200.0
2023-11-14,654.0,654.0,651.0,653.0,602.5750122070312,2000.0,646.35,645.92,656.3733333333333,664.59,66.66666666666666,649.24,-0.0266666666666424,-0.1599999999999681,-0.0253731343283581,654.0,655.0,654.0,655.0,1700.0
2023-11-15,637.0,646.0,637.0,642.0,592.4243774414062,8300.0,646.55,645.72,656.2133333333334,664.5,52.94117647058823,648.3,-0.2533333333333303,-0.2100000000000363,-0.0417910447761193,654.0,654.0,653.0,654.0,2000.0
2023-11-16,642.0,642.0,629.0,630.0,581.35107421875,34400.0,645.9,645.04,655.8933333333333,664.35,34.88372093023256,647.44,-0.6133333333333439,-0.3199999999999363,-0.0597014925373133,654.0,646.0,642.0,637.0,8300.0
2023-11-17,630.0,635.0,629.0,630.0,581.35107421875,7100.0,645.25,644.44,655.5733333333334,664.19,34.88372093023256,647.12,-0.9333333333332804,-0.4649999999999181,-0.0597014925373133,654.0,642.0,630.0,642.0,34400.0
2023-11-18,630.0,635.0,629.0,630.0,581.35107421875,7100.0,644.6,643.92,655.1333333333333,664.05,34.88372093023256,646.52,-1.3066666666667288,-0.5750000000000455,-0.0735294117647058,654.0,635.0,630.0,630.0,7100.0
2023-11-19,630.0,635.0,629.0,630.0,581.35107421875,7100.0,644.2,643.56,654.5733333333334,663.91,34.88372093023256,645.92,-1.7999999999999543,-0.6800000000000637,-0.0707964601769911,654.0,635.0,630.0,630.0,7100.0
2023-11-20,633.0,633.0,630.0,633.0,584.119384765625,7400.0,643.65,643.36,654.08,663.785,26.31578947368422,645.38,-2.1333333333333258,-0.7150000000000318,-0.0691176470588235,654.0,635.0,630.0,630.0,7100.0
2023-11-21,633.0,650.0,633.0,647.0,597.0382690429688,21700.0,644.0,643.52,653.7466666666667,663.73,47.99999999999999,645.28,-2.146666666666647,-0.6200000000000045,-0.0485294117647059,654.0,633.0,633.0,633.0,7400.0
2023-11-22,647.0,656.0,645.0,654.0,603.4977416992188,18000.0,644.55,643.96,653.56,663.71,50.94339622641509,645.56,-2.013333333333435,-0.4800000000000182,-0.038235294117647,654.0,650.0,647.0,633.0,21700.0
2023-11-23,647.0,656.0,645.0,654.0,603.4977416992188,18000.0,645.1,644.4,653.3733333333333,663.69,50.94339622641509,645.96,-1.759999999999991,-0.3599999999998999,-0.038235294117647,654.0,656.0,654.0,647.0,18000.0
2023-11-24,655.0,655.0,648.0,651.0,600.7294311523438,7800.0,645.5,644.92,653.1466666666666,663.655,50.0,646.12,-1.4266666666667334,-0.2549999999999954,-0.0537790697674418,654.0,656.0,654.0,647.0,18000.0
2023-11-25,655.0,655.0,648.0,651.0,600.7294311523438,7800.0,645.9,645.2,652.9066666666666,663.6,50.0,646.08,-1.173333333333403,-0.1849999999999454,-0.0551523947750363,654.0,655.0,651.0,655.0,7800.0
2023-11-26,655.0,655.0,648.0,651.0,600.7294311523438,7800.0,645.9,645.64,652.6933333333334,663.545,50.0,646.04,-1.0533333333332848,-0.1850000000000591,-0.0326894502228826,654.0,655.0,651.0,655.0,7800.0
2023-11-27,650.0,650.0,645.0,645.0,595.1926879882812,12800.0,645.7,645.72,652.3333333333334,663.475,42.10526315789473,645.88,-1.2266666666665742,-0.2350000000000136,-0.001547987616099,654.0,655.0,651.0,655.0,7800.0
2023-11-28,644.0,646.0,624.0,624.0,575.8143920898438,108000.0,644.25,644.96,651.7333333333333,663.29,31.16883116883116,645.3,-1.6399999999999864,-0.4000000000000909,-0.0545454545454545,654.0,650.0,645.0,650.0,12800.0
2023-11-29,629.0,640.0,626.0,631.0,582.2738037109375,151200.0,643.15,644.48,651.2133333333334,663.14,42.465753424657535,644.8,-1.9333333333332805,-0.5149999999999864,-0.0439393939393939,654.0,646.0,624.0,644.0,108000.0
2023-11-30,631.0,638.0,630.0,631.0,582.2738037109375,31100.0,642.15,644.0,650.6933333333334,662.99,50.81967213114754,644.4,-2.213333333333253,-0.6100000000000136,-0.0439393939393939,654.0,640.0,631.0,629.0,151200.0
2023-12-01,632.0,636.0,630.0,636.0,586.8876953125,12100.0,641.4,643.4,650.24,662.895,54.54545454545455,644.0,-2.453333333333376,-0.6499999999999773,-0.0245398773006134,654.0,638.0,631.0,631.0,31100.0
2023-12-02,632.0,636.0,630.0,636.0,586.8876953125,12100.0,640.65,642.88,649.7866666666666,662.915,54.54545454545455,643.78,-2.546666666666738,-0.5600000000000591,-0.0062499999999999,654.0,636.0,636.0,632.0,12100.0
2023-12-03,632.0,636.0,630.0,636.0,586.8876953125,12100.0,639.75,642.2,649.2,662.93,54.54545454545455,643.56,-2.533333333333303,-0.3600000000000136,0.003154574132492,654.0,636.0,636.0,632.0,12100.0
2023-12-04,638.0,645.0,637.0,642.0,592.4243774414062,18100.0,639.2,641.76,648.72,662.95,56.52173913043478,643.46,-2.4933333333333394,-0.1899999999999408,-0.0015552099533436,654.0,636.0,636.0,632.0,12100.0
2023-12-05,641.0,643.0,639.0,640.0,590.5787963867188,11000.0,639.1,641.32,648.1866666666666,662.905,43.85964912280702,643.34,-2.5066666666667743,-0.0850000000000363,-0.0199081163859111,654.0,645.0,642.0,638.0,18100.0
2023-12-06,640.0,643.0,638.0,641.0,591.5015869140625,9400.0,639.65,640.92,647.6666666666666,662.865,37.25490196078432,643.12,-2.5733333333333803,-0.0299999999999727,-0.0183767228177641,654.0,643.0,640.0,641.0,11000.0
2023-12-07,640.0,641.0,634.0,641.0,591.5015869140625,8600.0,640.2,640.52,647.1466666666666,662.825,37.25490196078432,642.96,-2.6399999999999864,-0.0899999999999181,-0.0183767228177641,654.0,643.0,641.0,640.0,9400.0
2023-12-08,648.0,655.0,645.0,651.0,600.7294311523438,39700.0,641.25,640.4,646.76,662.86,50.0,643.04,-2.4400000000000546,-0.0699999999999363,-0.003062787136294,654.0,641.0,641.0,640.0,8600.0
2023-12-09,648.0,655.0,645.0,651.0,600.7294311523438,39700.0,642.3,640.32,646.2666666666667,662.88,50.0,643.12,-2.453333333333376,-0.07000000000005,-0.0076219512195121,654.0,655.0,651.0,648.0,39700.0
2023-12-10,648.0,655.0,645.0,651.0,600.7294311523438,39700.0,643.2,640.68,645.76,662.87,50.0,643.2,-2.42666666666662,-0.0349999999999681,0.0,654.0,655.0,651.0,648.0,39700.0
2023-12-11,651.0,653.0,645.0,647.0,597.0382690429688,11600.0,643.2,641.36,645.4133333333333,662.845,51.78571428571429,643.2,-2.2533333333333303,-0.0199999999999818,-0.0137195121951219,654.0,655.0,651.0,648.0,39700.0
2023-12-12,645.0,646.0,643.0,645.0,595.1926879882812,5300.0,642.75,641.96,645.4,662.78,78.37837837837839,643.2,-1.7466666666666697,-0.0450000000000727,-0.0030911901081916,654.0,653.0,647.0,651.0,11600.0
2023-12-13,647.0,653.0,641.0,653.0,602.5750122070312,13300.0,642.7,642.88,645.3066666666666,662.755,78.94736842105263,643.4,-1.4533333333333758,-0.1050000000000181,0.0092735703245749,653.0,646.0,645.0,645.0,5300.0
2023-12-14,655.0,667.0,653.0,664.0,612.7255249023438,48200.0,643.35,644.24,645.36,662.785,83.6734693877551,643.9,-0.906666666666638,-0.0950000000000272,0.026275115919629,664.0,653.0,653.0,647.0,13300.0
2023-12-15,661.0,662.0,657.0,662.0,610.8800048828125,7800.0,643.9,645.4,645.3866666666667,662.81,78.26086956521739,644.38,-0.3733333333333348,-0.0600000000000591,0.0247678018575852,664.0,667.0,664.0,655.0,48200.0
2023-12-16,661.0,662.0,657.0,662.0,610.8800048828125,7800.0,644.45,646.0,645.52,662.865,78.26086956521739,644.76,0.1066666666666833,0.0199999999999818,0.0153374233128833,664.0,662.0,662.0,661.0,7800.0
2023-12-17,661.0,662.0,657.0,662.0,610.8800048828125,7800.0,645.3,646.32,645.8133333333334,662.915,78.26086956521739,645.14,0.4133333333334121,0.1349999999999909,0.0200308166409861,664.0,662.0,662.0,661.0,7800.0
2023-12-18,660.0,662.0,654.0,661.0,609.9572143554688,6500.0,647.15,646.6,646.1733333333333,662.94,73.17073170731707,645.5,0.8666666666666742,0.1850000000000591,0.0216383307573415,664.0,662.0,662.0,661.0,7800.0
2023-12-19,660.0,661.0,655.0,659.0,608.1116333007812,4500.0,648.55,646.92,646.3866666666667,662.945,73.17073170731707,645.92,1.0266666666666424,0.1600000000000818,0.0185471406491499,664.0,662.0,661.0,660.0,6500.0
2023-12-20,655.0,658.0,650.0,657.0,606.26611328125,5600.0,649.85,647.16,646.44,662.94,69.04761904761905,646.18,1.0533333333333983,0.1300000000001091,0.0154559505409581,664.0,661.0,659.0,660.0,4500.0
2023-12-21,656.0,656.0,648.0,652.0,601.6522216796875,9300.0,650.65,647.2,646.4266666666666,662.91,61.70212765957447,646.42,0.906666666666638,0.044999999999959,0.007727975270479,664.0,658.0,657.0,655.0,5600.0
2023-12-22,650.0,657.0,650.0,657.0,606.26611328125,3500.0,651.7,647.68,646.48,662.92,57.14285714285714,646.7,0.6666666666666288,0.0049999999999954,0.0186046511627906,664.0,656.0,652.0,656.0,9300.0
2023-12-23,650.0,657.0,650.0,657.0,606.26611328125,3500.0,652.75,649.0,646.5333333333333,662.925,57.14285714285714,646.98,0.3600000000000136,-0.0150000000001,0.0217729393468117,664.0,657.0,657.0,650.0,3500.0
2023-12-24,650.0,657.0,650.0,657.0,606.26611328125,3500.0,653.5,650.04,646.5466666666666,662.92,57.14285714285714,647.26,0.1599999999999681,-0.0250000000000909,0.028169014084507,664.0,657.0,657.0,650.0,3500.0
2023-12-25,660.0,661.0,657.0,661.0,609.9572143554688,8000.0,654.55,651.24,646.68,662.945,66.66666666666666,647.62,0.2399999999998954,0.0049999999999954,0.0360501567398119,664.0,657.0,657.0,650.0,3500.0
2023-12-26,661.0,662.0,658.0,658.0,607.1888427734375,4700.0,655.4,652.12,646.7066666666667,662.98,65.11627906976744,647.76,0.2800000000000864,0.07000000000005,0.0233281493001555,664.0,661.0,661.0,660.0,8000.0
2023-12-27,662.0,665.0,660.0,665.0,613.6483154296875,6100.0,656.6,653.28,646.9466666666667,663.05,64.28571428571428,648.08,0.466666666666697,0.1299999999999954,0.0342146189735614,665.0,662.0,658.0,661.0,4700.0
2023-12-28,664.0,666.0,662.0,663.0,611.802734375,2200.0,657.2,654.36,647.16,663.11,48.48484848484848,648.28,0.6266666666666652,0.1850000000000591,0.0311041990668741,665.0,665.0,665.0,662.0,6100.0
2023-12-29,665.0,665.0,661.0,664.0,612.7255249023438,7900.0,657.85,655.24,647.3866666666667,663.17,53.125,648.5,0.8400000000000318,0.25,0.0407523510971787,665.0,666.0,663.0,664.0,2200.0
2023-12-30,665.0,665.0,661.0,664.0,612.7255249023438,7900.0,658.5,656.2,647.6266666666667,663.21,53.125,648.76,0.9466666666667152,0.2649999999999863,0.0310559006211179,665.0,665.0,664.0,665.0,7900.0
2023-12-31,665.0,665.0,661.0,664.0,612.7255249023438,7900.0,659.35,657.12,647.7866666666666,663.25,53.125,649.02,1.0799999999999272,0.2699999999999818,0.0375,665.0,665.0,664.0,665.0,7900.0
2024-01-01,665.0,665.0,661.0,664.0,612.7255249023438,7900.0,660.3,658.04,647.9866666666667,663.27,54.83870967741936,649.28,1.0399999999999636,0.2200000000000272,0.0326594090202176,665.0,665.0,664.0,665.0,7900.0
2024-01-02,665.0,665.0,661.0,664.0,612.7255249023438,7900.0,660.85,658.56,648.2133333333334,663.275,58.62068965517242,649.48,1.0533333333333983,0.1649999999999636,0.0326594090202176,665.0,665.0,664.0,665.0,7900.0
2024-01-03,665.0,665.0,661.0,664.0,612.7255249023438,7900.0,660.85,659.08,648.44,663.28,62.96296296296296,649.7,1.0533333333333983,0.1100000000000136,0.0326594090202176,665.0,665.0,664.0,665.0,7900.0
2024-01-04,663.0,663.0,652.0,655.0,604.4205322265625,13600.0,660.5,659.24,648.5466666666666,663.24,54.83870967741936,649.96,0.9199999999999592,0.0299999999999727,0.0186625194401244,665.0,665.0,664.0,665.0,7900.0
2024-01-05,655.0,658.0,640.0,650.0,599.806640625,33300.0,659.9,659.36,648.5866666666667,663.175,38.70967741935484,650.36,0.8000000000000682,-0.0750000000000454,-0.0015360983102918,665.0,663.0,655.0,663.0,13600.0
2024-01-06,655.0,658.0,640.0,650.0,599.806640625,33300.0,659.3,659.56,648.6533333333333,663.115,38.70967741935484,650.76,0.6666666666666288,-0.1549999999999727,0.0015408320493066,665.0,658.0,650.0,655.0,33300.0
2024-01-07,655.0,658.0,640.0,650.0,599.806640625,33300.0,658.75,659.44,648.7466666666667,663.045,38.70967741935484,651.16,0.533333333333303,-0.2300000000000182,-0.004594180704441,665.0,658.0,650.0,655.0,33300.0
2024-01-08,655.0,658.0,640.0,650.0,599.806640625,33300.0,658.3,658.88,648.8933333333333,662.965,29.62962962962964,651.56,0.4533333333332621,-0.3149999999999409,-0.004594180704441,665.0,658.0,650.0,655.0,33300.0
2024-01-09,647.0,650.0,645.0,650.0,599.806640625,15400.0,657.95,658.4,649.0533333333333,662.895,33.33333333333333,651.9,0.5066666666666606,-0.3450000000000273,-0.0015360983102918,665.0,658.0,650.0,655.0,33300.0
2024-01-10,651.0,656.0,647.0,655.0,604.4205322265625,10100.0,658.1,658.12,649.2133333333334,662.85,27.272727272727263,652.06,0.6266666666666652,-0.3249999999999318,0.0061443932411673,665.0,650.0,650.0,647.0,15400.0
2024-01-11,652.0,660.0,652.0,658.0,607.1888427734375,8300.0,658.15,657.96,649.4133333333333,662.82,39.130434782608695,652.14,0.7599999999999909,-0.2949999999999591,0.010752688172043,665.0,656.0,655.0,651.0,10100.0
2024-01-12,658.0,659.0,655.0,657.0,606.26611328125,3900.0,658.15,657.8,649.6,662.79,34.78260869565217,652.2,0.853333333333353,-0.2549999999999954,0.0045871559633028,665.0,660.0,658.0,652.0,8300.0
2024-01-13,658.0,659.0,655.0,657.0,606.26611328125,3900.0,658.15,657.72,649.8533333333334,662.735,34.78260869565217,652.32,0.9600000000000364,-0.2300000000000182,0.006125574272588,665.0,659.0,657.0,658.0,3900.0
2024-01-14,658.0,659.0,655.0,657.0,606.26611328125,3900.0,657.95,657.72,650.0266666666666,662.67,34.78260869565217,652.44,0.9733333333333576,-0.2250000000000227,0.0233644859813084,665.0,659.0,657.0,658.0,3900.0
2024-01-15,659.0,659.0,658.0,658.0,607.1888427734375,700.0,657.95,657.96,650.2666666666667,662.6,37.5,652.58,1.0533333333332848,-0.25,0.0444444444444445,665.0,659.0,657.0,658.0,3900.0
2024-01-16,659.0,660.0,657.0,660.0,609.034423828125,6700.0,657.7,658.08,650.4933333333333,662.535,42.30769230769231,652.88,1.080000000000041,-0.2850000000000818,0.0476190476190476,664.0,659.0,658.0,659.0,700.0
2024-01-17,660.0,662.0,657.0,659.0,608.1116333007812,6400.0,657.5,658.16,650.7066666666667,662.465,40.74074074074074,653.58,1.1066666666666831,-0.3249999999999318,0.046031746031746,664.0,660.0,660.0,659.0,6700.0
2024-01-18,657.0,660.0,652.0,653.0,602.5750122070312,5700.0,656.95,658.0,650.84,662.365,45.833333333333336,654.02,0.9866666666666788,-0.3700000000000045,0.0365079365079366,664.0,662.0,659.0,660.0,6400.0
2024-01-19,654.0,654.0,651.0,654.0,603.4977416992188,9500.0,656.45,657.72,650.9866666666667,662.25,60.0,654.48,0.9600000000000364,-0.4199999999999591,0.0331753554502369,664.0,660.0,653.0,657.0,5700.0
2024-01-20,654.0,654.0,651.0,654.0,603.4977416992188,9500.0,655.95,657.56,651.0266666666666,662.12,60.0,654.84,0.7599999999999909,-0.4800000000000182,0.0108191653786708,664.0,654.0,654.0,654.0,9500.0
2024-01-21,654.0,654.0,651.0,654.0,603.4977416992188,9500.0,655.45,657.12,651.0933333333334,661.965,60.0,655.2,0.6000000000000227,-0.5699999999999363,0.0,664.0,654.0,654.0,654.0,9500.0
2024-01-22,651.0,661.0,651.0,656.0,605.3433227539062,13300.0,655.05,656.84,651.1333333333333,661.82,63.63636363636363,655.6,0.4266666666666197,-0.6449999999999818,0.003058103975535,664.0,654.0,654.0,654.0,9500.0
2024-01-23,661.0,663.0,657.0,661.0,609.9572143554688,6400.0,654.9,656.72,651.24,661.705,70.37037037037038,655.98,0.3999999999999772,-0.6599999999999682,0.0153609831029186,661.0,661.0,656.0,651.0,13300.0
2024-01-24,661.0,661.0,656.0,657.0,606.26611328125,5000.0,655.0,656.44,651.32,661.57,53.846153846153854,656.32,0.3333333333333712,-0.67999999999995,0.0092165898617511,661.0,663.0,661.0,661.0,6400.0
2024-01-25,661.0,661.0,655.0,659.0,608.1116333007812,4400.0,655.45,656.24,651.4266666666666,661.445,52.0,656.68,0.3999999999999772,-0.6749999999999545,0.0122887864823348,661.0,661.0,657.0,661.0,5000.0
2024-01-26,660.0,660.0,654.0,659.0,608.1116333007812,5500.0,655.9,656.04,651.5333333333333,661.305,54.16666666666666,657.04,0.4399999999999409,-0.6600000000000819,0.0217054263565892,661.0,661.0,659.0,661.0,4400.0
2024-01-27,660.0,660.0,654.0,659.0,608.1116333007812,5500.0,656.35,655.84,651.6,661.17,54.16666666666666,657.2,0.466666666666697,-0.650000000000091,0.0560897435897436,661.0,660.0,659.0,660.0,5500.0
2024-01-28,660.0,660.0,654.0,659.0,608.1116333007812,5500.0,656.8,655.64,651.68,661.04,54.16666666666666,657.36,0.4399999999999409,-0.6650000000000773,0.0443740095087163,661.0,660.0,659.0,660.0,5500.0
2024-01-29,659.0,660.0,650.0,655.0,604.4205322265625,16200.0,657.05,655.64,651.8533333333334,660.895,44.44444444444444,657.44,0.533333333333303,-0.6750000000000682,0.0380348652931854,661.0,660.0,659.0,660.0,5500.0
2024-01-30,650.0,656.0,650.0,655.0,604.4205322265625,14400.0,657.05,655.84,652.1866666666666,660.765,40.0,657.6,0.7599999999999909,-0.6800000000000637,0.029874213836478,661.0,660.0,655.0,659.0,16200.0
2024-01-31,650.0,653.0,650.0,653.0,602.5750122070312,4500.0,656.8,655.96,652.4933333333333,660.625,38.46153846153846,657.76,0.9600000000000364,-0.67999999999995,0.0267295597484276,661.0,656.0,655.0,650.0,14400.0
2024-02-01,653.0,656.0,650.0,654.0,603.4977416992188,7100.0,656.65,656.12,652.8133333333334,660.49,52.38095238095237,657.78,1.213333333333367,-0.67999999999995,0.0283018867924529,661.0,653.0,653.0,650.0,4500.0
2024-02-02,652.0,654.0,650.0,654.0,603.4977416992188,4200.0,656.5,656.28,653.1333333333333,660.355,50.0,657.58,1.4533333333333758,-0.6849999999999454,0.0186915887850467,661.0,656.0,654.0,653.0,7100.0
2024-02-03,652.0,654.0,650.0,654.0,603.4977416992188,4200.0,656.35,656.44,653.4133333333333,660.2,50.0,657.42,1.5599999999999454,-0.6949999999999363,0.021875,661.0,654.0,654.0,652.0,4200.0
2024-02-04,652.0,654.0,650.0,654.0,603.4977416992188,4200.0,656.15,656.4,653.5066666666667,660.04,50.0,657.26,1.32000000000005,-0.7250000000000227,0.0202808112324492,661.0,654.0,654.0,652.0,4200.0
2024-02-05,655.0,656.0,648.0,650.0,599.806640625,12300.0,655.65,656.08,653.4533333333334,659.86,36.36363636363636,657.02,0.9600000000000364,-0.7649999999999864,0.0140405616224648,661.0,654.0,654.0,652.0,4200.0
2024-02-06,650.0,651.0,643.0,651.0,600.7294311523438,14500.0,655.25,655.84,653.4133333333333,659.69,22.22222222222221,656.82,0.599999999999909,-0.7999999999999545,0.0,661.0,656.0,650.0,655.0,12300.0
2024-02-07,652.0,654.0,651.0,651.0,600.7294311523438,3000.0,655.15,655.6,653.4133333333333,659.52,28.57142857142857,656.66,0.2799999999999727,-0.8350000000000364,0.0,661.0,651.0,651.0,650.0,14500.0
2024-02-08,651.0,651.0,641.0,642.0,592.4243774414062,14400.0,654.55,655.0,653.2933333333333,659.305,9.523809523809518,656.36,-0.1200000000000045,-0.8950000000000955,-0.0138248847926267,661.0,654.0,651.0,652.0,3000.0
2024-02-09,638.0,648.0,638.0,647.0,597.0382690429688,13300.0,654.2,654.56,653.24,659.105,26.92307692307692,656.26,-0.2666666666666515,-0.9349999999999454,0.0,661.0,651.0,642.0,651.0,14400.0
2024-02-10,638.0,648.0,638.0,647.0,597.0382690429688,13300.0,653.85,654.04,653.2666666666667,658.905,26.92307692307692,656.06,-0.1866666666667242,-0.9550000000000408,0.0031007751937983,661.0,648.0,647.0,638.0,13300.0
2024-02-11,638.0,648.0,638.0,647.0,597.0382690429688,13300.0,653.4,653.56,653.5733333333334,658.695,26.92307692307692,655.86,0.1600000000000818,-0.9950000000000044,-0.0091883614088821,661.0,648.0,647.0,638.0,13300.0
2024-02-12,638.0,648.0,638.0,647.0,597.0382690429688,13300.0,652.7,653.32,653.7866666666666,658.44,31.818181818181827,655.66,0.3733333333333348,-1.0799999999999272,-0.0256024096385542,659.0,648.0,647.0,638.0,13300.0
2024-02-13,645.0,647.0,642.0,643.0,593.34716796875,6100.0,652.0,652.88,653.9466666666667,658.205,26.92307692307692,655.3,0.6533333333334213,-1.099999999999909,-0.0287009063444109,659.0,648.0,647.0,638.0,13300.0
2024-02-14,641.0,650.0,641.0,644.0,594.2698974609375,7900.0,651.25,652.48,654.0533333333333,657.975,32.0,655.02,0.8133333333332757,-1.1299999999999957,-0.0271903323262839,659.0,647.0,643.0,645.0,6100.0
2024-02-15,610.0,620.0,581.0,600.0,553.6676635742188,83700.0,648.3,650.32,653.5733333333334,657.525,10.294117647058812,653.72,0.3066666666667288,-1.3799999999999957,-0.093655589123867,659.0,650.0,644.0,641.0,7900.0
2024-02-16,600.0,612.0,600.0,612.0,564.7410278320312,26100.0,645.95,648.56,653.2533333333333,657.09,23.75000000000001,652.7,-0.32000000000005,-1.6050000000000182,-0.0741301059001512,659.0,620.0,600.0,610.0,83700.0
2024-02-17,600.0,612.0,600.0,612.0,564.7410278320312,26100.0,643.6,646.6,652.8533333333334,656.63,23.75000000000001,651.66,-0.9333333333332804,-1.8100000000000591,-0.0713201820940819,655.0,612.0,612.0,600.0,26100.0
2024-02-18,600.0,612.0,600.0,612.0,564.7410278320312,26100.0,641.45,644.8,652.48,656.165,23.75000000000001,650.62,-1.466666666666697,-2.0400000000000773,-0.0684931506849315,655.0,612.0,612.0,600.0,26100.0
2024-02-19,615.0,618.0,610.0,618.0,570.2776489257812,8100.0,639.6,643.16,652.1733333333333,655.735,30.487804878048777,649.7,-1.879999999999996,-2.240000000000009,-0.0521472392638037,654.0,612.0,612.0,600.0,26100.0
2024-02-20,624.0,625.0,622.0,622.0,573.9688110351562,4700.0,638.05,641.68,651.92,655.325,32.94117647058823,648.86,-1.6533333333334213,-2.199999999999932,-0.0532724505327245,654.0,618.0,618.0,615.0,8100.0
2024-02-21,625.0,625.0,621.0,623.0,574.8916015625,5800.0,636.5,640.24,651.5466666666666,654.92,33.720930232558146,648.04,-1.706666666666706,-2.1700000000000728,-0.0517503805175038,654.0,625.0,622.0,624.0,4700.0
2024-02-22,626.0,628.0,625.0,628.0,579.5054931640625,4100.0,635.2,639.0,651.24,654.54,41.463414634146346,647.32,-1.613333333333344,-2.090000000000032,-0.0441400304414003,654.0,625.0,623.0,625.0,5800.0
2024-02-23,626.0,628.0,625.0,628.0,579.5054931640625,4100.0,633.9,637.92,650.9333333333333,654.155,37.66233766233766,646.78,-1.546666666666738,-2.009999999999991,-0.0499243570347958,654.0,628.0,628.0,626.0,4100.0
2024-02-24,626.0,628.0,625.0,628.0,579.5054931640625,4100.0,632.6,636.84,650.68,653.785,37.66233766233766,646.34,-1.4933333333333394,-1.9500000000000453,-0.0455927051671732,651.0,628.0,628.0,626.0,4100.0
2024-02-25,626.0,628.0,625.0,628.0,579.5054931640625,4100.0,631.5,635.84,650.4533333333334,653.395,37.66233766233766,645.9,-1.4666666666665833,-1.930000000000064,-0.0556390977443609,651.0,628.0,628.0,626.0,4100.0
2024-02-26,628.0,628.0,621.0,625.0,576.7371826171875,6800.0,630.2,634.68,650.08,653.0,36.25000000000001,645.4,-1.4666666666665833,-1.919999999999959,-0.057315233785822,651.0,628.0,628.0,626.0,4100.0
2024-02-27,625.0,628.0,622.0,625.0,576.7371826171875,4700.0,628.9,633.52,649.56,652.605,38.15789473684211,644.9,-1.6800000000000637,-1.9349999999999448,-0.0587349397590361,647.0,628.0,625.0,628.0,6800.0
2024-02-28,625.0,629.0,625.0,627.0,578.5827026367188,2800.0,628.15,632.44,649.0933333333334,652.22,38.96103896103895,644.44,-1.839999999999918,-1.9349999999999448,-0.055722891566265,647.0,628.0,625.0,625.0,4700.0
2024-02-29,628.0,634.0,621.0,628.0,579.5054931640625,10600.0,627.2,631.4,648.64,651.84,91.17647058823528,643.9,-2.039999999999964,-1.9449999999999363,-0.0542168674698795,647.0,629.0,627.0,625.0,2800.0
2024-03-01,624.0,631.0,621.0,630.0,581.35107421875,13200.0,626.35,630.6,648.2133333333334,651.51,87.5,643.34,-2.240000000000009,-1.884999999999991,-0.0512048192771084,647.0,634.0,628.0,628.0,10600.0
2024-03-02,624.0,631.0,621.0,630.0,581.35107421875,13200.0,625.5,629.76,647.8,651.295,87.5,642.8,-2.2800000000000864,-1.705000000000041,-0.0512048192771084,647.0,631.0,630.0,624.0,13200.0
2024-03-03,624.0,631.0,621.0,630.0,581.35107421875,13200.0,624.65,628.92,647.4133333333333,651.065,87.5,642.26,-2.146666666666647,-1.5399999999999636,-0.0512048192771084,644.0,631.0,630.0,624.0,13200.0
2024-03-04,630.0,630.0,621.0,625.0,576.7371826171875,3600.0,623.75,628.24,646.9866666666667,650.815,65.21739130434783,641.62,-2.106666666666684,-1.4049999999999727,-0.0458015267175572,644.0,631.0,630.0,624.0,13200.0
2024-03-05,627.0,635.0,625.0,635.0,585.9649047851562,5500.0,623.3,627.76,646.76,650.605,72.41379310344828,641.16,-1.879999999999996,-1.2350000000000136,-0.0230769230769231,635.0,630.0,625.0,630.0,3600.0
2024-03-06,633.0,636.0,630.0,636.0,586.8876953125,3400.0,625.1,627.32,646.48,650.4,72.41379310344828,640.68,-1.7333333333333485,-1.1100000000000136,-0.0215384615384615,636.0,635.0,635.0,627.0,5500.0
2024-03-07,632.0,637.0,632.0,637.0,587.8104858398438,3600.0,626.35,626.92,646.2133333333334,650.2,68.0,640.24,-1.5866666666665878,-1.0949999999999136,-0.02,637.0,636.0,636.0,633.0,3400.0
2024-03-08,637.0,646.0,637.0,642.0,592.4243774414062,7700.0,627.85,626.72,646.0133333333333,650.1,73.33333333333333,640.02,-1.3999999999999773,-0.9650000000000318,-0.0123076923076923,642.0,637.0,637.0,632.0,3600.0
2024-03-09,637.0,646.0,637.0,642.0,592.4243774414062,7700.0,629.35,626.68,645.76,650.065,73.33333333333333,639.78,-1.226666666666688,-0.75,-0.0123076923076923,642.0,646.0,642.0,637.0,7700.0
2024-03-10,637.0,646.0,637.0,642.0,592.4243774414062,7700.0,630.55,626.6,645.5466666666666,650.1,73.33333333333333,639.54,-1.213333333333367,-0.5049999999999955,-0.0198473282442748,642.0,646.0,642.0,637.0,7700.0
2024-03-11,642.0,649.0,641.0,645.0,595.1926879882812,10400.0,631.7,628.4,645.28,650.08,83.33333333333333,639.36,-1.2000000000000457,-0.3199999999999363,-0.019756838905775,645.0,646.0,642.0,637.0,7700.0
2024-03-12,645.0,645.0,640.0,644.0,594.2698974609375,3800.0,632.75,629.68,645.0266666666666,650.07,80.64516129032258,639.12,-1.1866666666667245,-0.1299999999999954,-0.0197869101978691,645.0,649.0,645.0,642.0,10400.0
2024-03-13,639.0,639.0,638.0,639.0,589.6560668945312,1600.0,633.3,630.76,644.6933333333334,650.035,67.64705882352942,638.68,-1.3199999999999363,-0.0650000000000545,-0.0273972602739726,645.0,645.0,644.0,645.0,3800.0
2024-03-14,642.0,642.0,639.0,640.0,590.5787963867188,1600.0,633.9,631.88,644.3733333333333,650.005,67.64705882352942,638.34,-1.386666666666656,-0.0600000000000591,-0.0258751902587519,645.0,639.0,639.0,639.0,1600.0
2024-03-15,644.0,644.0,638.0,638.0,588.7332763671875,4200.0,634.4,632.68,644.0266666666666,649.955,61.76470588235294,637.92,-1.5199999999999818,-0.1449999999999818,-0.0303951367781154,645.0,642.0,640.0,642.0,1600.0
2024-03-16,644.0,644.0,638.0,638.0,588.7332763671875,4200.0,634.9,633.32,643.68,649.89,61.76470588235294,637.5,-1.6000000000000227,-0.1900000000000545,-0.0333333333333333,645.0,644.0,638.0,644.0,4200.0
2024-03-17,644.0,644.0,638.0,638.0,588.7332763671875,4200.0,635.55,633.92,643.3333333333334,649.785,61.76470588235294,637.08,-1.6933333333332712,-0.2850000000000818,-0.0318664643399089,645.0,644.0,638.0,644.0,4200.0
2024-03-18,638.0,640.0,635.0,637.0,587.8104858398438,5800.0,636.15,634.28,642.9733333333334,649.68,70.0,636.64,-1.7200000000000273,-0.3550000000000182,-0.0245022970903522,645.0,644.0,638.0,644.0,4200.0
2024-03-19,634.0,643.0,634.0,638.0,588.7332763671875,9600.0,636.7,634.68,642.7466666666667,649.6,57.14285714285714,636.3,-1.6266666666666652,-0.4049999999999727,-0.0244648318042813,645.0,640.0,637.0,638.0,5800.0
2024-03-20,634.0,643.0,634.0,638.0,588.7332763671875,9600.0,637.2,635.08,642.5866666666667,649.52,55.0,635.96,-1.4399999999999409,-0.4350000000000591,-0.0244648318042813,645.0,643.0,638.0,634.0,9600.0
2024-03-21,638.0,638.0,620.0,637.0,587.8104858398438,23900.0,637.55,635.44,642.4133333333333,649.435,50.0,635.64,-1.2666666666666515,-0.4550000000000409,-0.0259938837920489,645.0,643.0,638.0,634.0,9600.0
2024-03-22,637.0,638.0,630.0,638.0,588.7332763671875,6000.0,637.95,635.96,642.2533333333333,649.31,37.5,635.32,-1.080000000000041,-0.4750000000000227,-0.0274390243902439,645.0,638.0,637.0,638.0,23900.0
2024-03-23,637.0,638.0,630.0,638.0,588.7332763671875,6000.0,638.35,636.48,642.0933333333334,649.14,37.5,635.0,-0.8799999999999955,-0.5399999999999636,-0.0347957639939485,645.0,638.0,638.0,637.0,6000.0
2024-03-24,637.0,638.0,630.0,638.0,588.7332763671875,6000.0,639.0,636.92,641.9333333333333,648.98,37.5,634.68,-0.8133333333333894,-0.6200000000000045,-0.0289193302891933,645.0,638.0,638.0,637.0,6000.0
2024-03-25,639.0,640.0,631.0,639.0,589.6560668945312,3400.0,639.2,637.36,641.72,648.815,28.57142857142857,634.38,-0.8666666666666742,-0.7049999999999272,-0.0303490136570561,645.0,638.0,638.0,637.0,6000.0
2024-03-26,638.0,639.0,636.0,639.0,589.6560668945312,1600.0,639.35,637.72,641.4666666666667,648.67,30.769230769230774,634.16,-0.9466666666666016,-0.7649999999999864,-0.0303490136570561,645.0,640.0,639.0,639.0,3400.0
2024-03-27,639.0,640.0,635.0,637.0,587.8104858398438,2300.0,639.35,638.0,641.2,648.515,39.99999999999999,633.88,-1.0533333333332848,-0.7949999999999591,-0.0333839150227617,645.0,639.0,639.0,638.0,1600.0
2024-03-28,637.0,643.0,637.0,643.0,593.34716796875,2500.0,639.4,638.52,641.0133333333333,648.39,60.0,633.72,-1.080000000000041,-0.75,-0.0242792109256448,645.0,640.0,637.0,639.0,2300.0
2024-03-29,644.0,644.0,643.0,644.0,594.2698974609375,2100.0,639.5,639.28,640.84,648.265,71.42857142857143,633.76,-1.0933333333332484,-0.7150000000000318,-0.0167938931297709,645.0,643.0,643.0,637.0,2500.0
2024-03-30,644.0,644.0,643.0,644.0,594.2698974609375,2100.0,639.6,639.64,640.6533333333333,648.15,71.42857142857143,633.7,-1.0666666666667195,-0.6650000000000773,-0.0167938931297709,645.0,644.0,644.0,644.0,2100.0
2024-03-31,644.0,644.0,643.0,644.0,594.2698974609375,2100.0,639.55,639.96,640.44,648.01,71.42857142857143,633.64,-1.0266666666666424,-0.6599999999999682,-0.013782542113323,644.0,644.0,644.0,644.0,2100.0
2024-04-01,650.0,651.0,647.0,651.0,600.7294311523438,5500.0,639.9,640.52,640.3333333333334,647.92,85.0,633.72,-0.8666666666666742,-0.5950000000000273,-0.0045871559633027,651.0,644.0,644.0,644.0,2100.0
2024-04-02,652.0,652.0,646.0,651.0,600.7294311523438,2900.0,640.5,640.88,640.3066666666666,647.825,84.21052631578948,633.8,-0.7066666666667061,-0.5649999999999409,-0.0045871559633027,651.0,651.0,651.0,650.0,5500.0
2024-04-03,651.0,651.0,645.0,649.0,598.8838500976562,800.0,640.95,641.16,640.24,647.72,76.19047619047619,633.92,-0.6000000000000227,-0.5449999999999591,-0.0076452599388379,651.0,652.0,651.0,652.0,2900.0
2024-04-04,649.0,650.0,646.0,648.0,597.9610595703125,1600.0,641.45,641.4,640.16,647.61,76.19047619047619,634.0,-0.4933333333333394,-0.5399999999999636,-0.0091743119266054,651.0,651.0,649.0,651.0,800.0
2024-04-05,645.0,650.0,645.0,648.0,597.9610595703125,1000.0,641.95,641.52,640.08,647.5,75.0,634.96,-0.3600000000000136,-0.5099999999999909,-0.003076923076923,651.0,650.0,648.0,649.0,1600.0
2024-04-06,645.0,650.0,645.0,648.0,597.9610595703125,1000.0,642.45,641.68,639.9733333333334,647.34,75.0,635.68,-0.3600000000000136,-0.5799999999999272,-0.0046082949308755,651.0,650.0,648.0,645.0,1000.0
2024-04-07,645.0,650.0,645.0,648.0,597.9610595703125,1000.0,643.0,642.04,639.8,647.19,75.0,636.4,-0.5066666666666606,-0.6349999999999909,-0.0046082949308755,651.0,650.0,648.0,645.0,1000.0
2024-04-08,652.0,652.0,648.0,650.0,599.806640625,3700.0,643.6,642.44,639.7066666666667,647.04,76.19047619047619,637.16,-0.533333333333303,-0.6800000000000637,0.0124610591900311,651.0,650.0,648.0,645.0,1000.0
2024-04-09,650.0,652.0,647.0,648.0,597.9610595703125,2500.0,644.1,642.84,639.56,646.88,69.56521739130434,637.76,-0.6000000000000227,-0.7300000000000182,0.0015455950540959,651.0,652.0,650.0,652.0,3700.0
2024-04-10,648.0,648.0,645.0,645.0,595.1926879882812,2300.0,644.5,643.12,639.3733333333333,646.705,66.66666666666666,638.22,-0.7066666666667061,-0.7949999999999591,-0.0030911901081916,651.0,652.0,648.0,650.0,2500.0
2024-04-11,644.0,645.0,642.0,642.0,592.4243774414062,3100.0,644.7,643.28,639.1466666666666,646.515,47.61904761904762,638.6,-0.8266666666667106,-0.8250000000000455,-0.007727975270479,651.0,648.0,645.0,648.0,2300.0
2024-04-12,645.0,645.0,641.0,643.0,593.34716796875,2100.0,644.95,643.52,638.9333333333333,646.29,47.61904761904762,638.9,-0.8666666666666742,-0.900000000000091,-0.0061823802163832,651.0,645.0,642.0,644.0,3100.0
2024-04-13,645.0,645.0,641.0,643.0,593.34716796875,2100.0,645.2,643.72,638.7733333333333,646.06,47.61904761904762,639.2,-0.933333333333394,-0.9800000000000182,0.0,651.0,645.0,643.0,645.0,2100.0
2024-04-14,645.0,645.0,641.0,643.0,593.34716796875,2100.0,645.4,643.92,638.6133333333333,645.91,47.61904761904762,639.5,-0.9466666666666016,-0.9700000000000272,-0.0015527950310558,651.0,645.0,643.0,645.0,2100.0
2024-04-15,643.0,644.0,640.0,642.0,592.4243774414062,3900.0,645.55,644.12,638.4666666666667,645.89,20.0,639.78,-0.906666666666638,-0.8150000000000546,0.07,651.0,645.0,643.0,645.0,2100.0
2024-04-16,640.0,640.0,635.0,640.0,590.5787963867188,3700.0,645.7,644.2,638.28,645.79,17.647058823529406,640.08,-0.8666666666666742,-0.7250000000000227,0.0457516339869281,651.0,644.0,642.0,643.0,3900.0
2024-04-17,640.0,643.0,639.0,641.0,591.5015869140625,1000.0,645.6,644.32,638.1066666666667,645.695,25.0,640.4,-0.8266666666665969,-0.5949999999999136,0.0473856209150327,651.0,640.0,640.0,640.0,3700.0
2024-04-18,641.0,642.0,639.0,642.0,592.4243774414062,1200.0,645.5,644.48,637.9466666666667,645.605,31.25,640.7,-0.8266666666665969,-0.4549999999999272,0.0490196078431373,651.0,643.0,641.0,640.0,1000.0
2024-04-19,639.0,639.0,630.0,631.0,582.2738037109375,5600.0,644.85,644.16,637.64,645.5,18.51851851851852,640.76,-0.9733333333333576,-0.4099999999999681,0.0210355987055015,651.0,642.0,642.0,641.0,1200.0
2024-04-20,639.0,639.0,630.0,631.0,582.2738037109375,5600.0,644.2,643.84,637.3866666666667,645.455,18.51851851851852,640.78,-1.080000000000041,-0.4349999999999454,0.0144694533762057,651.0,639.0,631.0,639.0,5600.0
2024-04-21,639.0,639.0,630.0,631.0,582.2738037109375,5600.0,643.2,643.6,637.12,645.44,18.51851851851852,640.8,-1.1599999999999682,-0.349999999999909,0.0128410914927767,651.0,639.0,631.0,639.0,5600.0
2024-04-22,635.0,636.0,631.0,633.0,584.119384765625,1600.0,642.3,643.2,636.88,645.39,18.51851851851852,640.86,-1.226666666666688,-0.3050000000000636,0.0079617834394905,650.0,639.0,631.0,639.0,5600.0
2024-04-23,634.0,636.0,634.0,635.0,585.9649047851562,1000.0,641.6,642.84,636.7866666666666,645.3,25.925925925925924,641.06,-1.160000000000082,-0.3050000000000636,0.0111464968152865,650.0,636.0,633.0,635.0,1600.0
2024-04-24,635.0,638.0,635.0,638.0,588.7332763671875,800.0,641.1,642.6,636.6666666666666,645.225,37.037037037037045,641.12,-0.9733333333333576,-0.2749999999999772,0.015923566878981,650.0,636.0,635.0,634.0,1000.0
2024-04-25,638.0,639.0,634.0,638.0,588.7332763671875,2800.0,640.6,642.36,636.5466666666666,645.15,41.66666666666667,641.16,-0.8400000000000318,-0.3050000000000636,0.015923566878981,650.0,638.0,638.0,635.0,800.0
2024-04-26,640.0,642.0,637.0,642.0,592.4243774414062,1500.0,640.3,642.0,636.48,645.095,48.14814814814815,641.26,-0.6399999999999864,-0.3450000000000273,0.0271999999999998,650.0,639.0,638.0,638.0,2800.0
2024-04-27,640.0,642.0,637.0,642.0,592.4243774414062,1500.0,640.0,641.64,636.4133333333333,645.025,48.14814814814815,641.26,-0.466666666666697,-0.3650000000000091,0.0271999999999998,650.0,642.0,642.0,640.0,1500.0
2024-04-28,640.0,642.0,637.0,642.0,592.4243774414062,1500.0,639.6,641.36,636.4,644.98,48.14814814814815,641.26,-0.386666666666656,-0.3199999999999363,0.0239234449760765,648.0,642.0,642.0,640.0,1500.0
2024-04-29,640.0,642.0,637.0,642.0,592.4243774414062,1500.0,639.3,641.12,636.3733333333333,644.91,50.0,641.26,-0.2933333333332939,-0.3150000000000545,0.0222929936305733,645.0,642.0,642.0,640.0,1500.0
2024-04-30,643.0,645.0,642.0,645.0,595.1926879882812,1900.0,639.3,641.0,636.9733333333334,644.9,59.25925925925926,641.26,0.4266666666667333,-0.25,0.0238095238095237,645.0,642.0,642.0,640.0,1500.0
2024-05-01,642.0,642.0,638.0,641.0,591.5015869140625,1500.0,639.25,640.72,637.36,644.87,50.0,641.2,0.8799999999999955,-0.2250000000000227,0.0174603174603174,645.0,645.0,645.0,643.0,1900.0
2024-05-02,642.0,643.0,639.0,642.0,592.4243774414062,2100.0,639.2,640.48,637.76,644.845,50.0,641.26,1.3466666666666924,-0.1799999999999499,0.0190476190476189,645.0,642.0,641.0,642.0,1500.0
2024-05-03,642.0,643.0,639.0,642.0,592.4243774414062,2100.0,639.15,640.16,638.16,644.825,78.94736842105263,641.3,1.759999999999991,-0.1549999999999727,0.0271999999999998,645.0,643.0,642.0,642.0,2100.0
2024-05-04,642.0,643.0,639.0,642.0,592.4243774414062,2100.0,639.1,639.92,638.48,644.775,78.94736842105263,641.38,2.106666666666684,-0.1349999999999909,0.0110236220472441,645.0,643.0,642.0,642.0,2100.0
2024-05-05,642.0,643.0,639.0,642.0,592.4243774414062,2100.0,639.1,639.8,638.7466666666667,644.74,78.94736842105263,641.46,1.773333333333312,-0.1599999999999681,0.009433962264151,645.0,643.0,642.0,642.0,2100.0
2024-05-06,642.0,643.0,639.0,642.0,592.4243774414062,2100.0,639.2,639.8,639.0,644.715,76.47058823529412,641.54,1.6399999999999864,-0.1549999999999727,0.0078492935635792,645.0,643.0,642.0,642.0,2100.0
2024-05-07,644.0,647.0,644.0,646.0,596.115478515625,2200.0,639.45,639.92,639.24,644.71,78.94736842105263,641.72,1.4800000000000182,-0.1349999999999909,0.0062305295950155,646.0,643.0,642.0,642.0,2100.0
2024-05-08,643.0,646.0,643.0,646.0,596.115478515625,2000.0,639.65,640.04,639.48,644.705,75.0,641.88,1.32000000000005,-0.1200000000000045,0.0062305295950155,646.0,647.0,646.0,644.0,2200.0
2024-05-09,646.0,648.0,644.0,648.0,597.9610595703125,1400.0,640.5,640.24,639.7466666666667,644.71,77.77777777777777,642.08,1.2666666666666515,-0.0649999999999408,0.0093457943925232,648.0,646.0,646.0,643.0,2000.0
2024-05-10,648.0,648.0,643.0,647.0,597.0382690429688,400.0,641.3,640.44,640.0,644.72,66.66666666666666,642.28,1.2533333333333303,-0.0199999999999818,0.0031007751937983,648.0,648.0,648.0,646.0,1400.0
2024-05-11,648.0,648.0,643.0,647.0,597.0382690429688,400.0,642.1,640.72,640.2933333333333,644.74,66.66666666666666,642.46,1.293333333333294,0.0249999999999772,0.0046583850931676,648.0,648.0,647.0,648.0,400.0
2024-05-12,648.0,648.0,643.0,647.0,597.0382690429688,400.0,642.8,640.96,640.5866666666667,644.78,66.66666666666666,642.64,1.3466666666666924,0.0699999999999363,0.0125195618153364,648.0,648.0,647.0,648.0,400.0
2024-05-13,647.0,649.0,644.0,645.0,595.1926879882812,3800.0,643.3,641.08,640.8266666666667,644.815,58.82352941176471,642.78,1.3466666666666924,0.1100000000000136,0.0078125,648.0,648.0,647.0,648.0,400.0
2024-05-14,647.0,647.0,640.0,640.0,590.5787963867188,1800.0,643.4,641.44,640.9866666666667,644.8,36.8421052631579,642.8,1.240000000000009,0.0899999999999181,0.0031347962382444,648.0,649.0,645.0,647.0,3800.0
2024-05-15,640.0,641.0,633.0,635.0,585.9649047851562,3100.0,643.25,641.6,641.0533333333333,644.76,35.0,642.72,1.0533333333332848,0.0399999999999636,-0.0047021943573667,648.0,647.0,640.0,647.0,1800.0
2024-05-16,634.0,641.0,626.0,641.0,591.5015869140625,4700.0,643.2,642.0,641.2,644.75,47.99999999999999,642.8,0.9066666666667516,0.0099999999999909,0.0047021943573668,648.0,641.0,635.0,640.0,3100.0
2024-05-17,641.0,641.0,634.0,637.0,587.8104858398438,800.0,642.95,642.16,641.2933333333333,644.745,41.3793103448276,642.68,0.7066666666665924,-0.0349999999999681,0.0,648.0,641.0,641.0,634.0,4700.0
2024-05-18,641.0,641.0,634.0,637.0,587.8104858398438,800.0,642.7,642.24,641.4533333333334,644.71,41.3793103448276,642.54,0.6266666666666652,-0.1050000000000181,-0.0015673981191222,648.0,641.0,637.0,641.0,800.0
2024-05-19,641.0,641.0,634.0,637.0,587.8104858398438,800.0,642.45,642.2,641.48,644.695,41.3793103448276,642.4,0.4933333333333394,-0.1049999999999045,-0.0015673981191222,648.0,641.0,637.0,641.0,800.0
2024-05-20,637.0,639.0,635.0,638.0,588.7332763671875,1500.0,642.1,642.2,641.5066666666667,644.67,43.33333333333333,642.28,0.4533333333333758,-0.0900000000000318,0.0015698587127157,648.0,641.0,637.0,641.0,800.0
2024-05-21,638.0,638.0,634.0,634.0,585.0421752929688,3800.0,641.75,641.88,641.4666666666667,644.625,30.0,641.94,0.2666666666666515,-0.125,-0.006269592476489,648.0,639.0,638.0,637.0,1500.0
2024-05-22,634.0,638.0,630.0,632.0,583.1965942382812,1400.0,641.25,641.48,641.3333333333334,644.57,28.125,641.56,0.0400000000000773,-0.1749999999999545,-0.0094043887147335,648.0,638.0,634.0,638.0,3800.0
2024-05-23,636.0,638.0,632.0,636.0,586.8876953125,1400.0,640.95,641.24,641.2533333333333,644.535,32.35294117647058,641.3,-0.2000000000000454,-0.1750000000000682,-0.0031347962382445,648.0,638.0,632.0,634.0,1400.0
2024-05-24,637.0,638.0,630.0,636.0,586.8876953125,5400.0,640.65,641.0,641.1733333333333,644.46,33.33333333333333,641.06,-0.3066666666667288,-0.2350000000000136,-0.0046948356807511,648.0,638.0,636.0,636.0,1400.0
2024-05-25,637.0,638.0,630.0,636.0,586.8876953125,5400.0,640.35,640.64,641.0533333333333,644.395,33.33333333333333,640.82,-0.4533333333333758,-0.2749999999999772,-0.0046948356807511,648.0,638.0,636.0,637.0,5400.0
2024-05-26,637.0,638.0,630.0,636.0,586.8876953125,5400.0,640.05,640.44,640.9466666666667,644.31,33.33333333333333,640.58,-0.5199999999999818,-0.3150000000000545,-0.0015698587127158,648.0,638.0,636.0,637.0,5400.0
2024-05-27,639.0,639.0,634.0,637.0,587.8104858398438,2000.0,639.6,640.24,640.92,644.23,37.5,640.36,-0.4133333333334121,-0.3400000000000318,-0.0093312597200622,648.0,638.0,636.0,637.0,5400.0
2024-05-28,637.0,637.0,632.0,634.0,585.0421752929688,1800.0,639.0,639.92,640.84,644.145,39.99999999999999,640.04,-0.4133333333332984,-0.3899999999999863,-0.0155279503105589,648.0,639.0,637.0,639.0,2000.0
2024-05-29,632.0,638.0,632.0,638.0,588.7332763671875,3600.0,638.5,639.76,640.84,644.08,55.17241379310345,639.84,-0.3333333333332575,-0.3799999999999954,-0.0093167701863353,647.0,637.0,634.0,637.0,1800.0
2024-05-30,635.0,636.0,632.0,634.0,585.0421752929688,900.0,637.85,639.44,640.7866666666666,643.995,37.037037037037045,639.62,-0.2666666666666515,-0.3999999999999772,-0.0155279503105589,647.0,638.0,638.0,632.0,3600.0
2024-05-31,637.0,638.0,633.0,638.0,588.7332763671875,800.0,637.4,639.28,640.7866666666666,643.915,51.85185185185185,639.54,-0.1600000000000818,-0.3949999999999818,-0.0199692780337941,647.0,636.0,634.0,635.0,900.0
2024-06-01,637.0,638.0,633.0,638.0,588.7332763671875,800.0,636.95,638.96,640.8,643.84,51.85185185185185,639.44,-0.1200000000000045,-0.3899999999999863,-0.0199692780337941,645.0,638.0,638.0,637.0,800.0
2024-06-02,637.0,638.0,633.0,638.0,588.7332763671875,800.0,636.6,638.64,640.8,643.82,51.85185185185185,639.34,-0.0400000000000773,-0.3249999999999318,-0.0169491525423728,641.0,638.0,638.0,637.0,800.0
2024-06-03,639.0,641.0,638.0,640.0,590.5787963867188,1900.0,636.6,638.32,640.8266666666667,643.87,53.57142857142857,639.28,-0.0133333333333212,-0.2100000000000363,-0.0123456790123457,641.0,638.0,638.0,637.0,800.0
2024-06-04,641.0,642.0,639.0,641.0,591.5015869140625,1500.0,636.9,638.08,640.88,643.925,64.0,639.26,0.0933333333333621,-0.07000000000005,-0.0108024691358025,641.0,641.0,640.0,639.0,1900.0
2024-06-05,641.0,642.0,641.0,642.0,592.4243774414062,2400.0,636.95,637.88,640.9333333333333,643.985,70.83333333333333,639.3,0.1466666666666469,0.07000000000005,-0.0092592592592593,642.0,642.0,641.0,641.0,1500.0
2024-06-06,642.0,642.0,639.0,639.0,589.6560668945312,1100.0,637.05,637.56,640.9466666666667,644.03,56.52173913043478,639.26,0.1466666666667606,0.1899999999999408,-0.0138888888888888,642.0,642.0,642.0,641.0,2400.0
2024-06-07,638.0,640.0,638.0,639.0,589.6560668945312,900.0,637.15,637.32,640.96,644.06,56.52173913043478,639.2,0.1600000000000818,0.2399999999998954,-0.0169230769230769,642.0,642.0,639.0,642.0,1100.0
2024-06-08,638.0,640.0,638.0,639.0,589.6560668945312,900.0,637.25,637.28,640.96,644.02,56.52173913043478,639.36,0.1333333333333257,0.1499999999999772,-0.0138888888888888,642.0,640.0,639.0,638.0,900.0
2024-06-09,638.0,640.0,638.0,639.0,589.6560668945312,900.0,637.3,637.44,640.96,643.945,56.52173913043478,639.52,0.0800000000000409,0.0200000000000954,-0.0093023255813953,642.0,640.0,639.0,638.0,900.0
2024-06-10,640.0,641.0,637.0,639.0,589.6560668945312,1300.0,637.55,637.36,640.9866666666667,643.87,54.54545454545455,639.68,0.0533333333333985,-0.1150000000000091,-0.0046728971962616,642.0,640.0,639.0,638.0,900.0
2024-06-11,639.0,639.0,637.0,638.0,588.7332763671875,1100.0,637.85,637.4,640.92,643.805,60.0,639.78,-0.0266666666667561,-0.2250000000000227,-0.0077760497667185,642.0,641.0,639.0,640.0,1300.0
2024-06-12,638.0,641.0,636.0,640.0,590.5787963867188,3500.0,638.05,637.52,640.8666666666667,643.75,55.55555555555556,639.88,-0.0933333333333621,-0.3099999999999454,-0.004665629860031,642.0,639.0,638.0,639.0,1100.0
2024-06-13,642.0,642.0,640.0,642.0,592.4243774414062,500.0,638.35,637.72,640.84,643.705,75.0,639.96,-0.1200000000000045,-0.3149999999999409,-0.0015552099533436,642.0,641.0,640.0,638.0,3500.0
2024-06-14,638.0,641.0,630.0,640.0,590.5787963867188,3800.0,638.55,637.8,640.7866666666666,643.68,57.14285714285714,640.0,-0.173333333333403,-0.2650000000001,-0.0031152647975077,642.0,642.0,642.0,642.0,500.0
2024-06-15,638.0,641.0,630.0,640.0,590.5787963867188,3800.0,638.75,638.04,640.64,643.76,57.14285714285714,639.96,-0.3466666666666924,-0.1100000000000136,0.0,642.0,641.0,640.0,638.0,3800.0
2024-06-16,638.0,641.0,630.0,640.0,590.5787963867188,3800.0,638.9,638.36,640.4933333333333,643.805,57.14285714285714,639.92,-0.4266666666666197,0.0,-0.001560062402496,642.0,641.0,640.0,638.0,3800.0
2024-06-17,640.0,642.0,637.0,642.0,592.4243774414062,2800.0,639.3,638.6,640.4,643.86,57.14285714285714,639.92,-0.466666666666697,0.1100000000000136,0.0,642.0,641.0,640.0,638.0,3800.0
2024-06-18,642.0,643.0,639.0,640.0,590.5787963867188,900.0,639.4,638.76,640.2933333333333,643.88,46.66666666666666,639.88,-0.5466666666667379,0.1749999999999545,0.0142630744849445,642.0,642.0,642.0,640.0,2800.0
2024-06-19,637.0,640.0,636.0,640.0,590.5787963867188,1800.0,639.7,638.92,640.1866666666666,643.9,42.85714285714285,639.78,-0.6000000000000227,0.2200000000000272,0.0142630744849445,642.0,643.0,640.0,642.0,900.0
2024-06-20,640.0,640.0,639.0,639.0,589.6560668945312,1300.0,639.75,639.04,640.0666666666667,643.915,50.0,639.74,-0.5733333333332666,0.1549999999999727,0.0126782884310618,642.0,640.0,640.0,637.0,1800.0
2024-06-21,639.0,640.0,637.0,638.0,588.7332763671875,1300.0,639.75,639.08,639.9333333333333,643.895,46.15384615384615,639.66,-0.5600000000000591,0.0900000000000318,0.0078988941548183,642.0,640.0,639.0,640.0,1300.0
2024-06-22,639.0,640.0,637.0,638.0,588.7332763671875,1300.0,639.75,639.24,639.7733333333333,643.885,46.15384615384615,639.58,-0.6266666666666652,0.0249999999999772,0.0047244094488188,642.0,640.0,638.0,639.0,1300.0
2024-06-23,639.0,640.0,637.0,638.0,588.7332763671875,1300.0,639.65,639.24,639.64,643.87,46.15384615384615,639.5,-0.6533333333333076,-0.0099999999999909,0.0,642.0,640.0,638.0,639.0,1300.0
2024-06-24,637.0,640.0,635.0,638.0,588.7332763671875,5400.0,639.5,639.4,639.5466666666666,643.855,46.15384615384615,639.42,-0.6399999999999864,-0.044999999999959,0.0,642.0,640.0,638.0,639.0,1300.0
2024-06-25,638.0,641.0,637.0,638.0,588.7332763671875,2700.0,639.3,639.4,639.4933333333333,643.79,50.0,639.34,-0.5733333333333803,-0.125,-0.0062305295950155,642.0,640.0,638.0,637.0,5400.0
2024-06-26,635.0,638.0,635.0,636.0,586.8876953125,4800.0,639.15,639.32,639.4,643.715,33.33333333333333,639.14,-0.533333333333303,-0.1799999999999499,-0.0093457943925233,642.0,641.0,638.0,638.0,2700.0
2024-06-27,638.0,638.0,634.0,635.0,585.9649047851562,3400.0,638.95,639.2,639.2933333333333,643.635,18.181818181818173,638.92,-0.4800000000000182,-0.25,-0.0109034267912772,642.0,638.0,636.0,635.0,4800.0
2024-06-28,636.0,637.0,636.0,636.0,586.8876953125,2200.0,638.8,639.04,639.2,643.58,30.0,638.68,-0.4399999999999409,-0.2899999999999636,-0.0093457943925233,642.0,638.0,635.0,638.0,3400.0
2024-06-29,636.0,637.0,636.0,636.0,586.8876953125,2200.0,638.65,638.84,639.12,643.535,30.0,638.46,-0.4266666666666197,-0.32000000000005,-0.0139534883720929,642.0,637.0,636.0,636.0,2200.0
2024-06-30,636.0,637.0,636.0,636.0,586.8876953125,2200.0,638.5,638.6,639.0666666666667,643.45,30.0,638.24,-0.4266666666666197,-0.3399999999999181,-0.0078003120124805,642.0,637.0,636.0,636.0,2200.0
2024-07-01,638.0,640.0,636.0,640.0,590.5787963867188,6300.0,638.6,638.64,639.0533333333333,643.33,41.66666666666667,638.1,-0.3466666666666924,-0.3849999999999909,-0.0031152647975077,642.0,637.0,636.0,636.0,2200.0
2024-07-02,637.0,640.0,635.0,635.0,585.9649047851562,3100.0,638.35,638.48,638.96,643.195,33.33333333333333,637.9,-0.3333333333332575,-0.4399999999999409,-0.0109034267912772,642.0,640.0,640.0,638.0,6300.0
2024-07-03,638.0,638.0,632.0,635.0,585.9649047851562,4800.0,638.0,638.32,639.0133333333333,643.06,33.33333333333333,637.8,-0.1866666666667242,-0.5200000000000955,-0.0109034267912772,642.0,640.0,635.0,637.0,3100.0
2024-07-04,635.0,637.0,634.0,637.0,587.8104858398438,4000.0,637.85,638.24,639.0933333333334,642.935,43.75,637.84,-0.0266666666666424,-0.6000000000000227,-0.0077881619937694,642.0,638.0,635.0,638.0,4800.0
2024-07-05,637.0,637.0,634.0,634.0,585.0421752929688,1800.0,637.55,638.04,639.1333333333333,642.8,38.888888888888886,637.7,0.066666666666606,-0.650000000000091,-0.0124610591900311,642.0,637.0,637.0,635.0,4000.0
2024-07-06,637.0,637.0,634.0,634.0,585.0421752929688,1800.0,637.25,637.88,639.1466666666666,642.675,38.888888888888886,637.64,0.0933333333333621,-0.6550000000000864,-0.0185758513931888,642.0,637.0,634.0,637.0,1800.0
2024-07-07,637.0,637.0,634.0,634.0,585.0421752929688,1800.0,636.85,637.64,639.1333333333333,642.56,38.888888888888886,637.58,0.1733333333332893,-0.6350000000001046,-0.0185758513931888,640.0,637.0,634.0,637.0,1800.0
2024-07-08,636.0,636.0,635.0,636.0,586.8876953125,1200.0,636.65,637.4,639.1066666666667,642.48,45.00000000000001,637.56,0.0933333333333621,-0.5799999999999272,-0.0185185185185184,640.0,637.0,634.0,637.0,1800.0
2024-07-09,637.0,637.0,634.0,635.0,585.9649047851562,2900.0,636.4,637.2,639.0666666666667,642.37,42.85714285714285,637.5,-0.0266666666666424,-0.5649999999999409,-0.0185471406491499,640.0,636.0,636.0,636.0,1200.0
2024-07-10,635.0,638.0,635.0,635.0,585.9649047851562,1500.0,636.2,637.0,638.9733333333334,642.26,47.368421052631575,637.52,-0.1599999999999681,-0.5399999999999636,-0.0185471406491499,640.0,637.0,635.0,637.0,2900.0
2024-07-11,635.0,637.0,633.0,635.0,585.9649047851562,3300.0,636.05,636.8,638.88,642.15,50.0,637.58,-0.2666666666666515,-0.5249999999999773,-0.0185471406491499,640.0,638.0,635.0,635.0,1500.0
2024-07-12,637.0,638.0,629.0,632.0,583.1965942382812,13500.0,635.75,636.4,638.7466666666667,642.005,39.99999999999999,637.5,-0.386666666666656,-0.55499999999995,-0.0201550387596899,640.0,637.0,635.0,635.0,3300.0
2024-07-13,637.0,638.0,629.0,632.0,583.1965942382812,13500.0,635.45,636.08,638.6133333333333,641.875,39.99999999999999,637.42,-0.4933333333333394,-0.6050000000000182,-0.0124999999999999,640.0,638.0,632.0,637.0,13500.0
2024-07-14,637.0,638.0,629.0,632.0,583.1965942382812,13500.0,635.15,635.76,638.44,641.71,39.99999999999999,637.34,-0.6266666666666652,-0.6599999999999682,-0.0047244094488189,640.0,638.0,632.0,637.0,13500.0
2024-07-15,637.0,638.0,629.0,632.0,583.1965942382812,13500.0,634.85,635.48,638.32,641.555,25.0,637.26,-0.6533333333333076,-0.7050000000000409,-0.0140405616224649,640.0,638.0,632.0,637.0,13500.0
2024-07-16,631.0,633.0,631.0,631.0,582.2738037109375,3000.0,634.6,635.2,638.1733333333333,641.39,33.33333333333333,637.14,-0.7066666666667061,-0.7599999999999909,-0.009419152276295,640.0,638.0,632.0,637.0,13500.0
2024-07-17,633.0,638.0,633.0,636.0,586.8876953125,4600.0,634.65,635.12,638.0933333333334,641.25,52.94117647058823,637.18,-0.6533333333333076,-0.7549999999999955,-0.0015698587127158,640.0,633.0,631.0,631.0,3000.0
2024-07-18,637.0,640.0,636.0,639.0,589.6560668945312,6100.0,634.8,635.16,638.0533333333333,641.125,55.55555555555556,637.2,-0.5600000000000591,-0.75,0.0031397174254317,640.0,638.0,636.0,633.0,4600.0
2024-07-19,640.0,641.0,638.0,639.0,589.6560668945312,2100.0,634.95,635.2,638.0133333333333,641.0,66.66666666666666,637.3,-0.4266666666667333,-0.7100000000000364,0.0015673981191222,640.0,640.0,639.0,637.0,6100.0
2024-07-20,640.0,641.0,638.0,639.0,589.6560668945312,2100.0,635.1,635.24,637.9733333333334,640.875,66.66666666666666,637.32,-0.3466666666666924,-0.67999999999995,0.0078864353312302,640.0,641.0,639.0,640.0,2100.0
2024-07-21,640.0,641.0,638.0,639.0,589.6560668945312,2100.0,635.05,635.36,637.88,640.75,66.66666666666666,637.34,-0.2933333333332939,-0.6399999999999864,0.0110759493670886,639.0,641.0,639.0,640.0,2100.0
2024-07-22,639.0,640.0,638.0,640.0,590.5787963867188,1100.0,635.3,635.56,637.8,640.675,64.28571428571428,637.38,-0.2933333333334076,-0.5750000000000455,0.0062893081761006,640.0,641.0,639.0,640.0,2100.0
2024-07-23,640.0,640.0,635.0,637.0,587.8104858398438,8300.0,635.4,635.6,637.6533333333333,640.61,56.25,637.32,-0.3999999999999772,-0.5149999999999864,0.0015723270440251,640.0,640.0,640.0,639.0,1100.0
2024-07-24,638.0,640.0,634.0,637.0,587.8104858398438,3700.0,635.4,635.64,637.52,640.545,56.25,637.24,-0.4933333333333394,-0.4550000000000409,0.0015723270440251,640.0,640.0,637.0,640.0,8300.0
2024-07-25,640.0,641.0,635.0,636.0,586.8876953125,8600.0,635.5,635.64,637.3733333333333,640.475,52.94117647058823,637.12,-0.6000000000000227,-0.3999999999999772,0.0,640.0,640.0,637.0,638.0,3700.0
2024-07-26,636.0,638.0,635.0,636.0,586.8876953125,2300.0,635.6,635.48,637.2266666666667,640.405,64.28571428571428,637.06,-0.6533333333333076,-0.3450000000000273,-0.0015698587127158,640.0,641.0,636.0,640.0,8600.0
2024-07-27,636.0,638.0,635.0,636.0,586.8876953125,2300.0,635.7,635.52,637.1066666666667,640.335,64.28571428571428,637.0,-0.6933333333332712,-0.3399999999999181,0.003154574132492,640.0,638.0,636.0,636.0,2300.0
2024-07-28,636.0,638.0,635.0,636.0,586.8876953125,2300.0,635.7,635.56,637.0533333333333,640.24,64.28571428571428,636.94,-0.6000000000000227,-0.3700000000000045,-0.0031347962382445,640.0,638.0,636.0,636.0,2300.0
2024-07-29,636.0,639.0,631.0,633.0,584.119384765625,6000.0,635.6,635.4,637.0266666666666,640.115,52.94117647058823,636.82,-0.4933333333333394,-0.42999999999995,-0.001577287066246,640.0,638.0,636.0,636.0,2300.0
2024-07-30,639.0,639.0,635.0,636.0,586.8876953125,1700.0,635.65,635.48,636.96,640.01,63.15789473684211,636.76,-0.4133333333332984,-0.4650000000000318,-0.0031347962382445,640.0,639.0,633.0,636.0,6000.0
2024-07-31,636.0,639.0,635.0,639.0,589.6560668945312,3400.0,635.85,635.68,636.9866666666667,639.92,58.82352941176471,636.78,-0.2400000000000091,-0.4850000000000136,0.0015673981191222,640.0,639.0,636.0,639.0,1700.0
2024-08-01,639.0,642.0,635.0,639.0,589.6560668945312,10100.0,636.2,635.88,637.0133333333333,639.83,50.0,636.76,-0.0933333333333621,-0.5049999999999955,0.0015673981191222,640.0,639.0,639.0,636.0,3400.0
2024-08-02,633.0,637.0,632.0,633.0,584.119384765625,7700.0,636.25,635.76,636.96,639.705,35.0,636.58,-0.0933333333332484,-0.5349999999999682,-0.0109375,640.0,642.0,639.0,639.0,10100.0
2024-08-03,633.0,637.0,632.0,633.0,584.119384765625,7700.0,636.3,635.68,636.8933333333333,639.57,35.0,636.44,-0.1333333333333257,-0.5449999999999591,-0.0124804992199687,640.0,637.0,633.0,633.0,7700.0
2024-08-04,633.0,637.0,632.0,633.0,584.119384765625,7700.0,636.35,635.6,636.88,639.44,35.0,636.3,-0.0800000000000409,-0.5699999999999363,-0.0140186915887849,640.0,637.0,633.0,633.0,7700.0
2024-08-05,636.0,636.0,583.0,585.0,539.825927734375,29200.0,634.05,633.6,636.2533333333333,639.1,8.955223880597018,635.2,-0.7333333333333485,-0.8199999999999363,-0.0845070422535211,640.0,637.0,633.0,633.0,7700.0
2024-08-06,584.0,609.0,583.0,596.0,549.9765625,30100.0,632.05,632.16,635.72,638.81,22.66666666666667,634.28,-1.293333333333294,-1.0200000000000955,-0.0672926447574334,640.0,636.0,585.0,636.0,29200.0
2024-08-07,596.0,602.0,596.0,601.0,554.5904541015625,8600.0,630.15,630.92,635.2533333333333,638.545,27.5,633.5,-1.706666666666706,-1.160000000000082,-0.0594679186228481,640.0,609.0,596.0,584.0,30100.0
2024-08-08,600.0,604.0,598.0,604.0,557.3587646484375,8300.0,628.4,629.8,634.8266666666667,638.295,30.487804878048777,632.78,-2.066666666666606,-1.275000000000091,-0.054773082942097,640.0,602.0,601.0,596.0,8600.0
2024-08-09,604.0,610.0,596.0,596.0,549.9765625,9400.0,626.25,628.36,634.2933333333333,637.995,27.77777777777777,631.92,-2.586666666666701,-1.44500000000005,-0.0672926447574334,640.0,604.0,604.0,600.0,8300.0
2024-08-10,604.0,610.0,596.0,596.0,549.9765625,9400.0,624.1,626.96,633.7466666666667,637.67,27.77777777777777,631.08,-2.5066666666666606,-1.4300000000000637,-0.0658307210031348,640.0,610.0,596.0,604.0,9400.0
2024-08-11,604.0,610.0,596.0,596.0,549.9765625,9400.0,621.9,625.36,633.24,637.365,27.77777777777777,630.24,-2.480000000000018,-1.4449999999999363,-0.0687499999999999,639.0,610.0,596.0,604.0,9400.0
2024-08-12,604.0,610.0,596.0,596.0,549.9765625,9400.0,619.85,623.64,632.68,637.05,28.73563218390805,629.4,-2.5733333333333803,-1.4950000000000043,-0.0716510903426791,639.0,610.0,596.0,604.0,9400.0
2024-08-13,614.0,614.0,600.0,600.0,553.6676635742188,7300.0,618.0,622.08,632.2266666666667,636.755,29.545454545454547,628.64,-2.6000000000000227,-1.5399999999999636,-0.0625,639.0,610.0,596.0,604.0,9400.0
2024-08-14,600.0,606.0,597.0,602.0,555.5132446289062,12100.0,616.3,620.6,631.7466666666667,636.47,28.73563218390805,627.92,-2.546666666666624,-1.5249999999999773,-0.0593749999999999,639.0,614.0,600.0,614.0,7300.0
2024-08-15,598.0,603.0,593.0,601.0,554.5904541015625,17000.0,614.55,619.08,631.2533333333333,636.18,28.409090909090907,627.22,-2.4933333333333394,-1.490000000000009,-0.0609374999999999,639.0,606.0,602.0,600.0,12100.0
2024-08-16,600.0,602.0,595.0,602.0,555.5132446289062,8900.0,612.85,617.56,630.7733333333333,635.915,31.325301204819283,626.56,-2.466666666666697,-1.4500000000000457,-0.0623052959501557,639.0,603.0,601.0,598.0,17000.0
2024-08-17,600.0,602.0,595.0,602.0,555.5132446289062,8900.0,611.15,616.16,630.2666666666667,635.65,31.325301204819283,625.88,-2.4133333333332985,-1.3999999999999773,-0.0593749999999999,639.0,602.0,602.0,600.0,8900.0
2024-08-18,600.0,602.0,595.0,602.0,555.5132446289062,8900.0,609.6,614.76,629.7466666666667,635.395,31.325301204819283,625.2,-2.480000000000018,-1.3600000000000136,-0.0593749999999999,639.0,602.0,602.0,600.0,8900.0
2024-08-19,601.0,602.0,597.0,600.0,553.6676635742188,9200.0,607.8,613.32,629.1866666666666,635.125,70.27027027027027,624.48,-2.560000000000059,-1.3450000000000273,-0.0610328638497652,639.0,602.0,602.0,600.0,8900.0
2024-08-20,602.0,603.0,598.0,601.0,554.5904541015625,7500.0,605.9,611.92,628.68,634.86,59.25925925925926,623.7,-2.5733333333333803,-1.3199999999999363,-0.0579937304075235,639.0,602.0,600.0,601.0,9200.0
2024-08-21,606.0,606.0,595.0,597.0,550.8993530273438,19900.0,603.8,610.36,628.12,634.575,42.30769230769231,622.94,-2.653333333333308,-1.339999999999918,-0.0642633228840124,633.0,603.0,601.0,602.0,7500.0
2024-08-22,599.0,599.0,593.0,597.0,550.8993530273438,18900.0,602.0,608.8,627.56,634.29,34.78260869565217,622.18,-2.706666666666706,-1.3600000000000136,-0.0642633228840124,633.0,606.0,597.0,606.0,19900.0
2024-08-23,600.0,601.0,597.0,598.0,551.8221435546875,16300.0,600.25,607.4,627.0133333333333,634.03,56.25,621.4,-2.7333333333333485,-1.365000000000009,-0.0626959247648902,633.0,599.0,597.0,599.0,18900.0
2024-08-24,600.0,601.0,597.0,598.0,551.8221435546875,16300.0,598.5,605.88,626.4666666666667,633.765,56.25,620.68,-2.7199999999999136,-1.3600000000000136,-0.0626959247648902,604.0,601.0,598.0,600.0,16300.0
2024-08-25,600.0,601.0,597.0,598.0,551.8221435546875,16300.0,599.15,604.24,625.9333333333333,633.5,56.25,619.96,-2.7466666666666697,-1.3600000000000136,-0.0597484276729559,604.0,601.0,598.0,600.0,16300.0
2024-08-26,599.0,607.0,598.0,599.0,552.744873046875,29500.0,599.3,602.64,625.3866666666667,633.285,58.82352941176471,619.26,-2.7333333333333485,-1.2900000000000773,-0.0566929133858268,604.0,601.0,598.0,600.0,16300.0
2024-08-27,600.0,605.0,600.0,603.0,556.43603515625,7100.0,599.4,601.44,624.8666666666667,633.065,58.82352941176471,618.6,-2.693333333333271,-1.224999999999909,-0.0518867924528302,604.0,607.0,599.0,599.0,29500.0
2024-08-28,603.0,607.0,602.0,607.0,560.1271362304688,10200.0,599.55,600.4,624.4266666666666,632.865,63.15789473684211,618.04,-2.586666666666701,-1.1649999999999636,-0.0455974842767296,607.0,605.0,603.0,600.0,7100.0
2024-08-29,609.0,613.0,606.0,610.0,562.8954467773438,9000.0,600.25,599.48,624.0266666666666,632.68,71.42857142857143,617.54,-2.4400000000000546,-1.0850000000000364,-0.040880503144654,610.0,607.0,607.0,603.0,10200.0
2024-08-30,613.0,618.0,606.0,615.0,567.5093383789062,12100.0,601.2,600.68,623.6933333333334,632.52,76.0,617.14,-2.2399999999998954,-0.9800000000000182,-0.0390625,615.0,613.0,610.0,609.0,9000.0
2024-08-31,613.0,618.0,606.0,615.0,567.5093383789062,12100.0,602.15,601.44,623.3333333333334,632.38,76.0,616.8,-2.053333333333285,-0.9049999999999728,-0.031496062992126,615.0,618.0,615.0,613.0,12100.0
2024-09-01,613.0,618.0,606.0,615.0,567.5093383789062,12100.0,603.1,602.0,623.0,632.235,76.0,616.46,-1.8666666666666745,-0.8300000000000409,-0.031496062992126,615.0,618.0,615.0,613.0,12100.0
2024-09-02,620.0,624.0,615.0,616.0,568.43212890625,15600.0,603.9,602.48,622.68,632.315,83.33333333333333,616.14,-1.7466666666666697,-0.5499999999999545,-0.0329670329670329,616.0,618.0,615.0,613.0,12100.0
2024-09-03,622.0,622.0,616.0,621.0,573.0460205078125,4700.0,604.85,603.48,622.44,632.36,85.71428571428571,615.92,-1.5866666666665878,-0.3199999999999363,-0.0205047318611987,621.0,624.0,616.0,620.0,15600.0
2024-09-04,621.0,624.0,616.0,618.0,570.2776489257812,8200.0,605.7,604.36,622.1733333333333,632.39,88.88888888888889,615.66,-1.5200000000000955,-0.1299999999999954,-0.0252365930599368,621.0,622.0,621.0,622.0,4700.0
2024-09-05,618.0,621.0,615.0,615.0,567.5093383789062,7000.0,606.35,605.12,621.8666666666667,632.405,80.0,615.24,-1.466666666666697,0.0249999999999772,-0.0299684542586751,621.0,624.0,618.0,621.0,8200.0
2024-09-06,616.0,621.0,615.0,620.0,572.1232299804688,9400.0,607.25,606.08,621.6266666666667,632.415,82.3529411764706,614.86,-1.3733333333333348,0.1799999999999499,-0.0251572327044025,621.0,621.0,615.0,618.0,7000.0
2024-09-07,616.0,621.0,615.0,620.0,572.1232299804688,9400.0,608.15,606.88,621.3866666666667,632.405,82.3529411764706,614.48,-1.293333333333294,0.0899999999999181,-0.0236220472440944,621.0,621.0,620.0,616.0,9400.0
2024-09-08,616.0,621.0,615.0,620.0,572.1232299804688,9400.0,609.15,607.6,621.1466666666666,632.39,82.3529411764706,614.1,-1.2933333333334076,0.0299999999999727,-0.0236220472440944,621.0,621.0,620.0,616.0,9400.0
2024-09-09,620.0,626.0,618.0,626.0,577.659912109375,4800.0,610.4,608.6,621.0133333333333,632.38,84.61538461538461,613.84,-1.1599999999999682,-0.0099999999999909,-0.0141732283464567,626.0,621.0,620.0,616.0,9400.0
2024-09-10,626.0,629.0,621.0,622.0,573.9688110351562,6300.0,611.65,609.4,620.84,632.35,74.35897435897436,613.48,-1.0266666666666424,-0.0549999999999499,-0.0158227848101265,626.0,626.0,626.0,620.0,4800.0
2024-09-11,627.0,627.0,618.0,623.0,574.8916015625,7300.0,612.95,610.24,620.6666666666666,632.325,72.22222222222223,613.2,-0.9600000000000364,-0.0899999999999181,-0.0142405063291138,626.0,629.0,622.0,626.0,6300.0
2024-09-12,624.0,635.0,621.0,626.0,577.659912109375,14200.0,614.35,611.2,620.5333333333333,632.315,72.22222222222223,612.98,-0.853333333333353,-0.0899999999999181,-0.009493670886076,626.0,627.0,623.0,627.0,7300.0
2024-09-13,630.0,630.0,623.0,623.0,574.8916015625,2500.0,615.6,612.12,620.36,632.305,61.76470588235294,612.72,-0.7866666666666333,-0.0850000000000363,-0.0142405063291138,626.0,635.0,626.0,624.0,14200.0
2024-09-14,630.0,630.0,623.0,623.0,574.8916015625,2500.0,616.85,613.0,620.1333333333333,632.295,61.76470588235294,612.46,-0.8799999999999955,-0.0850000000000363,-0.0126782884310617,626.0,630.0,623.0,630.0,2500.0
2024-09-15,630.0,630.0,623.0,623.0,574.8916015625,2500.0,618.05,614.04,619.9733333333334,632.275,61.76470588235294,612.2,-0.8666666666666742,-0.0750000000000454,-0.020440251572327,626.0,630.0,623.0,630.0,2500.0
2024-09-16,630.0,630.0,623.0,623.0,574.8916015625,2500.0,619.05,615.08,619.8133333333334,632.25,60.6060606060606,611.94,-0.8533333333332394,-0.0750000000000454,-0.0250391236306729,626.0,630.0,623.0,630.0,2500.0
2024-09-17,623.0,636.0,623.0,636.0,586.8876953125,5100.0,620.5,616.6,619.8,632.28,68.29268292682927,612.0,-0.7333333333333485,-0.0350000000000818,-0.0046948356807511,636.0,630.0,623.0,630.0,2500.0
2024-09-18,636.0,637.0,630.0,631.0,582.2738037109375,5600.0,621.55,617.92,619.76,632.285,65.11627906976744,611.9,-0.6000000000000227,-0.0199999999999818,-0.0125195618153364,636.0,636.0,636.0,623.0,5100.0
2024-09-19,633.0,633.0,631.0,631.0,582.2738037109375,2500.0,622.35,619.24,619.72,632.29,70.0,611.74,-0.4133333333332984,-0.0049999999999954,-0.0125195618153364,636.0,637.0,631.0,636.0,5600.0
2024-09-20,633.0,635.0,631.0,633.0,584.119384765625,6600.0,623.25,620.6,619.7066666666667,632.33,67.56756756756758,611.62,-0.2666666666666515,0.0550000000000636,-0.0109375,636.0,633.0,631.0,633.0,2500.0
2024-09-21,633.0,635.0,631.0,633.0,584.119384765625,6600.0,624.15,621.8,619.6666666666666,632.32,67.56756756756758,611.62,-0.1466666666667606,0.07000000000005,-0.0062794348508634,636.0,635.0,633.0,633.0,6600.0
2024-09-22,633.0,635.0,631.0,633.0,584.119384765625,6600.0,625.0,622.84,619.64,632.305,67.56756756756758,611.62,-0.1599999999999681,0.0249999999999772,-0.0062794348508634,636.0,635.0,633.0,633.0,6600.0
2024-09-23,633.0,635.0,631.0,633.0,584.119384765625,6600.0,625.6,623.76,619.6133333333333,632.285,61.29032258064516,611.62,-0.1466666666666469,0.0,-0.0047169811320755,636.0,635.0,633.0,633.0,6600.0
2024-09-24,637.0,640.0,632.0,632.0,583.1965942382812,11600.0,626.3,624.44,619.5733333333334,632.235,67.85714285714286,612.56,-0.1466666666666469,-0.0549999999999499,-0.0062893081761006,636.0,635.0,633.0,633.0,6600.0
2024-09-25,632.0,632.0,619.0,619.0,571.200439453125,17000.0,626.5,624.6,619.4,632.12,45.00000000000001,613.02,-0.3066666666667288,-0.2100000000000363,-0.0267295597484277,636.0,640.0,632.0,637.0,11600.0
2024-09-26,618.0,625.0,618.0,620.0,572.1232299804688,15500.0,626.5,624.8,619.24,632.01,42.10526315789474,613.4,-0.4266666666666197,-0.3100000000000591,-0.0251572327044025,636.0,632.0,619.0,632.0,17000.0
2024-09-27,599.0,607.0,590.0,595.0,571.163330078125,35600.0,625.25,623.96,618.7466666666667,631.76,26.66666666666667,613.22,-0.8933333333333167,-0.5449999999999591,-0.0600315955766193,636.0,625.0,620.0,618.0,15500.0
2024-09-28,599.0,607.0,590.0,595.0,571.163330078125,35600.0,624.0,622.92,618.2533333333333,631.515,26.66666666666667,613.2,-1.3600000000000136,-0.7699999999999818,-0.0644654088050314,636.0,607.0,595.0,599.0,35600.0
2024-09-29,599.0,607.0,590.0,595.0,571.163330078125,35600.0,622.45,622.0,617.7733333333333,631.295,26.66666666666667,613.18,-1.8000000000000682,-0.9400000000000546,-0.0688575899843505,636.0,607.0,595.0,599.0,35600.0
2024-09-30,595.0,604.0,589.0,598.0,574.0431518554688,9800.0,621.25,621.32,617.2666666666667,631.085,30.158730158730165,613.22,-2.1333333333333258,-1.0349999999999682,-0.0641627543035994,636.0,607.0,595.0,599.0,35600.0
2024-10-01,598.0,599.0,593.0,594.0,570.203369140625,7500.0,619.8,620.28,616.6666666666666,630.865,11.111111111111114,613.18,-2.5733333333333803,-1.1449999999999818,-0.0616113744075829,636.0,604.0,598.0,595.0,9800.0
2024-10-02,594.0,595.0,592.0,592.0,568.2835083007812,4900.0,618.1,619.16,616.04,630.635,11.764705882352942,613.02,-2.706666666666706,-1.125,-0.0647709320695102,636.0,599.0,594.0,598.0,7500.0
2024-10-03,593.0,597.0,590.0,590.0,566.3636474609375,13900.0,616.45,617.96,615.3866666666667,630.395,11.320754716981128,612.78,-2.8666666666666742,-1.1200000000000043,-0.0679304897314375,636.0,595.0,592.0,594.0,4900.0
2024-10-04,590.0,591.0,589.0,590.0,566.3636474609375,12500.0,614.8,616.52,614.7333333333333,630.16,7.843137254901947,612.56,-3.039999999999964,-1.134999999999991,0.0085470085470085,636.0,597.0,590.0,593.0,13900.0
2024-10-05,590.0,591.0,589.0,590.0,566.3636474609375,12500.0,613.15,615.24,614.0666666666667,629.92,7.843137254901947,612.32,-3.199999999999932,-1.1650000000000773,-0.0100671140939597,636.0,591.0,590.0,590.0,12500.0
2024-10-06,590.0,591.0,589.0,590.0,566.3636474609375,12500.0,611.5,613.92,613.44,629.68,7.843137254901947,612.08,-3.226666666666574,-1.1850000000000591,-0.0183028286189683,636.0,591.0,590.0,590.0,12500.0
2024-10-07,590.0,593.0,589.0,590.0,566.3636474609375,7300.0,609.2,612.48,612.8133333333334,629.445,7.843137254901947,611.84,-3.226666666666574,-1.1899999999999409,-0.0231788079470198,633.0,591.0,590.0,590.0,12500.0
2024-10-08,590.0,590.0,588.0,589.0,565.4036865234375,8200.0,607.1,611.12,612.1866666666666,629.2,7.843137254901947,611.62,-3.200000000000045,-1.1949999999999363,-0.0117449664429529,633.0,593.0,590.0,590.0,7300.0
2024-10-09,589.0,593.0,588.0,591.0,567.3235473632812,7000.0,605.1,609.84,611.5866666666667,628.965,15.0,611.42,-3.146666666666647,-1.1949999999999363,-0.0083892617449664,633.0,590.0,589.0,590.0,8200.0
2024-10-10,591.0,595.0,590.0,595.0,571.163330078125,5200.0,603.2,608.72,611.04,628.75,20.930232558139537,611.38,-3.026666666666756,-1.169999999999959,-0.0016778523489933,633.0,593.0,591.0,589.0,7000.0
2024-10-11,595.0,595.0,590.0,591.0,567.3235473632812,2100.0,601.1,607.44,610.44,628.51,40.90909090909091,611.26,-3.0,-1.169999999999959,-0.0083892617449664,633.0,595.0,595.0,591.0,5200.0
2024-10-12,595.0,595.0,590.0,591.0,567.3235473632812,2100.0,599.0,605.64,609.88,628.27,40.90909090909091,611.12,-2.933333333333394,-1.1750000000000682,-0.015,633.0,595.0,591.0,595.0,2100.0
2024-10-13,595.0,595.0,590.0,591.0,567.3235473632812,2100.0,596.9,604.04,609.28,628.04,40.90909090909091,610.98,-2.906666666666638,-1.160000000000082,-0.0182724252491693,632.0,595.0,591.0,595.0,2100.0
2024-10-14,595.0,595.0,590.0,591.0,567.3235473632812,2100.0,594.85,602.44,608.64,627.78,31.57894736842105,610.84,-2.946666666666715,-1.1850000000000591,-0.016638935108153,620.0,595.0,591.0,595.0,2100.0
2024-10-15,591.0,592.0,590.0,591.0,567.3235473632812,3800.0,593.45,600.76,608.0,627.515,39.99999999999999,610.68,-3.039999999999964,-1.2350000000000136,-0.0182724252491693,620.0,595.0,591.0,595.0,2100.0
2024-10-16,591.0,593.0,590.0,591.0,567.3235473632812,2600.0,592.0,599.08,607.44,627.25,46.15384615384615,610.44,-3.0,-1.259999999999991,-0.0182724252491693,598.0,592.0,591.0,591.0,3800.0
2024-10-17,591.0,591.0,588.0,589.0,565.4036865234375,4500.0,591.7,597.32,606.8533333333334,626.975,46.15384615384615,610.08,-3.0266666666666424,-1.294999999999959,-0.021594684385382,598.0,593.0,591.0,591.0,2600.0
2024-10-18,589.0,590.0,589.0,590.0,566.3636474609375,1200.0,591.45,595.6,606.28,626.67,50.0,609.68,-3.0,-1.3700000000000043,-0.0166666666666667,598.0,591.0,589.0,591.0,4500.0
2024-10-19,589.0,590.0,589.0,590.0,566.3636474609375,1200.0,591.2,593.92,606.3466666666667,626.365,50.0,609.18,-2.293333333333294,-1.4149999999999636,-0.0183028286189683,598.0,590.0,590.0,589.0,1200.0
2024-10-20,589.0,590.0,589.0,590.0,566.3636474609375,1200.0,590.8,592.76,606.2666666666667,626.07,50.0,608.68,-1.7333333333333485,-1.4449999999999363,-0.0117252931323282,595.0,590.0,590.0,589.0,1200.0
2024-10-21,589.0,592.0,588.0,592.0,568.2835083007812,3200.0,590.7,591.64,606.1466666666666,625.79,56.25,608.22,-1.2933333333334076,-1.4600000000000364,-0.0083752093802345,595.0,590.0,590.0,589.0,1200.0
2024-10-22,588.0,591.0,587.0,588.0,564.4437255859375,4300.0,590.5,591.36,605.9333333333333,625.49,47.368421052631575,607.66,-0.9200000000000728,-1.4850000000000136,-0.0167224080267558,595.0,592.0,592.0,589.0,3200.0
2024-10-23,588.0,588.0,585.0,585.0,561.5639038085938,4200.0,590.25,590.96,605.7866666666666,625.175,35.0,606.94,-0.4933333333333394,-1.4950000000000043,-0.0217391304347825,595.0,591.0,588.0,588.0,4300.0
2024-10-24,585.0,588.0,583.0,587.0,563.4838256835938,5100.0,590.1,590.64,605.6666666666666,624.87,27.77777777777777,606.32,-0.6800000000000637,-1.4950000000000043,-0.0183946488294314,595.0,588.0,585.0,588.0,4200.0
2024-10-25,587.0,587.0,581.0,583.0,559.64404296875,7700.0,589.75,590.04,605.4933333333333,624.535,27.77777777777777,605.68,-0.7733333333333121,-1.535000000000082,-0.026711185308848,595.0,588.0,587.0,585.0,5100.0
2024-10-26,587.0,587.0,581.0,583.0,559.64404296875,7700.0,589.4,589.6,605.32,624.21,27.77777777777777,604.94,-0.8266666666665969,-1.5799999999999272,-0.0331674958540629,595.0,587.0,583.0,587.0,7700.0
2024-10-27,587.0,587.0,581.0,583.0,559.64404296875,7700.0,589.05,589.24,605.0933333333334,623.9,27.77777777777777,604.2,-0.8399999999999181,-1.5900000000000318,-0.0395387149917627,595.0,587.0,583.0,587.0,7700.0
2024-10-28,584.0,589.0,584.0,586.0,562.5238647460938,5100.0,588.9,589.08,604.88,623.62,38.095238095238095,603.52,-0.906666666666638,-1.55499999999995,-0.0393442622950819,595.0,587.0,583.0,587.0,7700.0
2024-10-29,586.0,589.0,586.0,587.0,563.4838256835938,3100.0,588.7,588.96,604.6933333333334,623.34,40.90909090909091,602.74,-0.973333333333244,-1.5299999999999727,-0.0455284552845528,595.0,589.0,586.0,584.0,5100.0
2024-10-30,589.0,589.0,586.0,586.0,562.5238647460938,1200.0,588.25,588.8,604.48,623.055,39.130434782608695,602.02,-1.0133333333333212,-1.4800000000000182,-0.0471544715447154,592.0,589.0,587.0,586.0,3100.0
2024-10-31,585.0,586.0,583.0,586.0,562.5238647460938,2600.0,588.0,588.64,604.2666666666667,622.77,42.85714285714285,601.28,-1.0533333333333983,-1.4400000000000546,-0.0471544715447154,592.0,589.0,586.0,589.0,1200.0
2024-11-01,587.0,588.0,582.0,585.0,561.5639038085938,2500.0,587.7,588.44,604.04,622.485,38.095238095238095,600.46,-1.0533333333333983,-1.4149999999999636,-0.0503246753246753,592.0,586.0,586.0,585.0,2600.0
2024-11-02,587.0,588.0,582.0,585.0,561.5639038085938,2500.0,587.4,588.28,603.84,622.21,38.095238095238095,599.7,-1.0399999999999636,-1.4099999999999682,-0.0579710144927536,592.0,588.0,585.0,587.0,2500.0
2024-11-03,587.0,588.0,582.0,585.0,561.5639038085938,2500.0,587.1,588.04,603.6266666666667,621.93,38.095238095238095,598.94,-1.0666666666667195,-1.410000000000082,-0.0533980582524271,592.0,588.0,585.0,587.0,2500.0
2024-11-04,587.0,588.0,582.0,585.0,561.5639038085938,2500.0,586.8,587.64,603.4666666666667,621.645,31.57894736842105,598.18,-1.0133333333333212,-1.4099999999999682,-0.048780487804878,592.0,588.0,585.0,587.0,2500.0
2024-11-05,585.0,586.0,584.0,584.0,560.60400390625,5400.0,586.45,587.36,603.2933333333333,621.41,37.5,597.4,-0.9733333333333576,-1.3600000000000136,-0.0580645161290322,592.0,588.0,585.0,587.0,2500.0
2024-11-06,582.0,589.0,582.0,589.0,565.4036865234375,6700.0,586.45,587.28,603.1733333333333,621.2,61.11111111111111,596.46,-0.8666666666666742,-1.2849999999999682,-0.05,592.0,586.0,584.0,585.0,5400.0
2024-11-07,588.0,590.0,584.0,588.0,564.4437255859375,9000.0,586.35,587.16,603.04,620.985,52.94117647058823,595.6,-0.8000000000000682,-1.2250000000000227,-0.0516129032258064,592.0,589.0,589.0,582.0,6700.0
2024-11-08,588.0,588.0,584.0,584.0,560.60400390625,1900.0,586.05,586.88,602.8533333333334,620.74,52.94117647058823,594.66,-0.7733333333333121,-1.1899999999999409,-0.0670926517571884,592.0,590.0,588.0,588.0,9000.0
2024-11-09,588.0,588.0,584.0,584.0,560.60400390625,1900.0,585.75,586.6,602.6533333333333,620.485,52.94117647058823,593.68,-0.8133333333333894,-1.1599999999999682,-0.0610932475884243,592.0,588.0,584.0,588.0,1900.0
2024-11-10,588.0,588.0,584.0,584.0,560.60400390625,1900.0,585.35,586.32,602.4,620.215,52.94117647058823,592.7,-0.8933333333333167,-1.1949999999999363,-0.0626003210272873,589.0,588.0,584.0,588.0,1900.0
2024-11-11,584.0,595.0,584.0,585.0,561.5639038085938,15300.0,585.2,586.16,602.1066666666667,619.95,46.66666666666666,591.74,-1.066666666666606,-1.25,-0.0654952076677316,589.0,588.0,584.0,588.0,1900.0
2024-11-12,585.0,587.0,577.0,582.0,558.6841430664062,14500.0,585.05,585.84,601.7333333333333,619.65,35.294117647058826,590.72,-1.3066666666666151,-1.3350000000000364,-0.0658105939004815,589.0,595.0,585.0,584.0,15300.0
2024-11-13,581.0,582.0,579.0,580.0,556.7642211914062,5300.0,584.7,585.44,601.2666666666667,619.34,33.33333333333333,589.68,-1.5866666666667015,-1.3999999999999773,-0.0690208667736758,589.0,587.0,582.0,585.0,14500.0
2024-11-14,580.0,584.0,577.0,577.0,553.8843994140625,11200.0,584.4,584.92,600.76,619.015,28.57142857142857,588.84,-1.8933333333333169,-1.4700000000000273,-0.0738362760834671,589.0,582.0,580.0,581.0,5300.0
2024-11-15,576.0,579.0,576.0,579.0,555.8043212890625,23900.0,584.2,584.4,600.28,618.7,36.36363636363636,588.02,-2.1200000000000045,-1.5149999999999864,-0.0706260032102729,589.0,584.0,577.0,580.0,11200.0
2024-11-16,576.0,579.0,576.0,579.0,555.8043212890625,23900.0,584.0,584.04,599.7866666666666,618.37,36.36363636363636,587.7,-2.32000000000005,-1.580000000000041,-0.089622641509434,589.0,579.0,579.0,576.0,23900.0
2024-11-17,576.0,579.0,576.0,579.0,555.8043212890625,23900.0,583.65,583.8,599.2266666666667,618.06,36.36363636363636,587.38,-2.5066666666666606,-1.5900000000000318,-0.0824088748019017,589.0,579.0,579.0,576.0,23900.0
2024-11-18,579.0,579.0,570.0,575.0,551.9645385742188,30700.0,583.05,583.32,598.6533333333333,617.725,30.769230769230774,586.98,-2.613333333333344,-1.615000000000009,-0.0887480190174326,589.0,579.0,579.0,576.0,23900.0
2024-11-19,577.0,578.0,571.0,572.0,549.084716796875,3700.0,582.35,582.88,598.08,617.375,28.57142857142857,586.46,-2.67999999999995,-1.6399999999999864,-0.0963665086887836,589.0,579.0,575.0,579.0,30700.0
2024-11-20,572.0,575.0,571.0,574.0,551.004638671875,5800.0,581.75,582.52,597.4666666666667,617.035,20.0,586.06,-2.813333333333276,-1.6650000000000773,-0.0932069510268562,589.0,578.0,572.0,577.0,3700.0
2024-11-21,571.0,576.0,571.0,575.0,551.9645385742188,3000.0,581.25,582.2,596.8666666666667,616.7,24.0,585.72,-2.919999999999959,-1.669999999999959,-0.0916271721958925,589.0,575.0,574.0,572.0,5800.0
2024-11-22,572.0,577.0,572.0,577.0,553.8843994140625,4400.0,580.85,581.84,596.2933333333333,616.375,34.78260869565217,585.46,-2.933333333333394,-1.6849999999999454,-0.0884676145339652,589.0,576.0,575.0,571.0,3000.0
2024-11-23,572.0,577.0,572.0,577.0,553.8843994140625,4400.0,580.45,581.44,595.64,616.03,34.78260869565217,585.2,-3.013333333333321,-1.69500000000005,-0.0870253164556962,589.0,577.0,577.0,572.0,4400.0
2024-11-24,572.0,577.0,572.0,577.0,553.8843994140625,4400.0,580.05,581.08,595.04,615.685,34.78260869565217,584.94,-3.0400000000000773,-1.6900000000000546,-0.0678513731825525,589.0,577.0,577.0,572.0,4400.0
2024-11-25,577.0,579.0,575.0,576.0,552.9244995117188,3100.0,579.65,580.68,594.4133333333333,615.325,30.434782608695656,584.66,-3.0533333333333985,-1.7099999999999227,-0.0709677419354838,589.0,577.0,577.0,572.0,4400.0
2024-11-26,576.0,577.0,575.0,576.0,552.9244995117188,2400.0,579.0,580.32,593.7466666666667,614.97,35.0,584.38,-3.1200000000000045,-1.7300000000000182,-0.0319327731092436,588.0,579.0,576.0,577.0,3100.0
2024-11-27,576.0,576.0,574.0,574.0,551.004638671875,1500.0,578.3,579.88,593.0933333333334,614.605,35.0,584.08,-3.199999999999932,-1.7699999999999818,-0.0352941176470588,585.0,577.0,576.0,576.0,2400.0
2024-11-28,573.0,574.0,573.0,574.0,551.004638671875,1900.0,577.8,579.44,592.44,614.24,41.17647058823529,583.74,-3.199999999999932,-1.7899999999999636,-0.0352941176470588,585.0,576.0,574.0,576.0,1500.0
2024-11-29,574.0,574.0,571.0,573.0,550.044677734375,6700.0,577.25,578.96,591.7733333333333,613.88,31.25,583.3,-3.2666666666666515,-1.80499999999995,-0.0418060200668896,585.0,574.0,574.0,573.0,1900.0
2024-11-30,574.0,574.0,571.0,573.0,550.044677734375,6700.0,576.7,578.52,591.1066666666667,613.545,31.25,582.94,-3.306666666666615,-1.7800000000000864,-0.0353535353535353,585.0,574.0,573.0,574.0,6700.0
2024-12-01,574.0,574.0,571.0,573.0,550.044677734375,6700.0,576.1,577.88,590.2666666666667,613.235,31.25,582.58,-3.480000000000018,-1.7350000000000136,-0.0320945945945946,582.0,574.0,573.0,574.0,6700.0
2024-12-02,573.0,573.0,569.0,571.0,548.1248168945312,13600.0,575.55,577.2,589.4666666666667,612.885,35.71428571428572,582.18,-3.626666666666665,-1.7200000000000273,-0.0322033898305085,580.0,574.0,573.0,574.0,6700.0
2024-12-03,572.0,575.0,570.0,573.0,550.044677734375,3400.0,575.2,576.76,588.6933333333334,612.565,53.846153846153854,581.82,-3.7466666666666697,-1.6749999999999543,-0.0288135593220338,579.0,573.0,571.0,573.0,13600.0
2024-12-04,573.0,573.0,572.0,573.0,550.044677734375,1400.0,575.0,576.32,587.8933333333333,612.245,45.45454545454546,581.46,-3.879999999999996,-1.634999999999991,-0.0288135593220338,579.0,575.0,573.0,572.0,3400.0
2024-12-05,573.0,575.0,572.0,573.0,550.044677734375,2200.0,574.7,575.88,587.0933333333334,611.925,39.99999999999999,581.1,-4.013333333333321,-1.6200000000000043,-0.0288135593220338,579.0,573.0,573.0,573.0,1400.0
2024-12-06,573.0,577.0,572.0,572.0,549.084716796875,6400.0,574.35,575.36,586.28,611.595,22.22222222222221,580.76,-3.986666666666679,-1.6399999999999864,-0.0305084745762711,579.0,575.0,573.0,573.0,2200.0
2024-12-07,573.0,577.0,572.0,572.0,549.084716796875,6400.0,574.0,574.96,585.4666666666667,611.285,22.22222222222221,580.4,-4.0,-1.6000000000000227,-0.0288624787775891,577.0,577.0,572.0,573.0,6400.0
2024-12-08,573.0,577.0,572.0,572.0,549.084716796875,6400.0,573.85,574.64,584.6666666666666,610.985,22.22222222222221,580.04,-4.026666666666756,-1.580000000000041,-0.0321489001692046,577.0,577.0,572.0,573.0,6400.0
2024-12-09,573.0,575.0,572.0,572.0,549.084716796875,3800.0,573.85,574.44,584.04,610.665,25.0,579.68,-3.853333333333353,-1.580000000000041,-0.0386554621848739,577.0,577.0,572.0,573.0,6400.0
2024-12-10,572.0,579.0,572.0,573.0,550.044677734375,6300.0,573.8,574.2,583.4133333333333,610.35,33.33333333333333,579.3,-3.680000000000064,-1.5749999999999318,-0.0304568527918781,577.0,575.0,572.0,573.0,3800.0
2024-12-11,575.0,575.0,573.0,575.0,551.9645385742188,1000.0,573.8,574.04,583.1466666666666,610.045,55.55555555555556,579.04,-3.1333333333333258,-1.5500000000000682,-0.027072758037225,577.0,579.0,573.0,572.0,6300.0
2024-12-12,573.0,578.0,573.0,575.0,551.9645385742188,3400.0,573.7,573.88,582.88,609.74,55.55555555555556,578.84,-2.586666666666701,-1.544999999999959,-0.027072758037225,577.0,575.0,575.0,575.0,1000.0
2024-12-13,575.0,580.0,574.0,575.0,551.9645385742188,9600.0,573.6,573.88,582.6133333333333,609.43,62.50000000000001,578.6,-2.053333333333285,-1.5550000000000637,-0.027072758037225,577.0,578.0,575.0,573.0,3400.0
2024-12-14,575.0,580.0,574.0,575.0,551.9645385742188,9600.0,573.5,574.0,582.3066666666666,609.135,62.50000000000001,578.44,-1.7333333333333485,-1.5299999999999727,-0.027072758037225,576.0,580.0,575.0,575.0,9600.0
2024-12-15,575.0,580.0,574.0,575.0,551.9645385742188,9600.0,573.45,574.04,582.0533333333333,608.82,62.50000000000001,578.28,-1.3600000000000136,-1.5299999999999727,-0.027072758037225,576.0,580.0,575.0,575.0,9600.0
2024-12-16,574.0,582.0,574.0,576.0,552.9244995117188,13900.0,573.45,574.08,581.84,608.53,85.71428571428571,578.14,-1.3066666666666151,-1.5149999999999864,-0.0220713073005093,576.0,580.0,575.0,575.0,9600.0
2024-12-17,580.0,580.0,575.0,575.0,551.9645385742188,1600.0,573.5,574.0,581.64,608.215,66.66666666666666,577.92,-1.240000000000009,-1.5249999999999773,-0.0254237288135593,576.0,582.0,576.0,574.0,13900.0
2024-12-18,577.0,582.0,576.0,581.0,557.7241821289062,16000.0,573.85,574.16,581.52,607.93,83.33333333333333,577.8,-1.093333333333362,-1.5,-0.0152542372881355,581.0,580.0,575.0,580.0,1600.0
2024-12-19,581.0,581.0,575.0,577.0,553.8843994140625,2400.0,574.05,574.16,581.3466666666667,607.625,62.50000000000001,577.62,-0.9599999999999228,-1.509999999999991,-0.0220338983050847,581.0,582.0,581.0,577.0,16000.0
2024-12-20,577.0,578.0,576.0,576.0,552.9244995117188,4400.0,574.2,574.16,581.16,607.305,62.50000000000001,577.42,-0.8933333333333167,-1.5150000000001,-0.0270270270270269,581.0,581.0,577.0,581.0,2400.0
2024-12-21,577.0,578.0,576.0,576.0,552.9244995117188,4400.0,574.35,574.16,580.9733333333334,606.98,62.50000000000001,577.24,-0.8666666666666742,-1.5499999999999543,-0.0204081632653061,581.0,578.0,576.0,577.0,4400.0
2024-12-22,577.0,578.0,576.0,576.0,552.9244995117188,4400.0,574.6,574.24,580.8,606.65,62.50000000000001,577.06,-0.8400000000000318,-1.5650000000000546,-0.0153846153846153,581.0,578.0,576.0,577.0,4400.0
2024-12-23,576.0,580.0,575.0,580.0,556.7642211914062,10000.0,574.95,574.48,580.6533333333333,606.355,70.0,576.96,-0.8666666666666742,-1.5749999999999318,-0.0119250425894378,581.0,578.0,576.0,577.0,4400.0
2024-12-24,580.0,586.0,580.0,584.0,560.60400390625,9000.0,575.5,574.92,580.5066666666667,606.08,73.91304347826087,576.94,-0.8400000000000318,-1.544999999999959,0.0017152658662091,584.0,580.0,580.0,576.0,10000.0
2024-12-25,584.0,584.0,579.0,580.0,556.7642211914062,9100.0,575.85,575.2,580.36,605.785,60.0,576.86,-0.7999999999999545,-1.5199999999999818,-0.0051457975986277,584.0,586.0,584.0,580.0,9000.0
2024-12-26,580.0,584.0,576.0,584.0,560.60400390625,13100.0,576.45,575.64,580.2666666666667,605.51,65.51724137931035,576.76,-0.7066666666667061,-1.4700000000000273,0.0017152658662091,584.0,584.0,580.0,584.0,9100.0
2024-12-27,584.0,586.0,584.0,586.0,562.5238647460938,2500.0,577.15,576.24,580.2,605.245,67.74193548387098,576.72,-0.599999999999909,-1.4049999999999727,0.0,586.0,584.0,584.0,580.0,13100.0
2024-12-28,584.0,586.0,584.0,586.0,562.5238647460938,2500.0,577.85,576.76,580.1333333333333,604.985,67.74193548387098,576.76,-0.5199999999999818,-1.3700000000000043,-0.0017035775127768,586.0,586.0,586.0,584.0,2500.0
2024-12-29,584.0,586.0,584.0,586.0,562.5238647460938,2500.0,578.55,577.28,580.0666666666667,604.715,67.74193548387098,576.8,-0.4399999999999409,-1.365000000000009,0.0,586.0,586.0,586.0,584.0,2500.0
2024-12-30,590.0,590.0,585.0,589.0,565.4036865234375,4600.0,579.35,577.92,580.04,604.45,69.69696969696969,576.9,-0.32000000000005,-1.3349999999999227,0.0051194539249146,589.0,586.0,586.0,584.0,2500.0
2024-12-31,590.0,590.0,585.0,589.0,565.4036865234375,4600.0,580.05,578.6,580.04,604.195,71.875,576.98,-0.2266666666666879,-1.3149999999999409,0.0068376068376068,589.0,590.0,589.0,590.0,4600.0
2025-01-01,590.0,590.0,585.0,589.0,565.4036865234375,4600.0,580.75,579.28,580.0266666666666,603.94,65.38461538461539,577.12,-0.173333333333403,-1.30499999999995,0.0068376068376068,589.0,590.0,589.0,590.0,4600.0
2025-01-02,590.0,590.0,585.0,589.0,565.4036865234375,4600.0,581.45,579.96,580.0133333333333,603.685,77.27272727272727,577.3,-0.1200000000000045,-1.3000000000000682,0.0068376068376068,589.0,590.0,589.0,590.0,4600.0
2025-01-03,590.0,590.0,585.0,589.0,565.4036865234375,4600.0,582.15,580.64,580.0,603.42,80.95238095238095,577.54,-0.0666666666667197,-1.2950000000000728,0.0068376068376068,589.0,590.0,589.0,590.0,4600.0
2025-01-04,590.0,590.0,585.0,589.0,565.4036865234375,4600.0,582.85,581.28,579.96,603.165,80.95238095238095,577.74,-0.0799999999999272,-1.285000000000082,0.0085616438356164,589.0,590.0,589.0,590.0,4600.0
2025-01-05,590.0,590.0,585.0,589.0,565.4036865234375,4600.0,583.5,581.84,579.9733333333334,602.91,80.95238095238095,577.94,-0.066666666666606,-1.285000000000082,0.0,589.0,590.0,589.0,590.0,4600.0
2025-01-06,592.0,597.0,590.0,597.0,573.0831909179688,6600.0,584.6,582.72,580.1333333333333,602.7,84.0,578.3,0.1066666666666833,-1.240000000000009,0.0153061224489796,597.0,590.0,589.0,590.0,4600.0
2025-01-07,596.0,598.0,595.0,595.0,571.163330078125,5400.0,585.3,583.52,580.24,602.485,73.91304347826087,578.7,0.2266666666666879,-1.1999999999999318,0.018835616438356,597.0,597.0,597.0,592.0,6600.0
2025-01-08,598.0,600.0,595.0,600.0,575.9630126953125,4100.0,586.45,584.52,580.4666666666667,602.295,91.66666666666669,579.26,0.466666666666697,-1.125,0.0273972602739727,600.0,598.0,595.0,596.0,5400.0
2025-01-09,600.0,600.0,598.0,598.0,574.0431518554688,1700.0,587.55,585.44,580.6666666666666,602.095,81.81818181818181,579.74,0.7066666666665924,-1.0699999999999363,0.023972602739726,600.0,600.0,600.0,598.0,4100.0
2025-01-10,600.0,600.0,596.0,597.0,573.0831909179688,1700.0,588.6,586.28,580.8533333333334,601.89,76.19047619047619,580.18,0.8799999999999955,-1.0199999999999818,0.0205128205128204,600.0,600.0,598.0,600.0,1700.0
2025-01-11,600.0,600.0,596.0,597.0,573.0831909179688,1700.0,589.65,587.16,581.0,601.685,76.19047619047619,580.58,0.8666666666666742,-1.0150000000001,0.0257731958762885,600.0,600.0,597.0,600.0,1700.0
2025-01-12,600.0,600.0,596.0,597.0,573.0831909179688,1700.0,590.5,587.8,581.1333333333333,601.49,76.19047619047619,580.98,0.8933333333333167,-0.9950000000000044,0.0293103448275862,600.0,600.0,597.0,600.0,1700.0
2025-01-13,600.0,600.0,596.0,597.0,573.0831909179688,1700.0,591.15,588.6,581.28,601.3,72.22222222222223,581.38,0.8133333333332757,-0.9950000000000044,0.0346620450606585,600.0,600.0,597.0,600.0,1700.0
2025-01-14,598.0,600.0,596.0,598.0,574.0431518554688,2200.0,592.05,589.48,581.44,601.11,73.68421052631578,581.82,0.7733333333334258,-0.9850000000000136,0.0328151986183073,600.0,600.0,597.0,600.0,1700.0
2025-01-15,600.0,600.0,596.0,596.0,572.1232299804688,2000.0,592.65,590.28,581.5866666666667,600.91,66.66666666666666,582.22,0.7333333333333485,-0.9800000000000182,0.0293609671848014,600.0,600.0,598.0,598.0,2200.0
2025-01-16,599.0,599.0,596.0,599.0,575.0030517578125,800.0,593.3,591.2,581.7733333333333,600.725,70.83333333333333,582.72,0.7733333333333121,-0.9599999999999228,0.0345423143350605,600.0,600.0,596.0,600.0,2000.0
2025-01-17,599.0,599.0,596.0,596.0,572.1232299804688,2200.0,593.8,591.84,581.92,600.505,62.96296296296296,583.16,0.7866666666666333,-0.9850000000000136,0.0365217391304348,600.0,599.0,599.0,599.0,800.0
2025-01-18,599.0,599.0,596.0,596.0,572.1232299804688,2200.0,594.3,592.32,582.0666666666667,600.31,62.96296296296296,583.62,0.786666666666747,-0.9900000000000092,0.0419580419580418,600.0,599.0,596.0,599.0,2200.0
2025-01-19,599.0,599.0,596.0,596.0,572.1232299804688,2200.0,594.65,592.96,582.2266666666667,600.115,62.96296296296296,584.08,0.7866666666666333,-0.9950000000000044,0.038327526132404,600.0,599.0,596.0,599.0,2200.0
2025-01-20,596.0,598.0,596.0,596.0,572.1232299804688,1300.0,595.0,593.44,582.32,599.91,47.368421052631575,584.54,0.7333333333333485,-1.0,0.0365217391304348,600.0,599.0,596.0,599.0,2200.0
2025-01-21,596.0,596.0,591.0,596.0,572.1232299804688,3500.0,595.35,593.84,582.4266666666666,599.72,52.94117647058823,585.04,0.6533333333333076,-1.0049999999999957,0.0329289428076255,600.0,598.0,596.0,596.0,1300.0
2025-01-22,596.0,597.0,595.0,595.0,571.163330078125,400.0,595.65,594.2,582.5733333333334,599.525,30.769230769230774,585.48,0.6533333333334213,-0.9800000000000182,0.0311958405545926,600.0,596.0,596.0,596.0,3500.0
2025-01-23,590.0,593.0,590.0,593.0,569.2434692382812,4100.0,595.85,594.48,582.6933333333334,599.32,30.769230769230774,585.88,0.6266666666666652,-0.9899999999998954,0.0277296360485268,600.0,597.0,595.0,596.0,400.0
2025-01-24,592.0,594.0,592.0,594.0,570.203369140625,800.0,596.1,594.68,582.8266666666667,599.11,38.46153846153846,586.3,0.6000000000000227,-1.0049999999999957,0.03125,600.0,593.0,593.0,590.0,4100.0
2025-01-25,592.0,594.0,592.0,594.0,570.203369140625,800.0,596.35,594.88,582.9466666666667,598.905,38.46153846153846,586.74,0.6266666666666652,-1.0049999999999957,0.03125,600.0,594.0,594.0,592.0,800.0
2025-01-26,592.0,594.0,592.0,594.0,570.203369140625,800.0,596.2,595.08,583.1066666666667,598.7,38.46153846153846,587.18,0.6800000000000637,-1.0199999999999818,0.0348432055749128,600.0,594.0,594.0,592.0,800.0
2025-01-27,595.0,596.0,594.0,594.0,570.203369140625,1900.0,596.15,595.28,583.2933333333333,598.495,38.46153846153846,587.62,0.7199999999999136,-1.0299999999999727,0.0348432055749128,600.0,594.0,594.0,592.0,800.0
2025-01-28,610.0,610.0,597.0,604.0,579.802734375,14300.0,596.35,595.88,583.6533333333333,598.355,63.63636363636363,588.26,0.9599999999999228,-0.9650000000000318,0.0541012216404885,604.0,596.0,594.0,595.0,1900.0
2025-01-29,602.0,605.0,600.0,605.0,580.7626953125,600.0,596.7,596.52,584.0,598.22,71.42857142857143,588.9,1.1733333333332894,-0.8899999999999864,0.0558464223385688,605.0,610.0,604.0,610.0,14300.0
2025-01-30,604.0,605.0,595.0,595.0,571.163330078125,5100.0,596.6,596.76,584.2133333333334,598.035,42.85714285714285,589.3,1.2666666666666515,-0.8700000000000045,0.0383944153577662,605.0,605.0,605.0,602.0,600.0
2025-01-31,595.0,596.0,580.0,593.0,569.2434692382812,13900.0,596.4,596.6,584.4,597.84,44.44444444444444,589.66,1.293333333333294,-0.8600000000000136,0.0385288966725043,605.0,605.0,595.0,604.0,5100.0
2025-02-01,595.0,596.0,580.0,593.0,569.2434692382812,13900.0,596.2,596.52,584.64,597.65,44.44444444444444,590.02,1.3466666666666924,-0.8450000000000273,0.0349040139616056,605.0,596.0,593.0,595.0,13900.0
2025-02-02,595.0,596.0,580.0,593.0,569.2434692382812,13900.0,596.0,596.24,584.92,597.435,44.44444444444444,590.38,1.2666666666666515,-0.9200000000000728,0.0349040139616056,605.0,596.0,593.0,595.0,13900.0
2025-02-03,593.0,598.0,593.0,597.0,573.0831909179688,1700.0,595.95,596.2,585.2266666666667,597.225,51.61290322580645,590.82,1.226666666666688,-0.9950000000000044,0.0418848167539267,605.0,596.0,593.0,595.0,13900.0
2025-02-04,597.0,598.0,596.0,597.0,573.0831909179688,10400.0,596.0,596.2,585.52,597.015,51.61290322580645,591.24,1.3066666666666151,-1.0199999999999818,0.0437062937062937,605.0,598.0,597.0,593.0,1700.0
2025-02-05,597.0,600.0,595.0,595.0,571.163330078125,2900.0,595.8,596.12,585.76,596.795,50.0,591.64,1.3600000000000136,-1.0450000000000728,0.0402097902097902,605.0,598.0,597.0,597.0,10400.0
2025-02-06,596.0,601.0,595.0,601.0,576.9229736328125,2300.0,596.05,596.28,586.08,596.605,61.11111111111111,592.04,1.4400000000000546,-1.044999999999959,0.0506993006993006,605.0,600.0,595.0,597.0,2900.0
2025-02-07,598.0,601.0,598.0,601.0,576.9229736328125,600.0,596.3,596.44,586.4,596.41,60.0,592.52,1.4800000000000182,-1.0249999999999773,0.0506993006993006,605.0,601.0,601.0,596.0,2300.0
2025-02-08,598.0,601.0,598.0,601.0,576.9229736328125,600.0,596.55,596.56,586.7333333333333,596.23,60.0,593.02,1.5066666666666606,-0.9950000000000044,0.0488656195462477,605.0,601.0,601.0,598.0,600.0
2025-02-09,598.0,601.0,598.0,601.0,576.9229736328125,600.0,596.8,596.76,587.0666666666667,596.05,60.0,593.52,1.546666666666738,-0.9650000000000318,0.0452173913043478,605.0,601.0,601.0,598.0,600.0
2025-02-10,599.0,600.0,579.0,592.0,568.2835083007812,7400.0,596.6,596.48,587.3066666666666,595.83,47.72727272727273,593.84,1.5466666666666242,-0.964999999999918,0.0295652173913043,605.0,601.0,601.0,598.0,600.0
2025-02-11,599.0,600.0,579.0,592.0,568.2835083007812,7400.0,596.45,596.32,587.5466666666666,595.61,32.35294117647058,594.08,1.4666666666665833,-0.9950000000000044,0.0295652173913043,605.0,600.0,592.0,599.0,7400.0
2025-02-12,597.0,597.0,597.0,597.0,573.0831909179688,600.0,596.65,596.36,587.8666666666667,595.415,39.47368421052632,594.34,1.466666666666697,-0.9950000000000044,0.0382608695652173,605.0,600.0,592.0,599.0,7400.0
2025-02-13,597.0,597.0,595.0,597.0,573.0831909179688,1600.0,596.8,596.4,588.1866666666666,595.22,53.57142857142857,594.68,1.453333333333262,-1.009999999999991,0.0382608695652173,605.0,597.0,597.0,597.0,600.0
2025-02-14,595.0,609.0,595.0,607.0,582.6825561523438,6900.0,597.45,596.84,588.64,595.09,69.44444444444444,595.14,1.5733333333332666,-0.9599999999999228,0.0538194444444444,607.0,597.0,597.0,597.0,1600.0
2025-02-15,595.0,609.0,595.0,607.0,582.6825561523438,6900.0,598.1,597.28,589.12,594.945,69.44444444444444,595.56,1.8133333333333888,-0.8849999999999909,0.0556521739130435,607.0,609.0,607.0,595.0,6900.0
2025-02-16,595.0,609.0,595.0,607.0,582.6825561523438,6900.0,598.75,597.76,589.5733333333334,594.785,69.44444444444444,595.98,2.026666666666756,-0.8250000000000455,0.0447504302925989,607.0,609.0,607.0,595.0,6900.0
2025-02-17,608.0,619.0,607.0,608.0,583.6425170898438,9700.0,598.95,598.36,590.04,594.63,66.66666666666666,596.42,2.1733333333332894,-0.7849999999999682,0.0537261698440207,608.0,609.0,607.0,595.0,6900.0
2025-02-18,609.0,610.0,603.0,603.0,578.8428344726562,1700.0,598.85,598.72,590.44,594.48,57.89473684210526,596.7,2.253333333333444,-0.7400000000000091,0.046875,608.0,619.0,608.0,608.0,9700.0
2025-02-19,603.0,610.0,603.0,608.0,583.6425170898438,2700.0,599.5,599.28,590.92,594.355,65.85365853658537,597.08,2.2799999999999727,-0.7350000000000136,0.0555555555555555,608.0,610.0,603.0,609.0,1700.0
2025-02-20,610.0,610.0,606.0,606.0,581.72265625,900.0,600.15,599.76,591.3733333333333,594.22,56.75675675675676,597.42,2.2533333333333303,-0.7250000000000227,0.0520833333333332,608.0,610.0,608.0,603.0,2700.0
2025-02-21,609.0,609.0,605.0,608.0,583.6425170898438,1500.0,600.9,600.32,591.8533333333334,594.335,58.97435897435897,597.8,2.2799999999999727,-0.4499999999999318,0.0482758620689656,608.0,610.0,606.0,610.0,900.0
2025-02-22,609.0,609.0,605.0,608.0,583.6425170898438,1500.0,601.65,600.48,592.3333333333334,594.395,58.97435897435897,598.18,2.293333333333408,-0.2350000000000136,0.0410958904109588,608.0,609.0,608.0,609.0,1500.0
2025-02-23,609.0,609.0,605.0,608.0,583.6425170898438,1500.0,602.2,600.6,592.8,594.43,58.97435897435897,598.56,2.3599999999999,-0.0500000000000682,0.0482758620689656,608.0,609.0,608.0,609.0,1500.0
2025-02-24,609.0,609.0,605.0,608.0,583.6425170898438,1500.0,602.75,601.12,593.24,594.45,76.66666666666666,598.94,2.32000000000005,0.0950000000000272,0.0410958904109588,608.0,609.0,608.0,609.0,1500.0
2025-02-25,608.0,608.0,605.0,607.0,582.6825561523438,1300.0,603.35,601.68,593.6666666666666,594.505,74.19354838709677,599.14,2.293333333333294,0.2849999999999681,0.0358361774744027,608.0,609.0,608.0,609.0,1500.0
2025-02-26,609.0,613.0,603.0,603.0,578.8428344726562,3100.0,603.45,602.08,594.04,594.54,60.0,599.3,2.1866666666666106,0.2049999999999272,0.0290102389078499,608.0,608.0,607.0,608.0,1300.0
2025-02-27,603.0,605.0,603.0,604.0,579.802734375,800.0,603.6,602.52,594.4266666666666,594.58,61.29032258064516,599.38,2.0933333333332484,0.1850000000000591,0.030716723549488,608.0,613.0,603.0,609.0,3100.0
2025-02-28,603.0,603.0,597.0,602.0,577.8828735351562,3200.0,603.65,602.72,594.7866666666666,594.61,39.130434782608695,599.46,1.9866666666666788,0.1800000000000636,0.0220713073005094,608.0,605.0,604.0,603.0,800.0
2025-03-01,603.0,603.0,597.0,602.0,577.8828735351562,3200.0,603.7,602.92,595.1333333333333,594.62,39.130434782608695,599.56,1.8933333333333169,0.169999999999959,0.0220713073005094,608.0,603.0,602.0,603.0,3200.0
2025-03-02,603.0,603.0,597.0,602.0,577.8828735351562,3200.0,604.2,603.2,595.4933333333333,594.62,39.130434782608695,599.66,1.8266666666667104,0.1150000000000091,0.0220713073005094,608.0,603.0,602.0,603.0,3200.0
2025-03-03,604.0,604.0,600.0,601.0,576.9229736328125,1800.0,604.65,603.2,595.76,594.62,34.78260869565217,599.74,1.7200000000000273,0.0800000000000409,0.0203735144312393,608.0,603.0,602.0,603.0,3200.0
2025-03-04,601.0,602.0,598.0,601.0,576.9229736328125,1800.0,604.85,603.2,596.08,594.615,44.44444444444444,599.82,1.6533333333334213,0.0349999999999681,0.0203735144312393,608.0,604.0,601.0,604.0,1800.0
2025-03-05,601.0,602.0,600.0,601.0,576.9229736328125,1600.0,605.05,603.2,596.4133333333333,594.61,23.07692307692308,599.88,1.6266666666666652,0.0,0.0203735144312393,608.0,602.0,601.0,601.0,1800.0
2025-03-06,601.0,602.0,600.0,600.0,575.9630126953125,1100.0,604.7,603.16,596.7333333333333,594.6,25.0,599.96,1.6000000000000227,-0.0199999999999818,0.0186757215619695,608.0,602.0,601.0,601.0,1600.0
2025-03-07,600.0,605.0,600.0,601.0,576.9229736328125,1200.0,604.4,603.52,597.0666666666667,594.605,18.181818181818173,600.0,1.5733333333333803,-0.0149999999999863,0.0067001675041875,608.0,602.0,600.0,601.0,1100.0
2025-03-08,600.0,605.0,600.0,601.0,576.9229736328125,1200.0,604.1,603.88,597.3466666666667,594.605,18.181818181818173,600.1,1.5866666666667015,-0.0149999999999863,0.0100840336134453,608.0,605.0,601.0,600.0,1200.0
2025-03-09,600.0,605.0,600.0,601.0,576.9229736328125,1200.0,603.75,604.04,597.5733333333334,594.625,18.181818181818173,600.2,1.4933333333333394,0.0099999999999909,0.0016666666666667,608.0,605.0,601.0,600.0,1200.0
2025-03-10,604.0,604.0,600.0,600.0,575.9630126953125,1200.0,603.6,604.16,597.84,594.64,16.666666666666657,600.28,1.4266666666667334,0.0299999999999727,0.0033444816053511,608.0,605.0,601.0,600.0,1200.0
2025-03-11,599.0,606.0,598.0,606.0,581.72265625,3100.0,603.5,604.12,598.1333333333333,594.68,47.05882352941176,600.48,1.3999999999999773,0.0799999999999272,0.015075376884422,608.0,604.0,600.0,604.0,1200.0
2025-03-12,602.0,602.0,602.0,602.0,577.8828735351562,500.0,603.3,603.92,598.3466666666667,594.7,47.05882352941176,600.6,1.2799999999999727,0.0950000000000272,0.0083752093802345,608.0,606.0,606.0,599.0,3100.0
2025-03-13,602.0,604.0,602.0,602.0,577.8828735351562,1300.0,603.0,603.72,598.56,594.72,43.75,600.74,1.213333333333253,0.1150000000000091,0.0083752093802345,608.0,602.0,602.0,602.0,500.0
2025-03-14,603.0,607.0,601.0,606.0,581.72265625,3700.0,602.9,603.64,598.8266666666667,594.755,61.11111111111111,601.0,1.2533333333333303,0.1299999999999954,0.015075376884422,608.0,604.0,602.0,602.0,1300.0
2025-03-15,603.0,607.0,601.0,606.0,581.72265625,3700.0,602.8,603.76,599.0533333333333,594.77,61.11111111111111,601.24,1.213333333333253,0.1299999999999954,0.0133779264214046,608.0,607.0,606.0,603.0,3700.0
2025-03-16,603.0,607.0,601.0,606.0,581.72265625,3700.0,602.7,603.68,599.28,594.765,61.11111111111111,601.48,1.146666666666647,0.0850000000000363,0.0167785234899329,607.0,607.0,606.0,603.0,3700.0
2025-03-17,605.0,606.0,603.0,606.0,581.72265625,1700.0,602.65,603.68,599.5066666666667,594.745,64.70588235294119,601.72,1.1599999999999682,0.044999999999959,0.0116861435726209,606.0,607.0,606.0,603.0,3700.0
2025-03-18,605.0,607.0,604.0,606.0,581.72265625,900.0,602.8,603.6,599.7333333333333,594.7,64.70588235294119,601.96,1.173333333333403,-0.0199999999999818,0.0167785234899329,606.0,606.0,606.0,605.0,1700.0
2025-03-19,609.0,610.0,607.0,609.0,584.6024780273438,2300.0,603.05,603.64,600.0,594.67,70.0,602.06,1.1733333333332894,-0.0850000000000363,0.0218120805369128,609.0,607.0,606.0,605.0,900.0
2025-03-20,609.0,610.0,607.0,609.0,584.6024780273438,2300.0,603.4,603.68,600.2666666666667,594.64,73.68421052631578,602.14,1.213333333333367,-0.1299999999999954,0.0218120805369128,609.0,610.0,609.0,609.0,2300.0
2025-03-21,609.0,609.0,608.0,608.0,583.6425170898438,900.0,603.7,603.68,600.52,594.6,68.42105263157895,602.4,1.240000000000009,-0.1649999999999636,0.0201342281879195,609.0,610.0,609.0,609.0,2300.0
2025-03-22,609.0,609.0,608.0,608.0,583.6425170898438,900.0,604.0,603.72,600.6666666666666,594.535,68.42105263157895,602.7,1.1599999999999682,-0.2100000000000363,0.0201342281879195,609.0,609.0,608.0,609.0,900.0
2025-03-23,609.0,609.0,608.0,608.0,583.6425170898438,900.0,604.35,603.92,600.84,594.485,68.42105263157895,603.0,1.1066666666666831,-0.2150000000000318,0.0218487394957982,609.0,609.0,608.0,609.0,900.0
2025-03-24,607.0,610.0,605.0,609.0,584.6024780273438,2600.0,604.75,604.12,600.96,594.455,73.68421052631578,603.32,0.9600000000000364,-0.2149999999999181,0.026981450252951,609.0,609.0,608.0,609.0,900.0
2025-03-25,606.0,609.0,606.0,608.0,583.6425170898438,2500.0,605.1,604.36,601.0933333333334,594.395,57.14285714285714,603.54,0.8266666666667106,-0.2450000000000045,0.0235690235690235,609.0,610.0,609.0,607.0,2600.0
2025-03-26,606.0,609.0,606.0,609.0,584.6024780273438,1900.0,605.55,604.64,601.2533333333333,594.34,81.81818181818181,603.78,0.7333333333333485,-0.2599999999999909,0.0252525252525253,609.0,609.0,608.0,606.0,2500.0
2025-03-27,609.0,609.0,605.0,607.0,582.6825561523438,1500.0,605.85,604.84,601.3866666666667,594.275,69.23076923076923,604.02,0.7200000000000273,-0.2599999999999909,0.0218855218855218,609.0,609.0,609.0,606.0,1900.0
2025-03-28,607.0,609.0,600.0,607.0,582.6825561523438,2100.0,606.15,605.08,601.52,594.18,55.55555555555556,604.14,0.67999999999995,-0.3050000000000636,0.0218855218855218,609.0,609.0,607.0,609.0,1500.0
2025-03-29,607.0,609.0,600.0,607.0,582.6825561523438,2100.0,606.45,605.32,601.6533333333333,594.105,55.55555555555556,604.26,0.6933333333332712,-0.3500000000000227,0.0049668874172186,609.0,609.0,607.0,607.0,2100.0
2025-03-30,607.0,609.0,600.0,607.0,582.6825561523438,2100.0,606.8,605.56,601.7733333333333,594.025,55.55555555555556,604.38,0.67999999999995,-0.3700000000000045,0.0033057851239668,609.0,609.0,607.0,607.0,2100.0
2025-03-31,604.0,604.0,601.0,602.0,577.8828735351562,1300.0,606.6,605.64,601.8533333333334,593.905,35.71428571428572,604.4,0.6000000000000227,-0.4350000000000591,0.0117647058823529,609.0,609.0,607.0,607.0,2100.0
2025-04-01,603.0,607.0,600.0,604.0,579.802734375,3200.0,606.7,605.76,601.92,593.81,43.75,604.64,0.533333333333303,-0.4650000000000318,0.0185497470489037,609.0,604.0,602.0,604.0,1300.0
2025-04-02,605.0,605.0,601.0,602.0,577.8828735351562,300.0,606.7,605.8,602.0,593.705,26.66666666666667,604.84,0.4800000000000182,-0.474999999999909,0.0151770657672849,609.0,607.0,604.0,603.0,3200.0
2025-04-03,604.0,604.0,592.0,594.0,570.203369140625,4700.0,606.1,605.52,601.9733333333334,593.56,17.391304347826093,604.78,0.32000000000005,-0.5450000000000728,0.0016863406408094,609.0,605.0,602.0,605.0,300.0
2025-04-04,593.0,605.0,590.0,605.0,580.7626953125,4700.0,606.05,605.72,602.0933333333334,593.47,45.45454545454545,604.94,0.32000000000005,-0.55499999999995,0.0134003350083751,609.0,604.0,594.0,604.0,4700.0
2025-04-05,593.0,605.0,590.0,605.0,580.7626953125,4700.0,606.0,605.68,602.2133333333334,593.315,45.45454545454545,604.9,0.3600000000000136,-0.5899999999999181,0.0134003350083751,609.0,605.0,605.0,593.0,4700.0
2025-04-06,593.0,605.0,590.0,605.0,580.7626953125,4700.0,605.95,605.8,602.3333333333334,593.185,45.45454545454545,604.86,0.4133333333334121,-0.625,0.0168067226890755,609.0,605.0,605.0,593.0,4700.0
2025-04-07,585.0,599.0,563.0,575.0,551.9645385742188,16700.0,604.4,604.72,602.0666666666667,592.905,22.58064516129032,604.22,0.0666666666667197,-0.8000000000000682,-0.0432612312811979,609.0,605.0,605.0,593.0,4700.0
2025-04-08,593.0,643.0,577.0,637.0,611.480712890625,117500.0,605.8,605.96,602.6533333333333,592.925,61.78861788617886,604.8,0.67999999999995,-0.6349999999999909,0.059900166389351,637.0,599.0,575.0,585.0,16700.0
2025-04-09,634.0,634.0,603.0,626.0,600.92138671875,28300.0,606.65,606.76,603.08,592.89,56.39097744360903,605.26,0.9866666666666788,-0.5800000000000409,0.0415973377703826,637.0,643.0,637.0,593.0,117500.0
2025-04-10,624.0,627.0,614.0,620.0,595.1618041992188,13000.0,607.25,607.32,603.4266666666666,592.825,54.74452554744525,605.5,1.213333333333253,-0.4900000000000091,0.0316139767054908,637.0,634.0,626.0,634.0,28300.0
2025-04-11,630.0,651.0,622.0,641.0,615.3204956054688,125200.0,608.9,608.72,604.0533333333333,592.865,60.75949367088607,606.2,1.7199999999999136,-0.3199999999999363,0.0827702702702701,641.0,627.0,620.0,624.0,13000.0
2025-04-12,630.0,651.0,622.0,641.0,615.3204956054688,125200.0,610.55,610.12,604.68,592.91,60.75949367088607,606.86,2.6133333333332303,0.0049999999999954,0.0827702702702701,641.0,651.0,641.0,630.0,125200.0
2025-04-13,630.0,651.0,622.0,641.0,615.3204956054688,125200.0,612.15,611.4,605.1733333333333,593.02,60.75949367088607,607.52,2.519999999999982,0.0950000000000272,0.0737018425460636,641.0,651.0,641.0,630.0,125200.0
2025-04-14,641.0,641.0,632.0,637.0,611.480712890625,32400.0,613.6,612.52,605.6,593.105,61.14649681528663,608.1,2.519999999999982,0.2150000000000318,0.067001675041876,641.0,651.0,641.0,630.0,125200.0
2025-04-15,637.0,639.0,621.0,627.0,601.88134765625,20300.0,614.5,613.28,606.0266666666666,593.265,56.96969696969697,608.48,2.6000000000000227,0.4399999999999409,0.0329489291598024,641.0,641.0,637.0,641.0,32400.0
2025-04-16,620.0,634.0,620.0,634.0,608.6008911132812,11400.0,615.85,614.32,606.5733333333334,593.46,59.41176470588236,609.02,2.5200000000000955,0.5950000000000273,0.044481054365733,641.0,639.0,627.0,637.0,20300.0
2025-04-17,636.0,636.0,629.0,630.0,604.7611694335938,11000.0,617.0,615.2,607.0666666666667,593.635,60.8433734939759,609.56,2.3866666666667697,0.7250000000000227,0.0378912685337726,641.0,634.0,634.0,620.0,11400.0
2025-04-18,631.0,639.0,631.0,636.0,610.5208129882812,8800.0,618.45,616.28,607.64,593.825,59.62732919254658,610.2,2.466666666666697,0.8050000000000637,0.0460526315789473,641.0,636.0,630.0,636.0,11000.0
2025-04-19,631.0,639.0,631.0,636.0,610.5208129882812,8800.0,619.9,617.4,608.16,594.035,59.62732919254658,610.88,2.559999999999945,0.92999999999995,0.054726368159204,641.0,639.0,636.0,631.0,8800.0
2025-04-20,631.0,639.0,631.0,636.0,610.5208129882812,8800.0,621.6,618.48,608.68,594.255,59.62732919254658,611.56,2.653333333333308,0.9900000000000092,0.0460526315789473,641.0,639.0,636.0,631.0,8800.0
2025-04-21,639.0,713.0,620.0,630.0,604.7611694335938,1265400.0,622.9,619.4,609.1466666666666,594.455,70.07299270072993,612.12,2.573333333333266,0.9950000000000044,0.0396039603960396,641.0,639.0,636.0,631.0,8800.0
2025-04-22,640.0,650.0,635.0,638.0,612.440673828125,44700.0,624.7,620.64,609.64,594.695,50.60240963855422,612.86,2.573333333333266,1.0600000000000591,0.0493421052631579,641.0,713.0,630.0,639.0,1265400.0
2025-04-23,637.0,638.0,630.0,634.0,608.6008911132812,13100.0,626.7,621.72,610.08,594.915,55.26315789473684,613.52,2.4400000000000546,1.089999999999918,0.0427631578947369,641.0,650.0,638.0,640.0,44700.0
2025-04-24,640.0,645.0,632.0,634.0,608.6008911132812,12300.0,628.15,622.8,610.52,595.135,60.0,614.18,2.3600000000000136,1.1000000000000227,0.0427631578947369,641.0,638.0,634.0,637.0,13100.0
2025-04-25,638.0,638.0,625.0,633.0,607.6409912109375,13200.0,629.55,624.04,610.9466666666667,595.35,41.99999999999999,614.84,2.266666666666765,1.0950000000000273,0.0411184210526316,641.0,645.0,634.0,640.0,12300.0
2025-04-26,638.0,638.0,625.0,633.0,607.6409912109375,13200.0,630.95,625.2,611.4933333333333,595.57,41.99999999999999,615.48,2.3466666666666924,1.115000000000009,0.0428336079077429,641.0,638.0,633.0,638.0,13200.0
2025-04-27,638.0,638.0,625.0,633.0,607.6409912109375,13200.0,633.85,626.44,612.04,595.78,41.99999999999999,616.12,2.3999999999999773,1.0849999999999227,0.0497512437810945,641.0,638.0,633.0,638.0,13200.0
2025-04-28,633.0,633.0,621.0,621.0,596.1217041015625,24900.0,633.05,627.52,612.36,595.91,36.206896551724135,616.52,2.2799999999999727,0.9950000000000044,0.0281456953642385,641.0,638.0,633.0,638.0,13200.0
2025-04-29,633.0,633.0,621.0,621.0,596.1217041015625,24900.0,632.8,628.16,612.68,596.06,43.75,616.94,2.159999999999968,0.9249999999999544,0.0315614617940198,641.0,633.0,621.0,633.0,24900.0
2025-04-30,625.0,625.0,618.0,618.0,593.2418823242188,14200.0,632.7,628.68,612.8266666666667,596.195,31.818181818181827,617.18,1.879999999999996,0.8450000000000273,0.0265780730897009,641.0,633.0,621.0,633.0,24900.0
2025-05-01,621.0,626.0,620.0,626.0,600.92138671875,9300.0,631.95,629.52,613.08,596.37,45.833333333333336,617.66,1.5866666666667015,0.7999999999999545,0.0398671096345515,641.0,625.0,618.0,625.0,14200.0
2025-05-02,623.0,623.0,615.0,616.0,591.322021484375,9800.0,630.7,631.16,613.2,596.495,30.769230769230774,617.94,1.160000000000082,0.7150000000000318,0.0249584026622295,641.0,626.0,626.0,621.0,9300.0
2025-05-03,623.0,623.0,615.0,616.0,591.322021484375,9800.0,629.45,630.32,613.3066666666666,596.62,30.769230769230774,618.14,0.9466666666666016,0.7100000000000364,0.0249584026622295,638.0,623.0,616.0,623.0,9800.0
2025-05-04,623.0,623.0,615.0,616.0,591.322021484375,9800.0,628.4,629.92,613.48,596.745,30.769230769230774,618.34,0.8000000000000682,0.6850000000000591,0.0249584026622295,638.0,623.0,616.0,623.0,9800.0
2025-05-05,623.0,623.0,615.0,616.0,591.322021484375,9800.0,627.85,629.76,613.5866666666667,596.88,34.78260869565217,618.54,0.7599999999999909,0.6849999999999454,0.0266666666666666,638.0,623.0,616.0,623.0,9800.0
2025-05-06,623.0,623.0,615.0,616.0,591.322021484375,9800.0,626.95,628.76,613.72,597.01,21.05263157894737,618.74,0.6399999999999864,0.6399999999999864,0.0249584026622295,638.0,623.0,616.0,623.0,9800.0
2025-05-07,613.0,622.0,613.0,622.0,597.0816650390625,3300.0,626.55,628.0,613.9066666666666,597.17,35.0,619.06,0.7066666666665924,0.6749999999999545,0.0349417637271214,638.0,623.0,616.0,623.0,9800.0
2025-05-08,624.0,629.0,622.0,629.0,603.8012084960938,5300.0,626.2,627.52,614.1866666666666,597.365,44.680851063829785,619.46,0.8799999999999955,0.7450000000000045,0.0465890183028285,638.0,622.0,622.0,613.0,3300.0
2025-05-09,628.0,629.0,621.0,625.0,599.9614868164062,4800.0,625.65,627.04,614.4133333333333,597.53,41.99999999999999,619.78,0.9333333333332804,0.7849999999999682,0.0416666666666667,638.0,629.0,629.0,624.0,5300.0
2025-05-10,628.0,629.0,621.0,625.0,599.9614868164062,4800.0,625.1,626.96,614.64,597.715,41.99999999999999,620.12,1.0533333333332848,0.8350000000000364,0.0313531353135314,638.0,629.0,625.0,628.0,4800.0
2025-05-11,628.0,629.0,621.0,625.0,599.9614868164062,4800.0,624.85,626.6,614.88,597.915,41.99999999999999,620.46,1.1599999999999682,0.9049999999999728,0.0382059800664451,638.0,629.0,625.0,628.0,4800.0
2025-05-12,620.0,625.0,620.0,621.0,596.1217041015625,11200.0,624.0,626.24,615.12,598.085,50.0,620.72,1.213333333333367,0.9150000000000772,0.0315614617940198,634.0,629.0,625.0,628.0,4800.0
2025-05-13,619.0,621.0,619.0,621.0,596.1217041015625,6000.0,623.35,625.64,615.3466666666667,598.275,50.0,620.96,1.160000000000082,0.9099999999999682,0.0247524752475247,634.0,625.0,621.0,620.0,11200.0
2025-05-14,621.0,622.0,617.0,620.0,595.1618041992188,2800.0,622.65,625.0,615.5866666666667,598.46,52.5,621.2,1.173333333333403,0.9300000000000636,0.023102310231023,633.0,621.0,621.0,619.0,6000.0
2025-05-15,623.0,626.0,617.0,625.0,599.9614868164062,20400.0,622.25,624.56,615.8933333333333,598.67,48.64864864864865,621.52,1.2533333333333303,0.9549999999999272,0.0313531353135314,633.0,622.0,620.0,621.0,2800.0
2025-05-16,616.0,628.0,615.0,621.0,596.1217041015625,20400.0,621.65,624.2,616.1466666666666,598.845,58.064516129032256,621.8,1.2666666666666515,0.9300000000000636,0.0247524752475247,633.0,626.0,625.0,623.0,20400.0
2025-05-17,616.0,628.0,615.0,621.0,596.1217041015625,20400.0,621.05,623.52,616.4133333333333,599.015,58.064516129032256,622.08,1.293333333333294,0.92999999999995,0.0247524752475247,629.0,628.0,621.0,616.0,20400.0
2025-05-18,616.0,628.0,615.0,621.0,596.1217041015625,20400.0,621.05,623.0,616.68,599.19,58.064516129032256,622.36,1.3333333333332575,0.9150000000000772,0.0197044334975369,629.0,628.0,621.0,616.0,20400.0
2025-05-19,626.0,626.0,618.0,619.0,594.2018432617188,7100.0,620.95,622.4,616.92,599.355,54.54545454545455,622.6,1.3333333333332575,0.8949999999999818,0.0164203612479474,629.0,628.0,621.0,616.0,20400.0
2025-05-20,620.0,621.0,616.0,616.0,591.322021484375,4200.0,620.85,621.72,617.1333333333333,599.51,50.0,622.88,1.240000000000009,0.8400000000000318,0.013157894736842,629.0,626.0,619.0,626.0,7100.0
2025-05-21,620.0,621.0,616.0,616.0,591.322021484375,7600.0,620.35,621.04,617.3333333333334,599.665,39.99999999999999,623.12,1.1866666666667245,0.8199999999999363,0.013157894736842,629.0,621.0,616.0,620.0,4200.0
2025-05-22,616.0,620.0,608.0,618.0,593.2418823242188,6700.0,620.45,620.44,617.56,599.83,28.0,623.44,1.146666666666647,0.8150000000000546,0.0164473684210526,629.0,621.0,616.0,620.0,7600.0
2025-05-23,620.0,621.0,615.0,620.0,595.1618041992188,1800.0,620.65,620.4,617.8133333333334,600.005,39.130434782608695,623.96,1.1333333333334394,0.8149999999999409,0.0180623973727422,629.0,620.0,618.0,616.0,6700.0
2025-05-24,620.0,621.0,615.0,620.0,595.1618041992188,1800.0,620.85,620.36,618.08,600.185,39.130434782608695,624.26,1.160000000000082,0.8299999999999272,0.019736842105263,629.0,621.0,620.0,620.0,1800.0
2025-05-25,620.0,621.0,615.0,620.0,595.1618041992188,1800.0,621.05,620.44,618.2666666666667,600.34,39.130434782608695,624.56,1.1333333333333258,0.8300000000000409,0.0180623973727422,629.0,621.0,620.0,620.0,1800.0
2025-05-26,622.0,625.0,621.0,621.0,596.1217041015625,4100.0,621.3,620.24,618.52,600.505,50.0,624.88,1.1866666666666106,0.8400000000000318,0.0230642504118616,629.0,621.0,620.0,620.0,1800.0
2025-05-27,619.0,628.0,619.0,625.0,599.9614868164062,5400.0,621.45,620.6,618.8266666666667,600.71,58.33333333333333,625.88,1.2666666666667652,0.8799999999999955,0.029654036243822,629.0,625.0,621.0,622.0,4100.0
2025-05-28,626.0,628.0,622.0,628.0,602.84130859375,2500.0,621.4,621.08,619.12,600.93,65.38461538461539,625.7,1.3066666666666151,0.9249999999999544,0.0345963756177924,628.0,628.0,625.0,619.0,5400.0
2025-05-29,628.0,630.0,626.0,626.0,600.92138671875,13300.0,621.45,621.48,619.3866666666667,601.14,52.17391304347826,625.7,1.3066666666666151,0.9550000000000408,0.0313014827018121,628.0,628.0,628.0,626.0,2500.0
2025-05-30,626.0,627.0,623.0,624.0,599.0015258789062,1300.0,621.4,621.8,619.6266666666667,601.335,57.14285714285714,625.78,1.3600000000000136,0.9950000000000044,0.0365448504983387,628.0,630.0,626.0,628.0,13300.0
2025-05-31,626.0,627.0,623.0,624.0,599.0015258789062,1300.0,621.35,622.12,619.8666666666667,601.545,57.14285714285714,625.44,1.3466666666666924,1.0399999999999636,0.0331125827814569,628.0,627.0,624.0,626.0,1300.0
2025-06-01,626.0,627.0,623.0,624.0,599.0015258789062,1300.0,621.5,622.2,620.1066666666667,601.765,57.14285714285714,625.1,1.2799999999999727,1.05499999999995,0.0365448504983387,628.0,627.0,624.0,626.0,1300.0
2025-06-02,626.0,626.0,623.0,624.0,599.0015258789062,2900.0,621.65,622.0,620.3066666666666,602.0,63.15789473684211,624.76,1.1866666666666106,1.07000000000005,0.0505050505050506,628.0,627.0,624.0,626.0,1300.0
2025-06-03,623.0,623.0,622.0,622.0,597.0816650390625,1100.0,621.75,621.88,620.48,602.215,66.66666666666666,624.46,1.093333333333362,1.0750000000000457,0.028099173553719,628.0,626.0,624.0,626.0,2900.0
2025-06-04,625.0,626.0,622.0,622.0,597.0816650390625,1300.0,621.6,621.76,620.6666666666666,602.43,66.66666666666666,624.36,1.0399999999999636,1.0949999999999136,0.028099173553719,628.0,623.0,622.0,623.0,1100.0
2025-06-05,622.0,625.0,622.0,622.0,597.0816650390625,1900.0,621.65,621.64,620.8533333333334,602.645,62.50000000000001,624.12,0.9866666666666788,1.1000000000000227,0.028099173553719,628.0,626.0,622.0,625.0,1300.0
2025-06-06,623.0,625.0,622.0,623.0,598.0415649414062,1500.0,621.75,621.72,621.0533333333333,602.885,60.0,623.98,0.9466666666666016,1.1200000000000043,0.0834782608695652,628.0,625.0,622.0,622.0,1900.0
2025-06-07,623.0,625.0,622.0,623.0,598.0415649414062,1500.0,621.85,621.8,621.24,603.14,60.0,623.72,0.933333333333394,1.1399999999999864,-0.021978021978022,628.0,625.0,623.0,623.0,1500.0
2025-06-08,623.0,625.0,622.0,623.0,598.0415649414062,1500.0,622.05,621.92,621.44,603.385,60.0,623.46,0.9600000000000364,1.169999999999959,-0.0047923322683706,628.0,625.0,623.0,623.0,1500.0
2025-06-09,624.0,625.0,622.0,622.0,597.0816650390625,900.0,622.35,621.8,621.6133333333333,603.62,53.33333333333333,623.18,0.9466666666667152,1.1900000000000546,0.0032258064516128,628.0,625.0,623.0,623.0,1500.0
2025-06-10,625.0,631.0,620.0,631.0,605.7210693359375,3000.0,623.1,622.2,621.9333333333333,603.89,65.0,623.2,1.0799999999999272,1.2450000000000043,-0.0156006240249609,631.0,625.0,622.0,624.0,900.0
2025-06-11,631.0,634.0,630.0,633.0,607.6409912109375,2100.0,623.85,622.68,622.28,604.17,63.15789473684211,623.1,1.226666666666688,1.2849999999999682,-0.0124804992199687,633.0,631.0,631.0,625.0,3000.0
2025-06-12,625.0,636.0,625.0,631.0,605.7210693359375,21100.0,624.4,623.08,622.6,604.44,63.15789473684211,623.04,1.3600000000000136,1.3000000000000682,-0.0156006240249609,633.0,634.0,633.0,631.0,2100.0
2025-06-13,636.0,636.0,626.0,630.0,604.7611694335938,4000.0,624.9,623.52,622.9066666666666,604.71,66.66666666666666,622.96,1.4666666666665833,1.3250000000000457,-0.0109890109890109,633.0,636.0,631.0,625.0,21100.0
2025-06-14,636.0,636.0,626.0,630.0,604.7611694335938,4000.0,625.4,624.08,623.28,604.98,66.66666666666666,622.9,1.6666666666666288,1.3600000000000136,0.0047846889952152,633.0,636.0,630.0,636.0,4000.0
2025-06-15,636.0,636.0,626.0,630.0,604.7611694335938,4000.0,625.85,624.64,623.6266666666667,605.26,66.66666666666666,622.84,1.6933333333333849,1.3700000000000043,-0.0063091482649841,633.0,636.0,630.0,636.0,4000.0
2025-06-16,630.0,632.0,622.0,623.0,598.0415649414062,4300.0,625.75,624.84,623.9066666666666,605.505,47.99999999999999,622.64,1.6266666666666652,1.3350000000000364,-0.011111111111111,633.0,636.0,630.0,636.0,4000.0
2025-06-17,627.0,633.0,627.0,629.0,603.8012084960938,1600.0,625.8,625.2,624.3733333333333,605.785,62.06896551724138,622.8,1.773333333333312,1.3449999999999136,-0.0110062893081761,633.0,632.0,623.0,630.0,4300.0
2025-06-18,629.0,636.0,629.0,630.0,604.7611694335938,3100.0,626.0,625.6,624.7066666666667,606.07,63.333333333333336,622.98,1.8000000000000682,1.3600000000000136,-0.0094339622641509,633.0,633.0,629.0,627.0,1600.0
2025-06-19,630.0,635.0,629.0,633.0,607.6409912109375,2100.0,626.45,626.12,625.08,606.37,66.66666666666666,623.28,1.8000000000000682,1.3899999999999864,-0.0047169811320755,633.0,636.0,630.0,629.0,3100.0
2025-06-20,628.0,632.0,622.0,624.0,599.0015258789062,10700.0,626.45,626.24,625.3333333333334,606.635,51.21951219512195,623.24,1.706666666666706,1.375,-0.0095238095238094,633.0,635.0,633.0,630.0,2100.0
2025-06-21,628.0,632.0,622.0,624.0,599.0015258789062,10700.0,626.45,626.2,625.9866666666667,606.89,51.21951219512195,623.4,2.080000000000041,1.384999999999991,-0.0219435736677116,633.0,632.0,624.0,628.0,10700.0
2025-06-22,628.0,632.0,622.0,624.0,599.0015258789062,10700.0,626.45,626.04,625.8133333333334,607.145,51.21951219512195,623.56,1.4400000000000546,1.3600000000000136,-0.0157728706624605,633.0,632.0,624.0,628.0,10700.0
2025-06-23,626.0,628.0,622.0,622.0,597.0816650390625,8800.0,626.45,625.88,625.76,607.39,50.0,623.68,1.0533333333332848,1.3199999999999363,-0.0189274447949526,633.0,632.0,624.0,628.0,10700.0
2025-06-24,623.0,628.0,622.0,627.0,601.88134765625,4600.0,626.7,626.0,625.8533333333334,607.665,44.73684210526315,623.9,0.7733333333333121,1.294999999999959,-0.0094786729857819,633.0,628.0,622.0,626.0,8800.0
2025-06-25,625.0,632.0,625.0,631.0,605.7210693359375,10600.0,627.15,626.28,625.72,607.96,47.5,624.2,0.386666666666656,1.3250000000000457,-0.0031595576619273,633.0,628.0,627.0,623.0,4600.0
2025-06-26,633.0,633.0,628.0,628.0,602.84130859375,1900.0,627.4,626.44,625.5466666666666,608.24,46.34146341463415,624.32,-0.4400000000000545,1.3500000000000227,-0.0078988941548183,633.0,632.0,631.0,625.0,10600.0
2025-06-27,628.0,645.0,624.0,632.0,606.6810302734375,21800.0,627.85,626.76,625.4266666666666,608.54,52.27272727272727,624.38,-0.3866666666667697,1.3949999999999818,0.0177133655394525,633.0,633.0,628.0,633.0,1900.0
2025-06-28,628.0,645.0,624.0,632.0,606.6810302734375,21800.0,628.3,627.16,625.36,608.835,52.27272727272727,624.52,-0.3999999999999772,1.44500000000005,0.0177133655394525,633.0,645.0,632.0,628.0,21800.0
2025-06-29,628.0,645.0,624.0,632.0,606.6810302734375,21800.0,628.8,627.56,625.4266666666666,609.12,52.27272727272727,624.66,-0.4266666666667333,1.455000000000041,0.0226537216828479,633.0,645.0,632.0,628.0,21800.0
2025-06-30,633.0,633.0,629.0,630.0,604.7611694335938,3600.0,628.75,627.88,625.3733333333333,609.395,58.97435897435897,624.76,-0.3466666666666924,1.4349999999999454,0.0063897763578275,633.0,645.0,632.0,628.0,21800.0
2025-07-01,630.0,632.0,630.0,632.0,606.6810302734375,5100.0,628.7,628.24,625.4,609.68,54.285714285714285,624.98,-0.1466666666666469,1.4399999999999409,0.0259740259740259,633.0,633.0,630.0,633.0,3600.0
2025-07-02,633.0,636.0,633.0,634.0,608.6008911132812,6600.0,628.85,628.68,625.3733333333333,609.975,55.55555555555556,625.24,-0.0533333333332848,1.4350000000000591,0.0292207792207792,634.0,632.0,632.0,630.0,5100.0
2025-07-03,634.0,635.0,625.0,635.0,609.5608520507812,7300.0,629.1,629.16,625.36,610.275,52.94117647058823,625.54,0.0,1.4399999999999409,0.0308441558441558,635.0,636.0,634.0,633.0,6600.0
2025-07-04,635.0,635.0,633.0,633.0,607.6409912109375,1000.0,629.25,629.6,625.32,610.56,66.66666666666666,625.7,-0.1066666666665696,1.4399999999999409,0.0275974025974026,635.0,635.0,635.0,634.0,7300.0
2025-07-05,635.0,635.0,633.0,633.0,607.6409912109375,1000.0,629.4,629.68,625.36,610.85,66.66666666666666,625.94,-0.0133333333333212,1.455000000000041,0.0275974025974026,635.0,635.0,633.0,635.0,1000.0
2025-07-06,635.0,635.0,633.0,633.0,607.6409912109375,1000.0,629.9,629.68,625.2933333333333,611.11,66.66666666666666,626.18,-0.1066666666666833,1.4300000000000637,0.017684887459807,635.0,635.0,633.0,635.0,1000.0
2025-07-07,632.0,634.0,632.0,634.0,608.6008911132812,600.0,630.15,629.8,625.2933333333333,611.395,73.07692307692308,626.44,-0.0800000000000409,1.419999999999959,0.0079491255961843,635.0,635.0,633.0,635.0,1000.0
2025-07-08,634.0,635.0,629.0,634.0,608.6008911132812,1900.0,630.35,629.96,625.2933333333333,611.685,66.66666666666666,626.74,-0.0666666666667197,1.4099999999999682,0.0143999999999999,635.0,634.0,634.0,632.0,600.0
2025-07-09,636.0,637.0,634.0,634.0,608.6008911132812,2200.0,630.4,630.12,625.3066666666666,611.975,58.82352941176471,627.1,-0.0133333333334348,1.4150000000000773,0.0143999999999999,635.0,635.0,634.0,634.0,1900.0
2025-07-10,638.0,639.0,635.0,635.0,609.5608520507812,3200.0,630.95,630.32,625.3333333333334,612.27,73.33333333333333,627.48,-0.0266666666666424,1.419999999999959,0.016,635.0,637.0,634.0,636.0,2200.0
2025-07-11,636.0,636.0,635.0,635.0,609.5608520507812,700.0,631.5,630.8,625.36,612.545,63.63636363636363,627.82,0.0666666666667197,1.4349999999999454,0.0225442834138487,635.0,639.0,635.0,638.0,3200.0
2025-07-12,636.0,636.0,635.0,635.0,609.5608520507812,700.0,632.05,631.04,625.5466666666666,612.8,63.63636363636363,628.12,0.2533333333333303,1.4049999999999727,0.0225442834138487,635.0,636.0,635.0,636.0,700.0
2025-07-13,636.0,636.0,635.0,635.0,609.5608520507812,700.0,632.7,631.24,625.7333333333333,613.075,63.63636363636363,628.42,0.4400000000000545,1.3900000000001,0.0241935483870967,635.0,636.0,635.0,636.0,700.0
2025-07-14,635.0,640.0,635.0,639.0,613.4005737304688,3700.0,633.3,631.48,626.0133333333333,613.35,84.61538461538461,628.8,0.7066666666667061,1.375,0.0223999999999999,639.0,636.0,635.0,636.0,700.0
2025-07-15,639.0,639.0,635.0,639.0,613.4005737304688,1300.0,633.7,632.08,626.1866666666666,613.615,81.81818181818181,629.16,0.8533333333332394,1.3450000000000273,0.0289855072463767,639.0,640.0,639.0,635.0,3700.0
2025-07-16,639.0,639.0,635.0,638.0,612.440673828125,1400.0,634.2,632.64,626.48,613.875,70.0,629.42,1.1200000000000043,1.330000000000041,0.0273752012882446,639.0,639.0,639.0,639.0,1300.0
2025-07-17,638.0,638.0,632.0,632.0,606.6810302734375,1400.0,634.2,632.96,626.6933333333334,614.105,39.99999999999999,629.5,1.1466666666667606,1.3050000000000637,0.0177133655394525,639.0,639.0,638.0,639.0,1400.0
2025-07-18,636.0,636.0,633.0,635.0,609.5608520507812,1300.0,634.35,633.48,626.9466666666667,614.335,56.25,629.68,1.213333333333367,1.259999999999991,0.0258481421647818,639.0,638.0,632.0,638.0,1400.0
2025-07-19,636.0,636.0,633.0,635.0,609.5608520507812,1300.0,634.5,633.8,627.2,614.565,56.25,629.9,1.1866666666667245,1.2150000000000318,0.0308441558441558,639.0,636.0,635.0,636.0,1300.0
2025-07-20,636.0,636.0,633.0,635.0,609.5608520507812,1300.0,634.75,633.96,627.4533333333334,614.795,56.25,630.12,1.2666666666667652,1.17999999999995,0.0308441558441558,639.0,636.0,635.0,636.0,1300.0
2025-07-21,636.0,636.0,633.0,635.0,609.5608520507812,1300.0,634.9,634.24,627.6266666666667,615.025,53.33333333333333,630.34,1.146666666666647,1.1499999999999773,0.0275080906148867,639.0,636.0,635.0,636.0,1300.0
2025-07-22,632.0,640.0,630.0,632.0,606.6810302734375,3300.0,634.8,634.24,627.6666666666666,615.24,44.44444444444444,630.5,0.973333333333244,1.134999999999991,0.0193548387096773,639.0,636.0,635.0,636.0,1300.0
2025-07-23,631.0,634.0,630.0,632.0,606.6810302734375,2000.0,634.65,634.24,627.76,615.455,44.44444444444444,630.7,0.8133333333332757,1.1200000000000043,0.0193548387096773,639.0,640.0,632.0,632.0,3300.0
2025-07-24,633.0,639.0,632.0,632.0,606.6810302734375,2700.0,634.6,634.24,627.8533333333334,615.67,41.17647058823529,630.9,0.6533333333333076,1.1049999999999045,0.0193548387096773,639.0,634.0,632.0,631.0,2000.0
2025-07-25,634.0,640.0,632.0,640.0,614.3605346679688,5700.0,634.95,634.64,628.0533333333333,615.885,60.0,631.26,0.599999999999909,1.0900000000000318,0.0305958132045087,640.0,639.0,632.0,633.0,2700.0
2025-07-26,634.0,640.0,632.0,640.0,614.3605346679688,5700.0,635.3,634.96,628.3066666666666,616.11,60.0,631.6,0.67999999999995,1.0850000000000364,0.024,640.0,640.0,640.0,634.0,5700.0
2025-07-27,634.0,640.0,632.0,640.0,614.3605346679688,5700.0,635.6,635.2,628.56,616.31,60.0,631.94,0.8933333333333167,1.0699999999999363,0.019108280254777,640.0,640.0,640.0,634.0,5700.0
2025-07-28,640.0,640.0,637.0,637.0,611.480712890625,2000.0,635.75,635.28,628.7866666666666,616.505,45.833333333333336,632.22,1.0266666666666424,1.0499999999999543,0.0175718849840256,640.0,640.0,640.0,634.0,5700.0
2025-07-29,637.0,639.0,636.0,639.0,613.4005737304688,4000.0,636.0,635.52,628.9733333333334,616.715,50.0,632.56,1.1200000000000043,1.0450000000000728,0.0240384615384614,640.0,640.0,637.0,640.0,2000.0
2025-07-30,639.0,640.0,639.0,639.0,613.4005737304688,2100.0,636.2,635.76,629.2133333333334,616.925,52.0,632.72,1.160000000000082,1.0399999999999636,0.0240384615384614,640.0,639.0,639.0,637.0,4000.0
2025-07-31,639.0,640.0,639.0,640.0,614.3605346679688,2000.0,636.45,636.04,629.4666666666667,617.14,70.0,632.86,1.160000000000082,1.0299999999999727,0.0256410256410255,640.0,640.0,639.0,639.0,2100.0
2025-08-01,640.0,641.0,638.0,641.0,615.3204956054688,1900.0,636.75,636.32,629.7333333333333,617.36,66.66666666666666,633.06,1.173333333333403,1.0500000000000682,0.0272435897435896,641.0,640.0,640.0,639.0,2000.0
2025-08-02,640.0,641.0,638.0,641.0,615.3204956054688,1900.0,637.05,636.6,630.0266666666666,617.575,66.66666666666666,633.28,1.240000000000009,1.07000000000005,0.0305466237942122,641.0,641.0,641.0,640.0,1900.0
2025-08-03,640.0,641.0,638.0,641.0,615.3204956054688,1900.0,637.15,636.88,630.36,617.8,66.66666666666666,633.5,1.386666666666656,1.0849999999999227,0.0305466237942122,641.0,641.0,641.0,640.0,1900.0
2025-08-04,642.0,642.0,640.0,642.0,616.2803955078125,2300.0,637.3,637.16,630.7066666666667,618.015,68.42105263157895,633.74,1.4933333333333394,1.0900000000000318,0.0321543408360127,642.0,641.0,641.0,640.0,1900.0
2025-08-05,642.0,642.0,640.0,641.0,615.3204956054688,7100.0,637.45,637.4,631.0133333333333,618.24,76.47058823529412,634.1,1.5466666666666242,1.1000000000000227,0.028892455858748,642.0,642.0,642.0,642.0,2300.0
2025-08-06,642.0,642.0,639.0,640.0,614.3605346679688,2800.0,637.85,637.6,631.28,618.46,72.22222222222223,634.32,1.5466666666666242,1.1000000000000227,0.0272873194221507,642.0,642.0,641.0,642.0,7100.0
2025-08-07,644.0,644.0,641.0,642.0,616.2803955078125,2300.0,638.2,637.88,631.5733333333334,618.69,75.0,634.56,1.546666666666738,1.115000000000009,0.0304975922953452,642.0,642.0,640.0,642.0,2800.0
2025-08-08,644.0,648.0,635.0,642.0,616.2803955078125,13900.0,638.55,638.0,631.8666666666667,618.92,58.33333333333333,634.74,1.5066666666666606,1.1200000000000043,0.0321543408360127,642.0,644.0,642.0,644.0,2300.0
2025-08-09,644.0,648.0,635.0,642.0,616.2803955078125,13900.0,638.9,638.12,632.1466666666666,619.15,58.33333333333333,635.1,1.4399999999999409,1.134999999999991,0.0174326465927099,642.0,648.0,642.0,644.0,13900.0
2025-08-10,644.0,648.0,635.0,642.0,616.2803955078125,13900.0,639.25,638.28,632.3733333333333,619.385,58.33333333333333,635.46,1.3600000000000136,1.1449999999999818,0.014218009478673,642.0,648.0,642.0,644.0,13900.0
2025-08-11,644.0,648.0,635.0,642.0,616.2803955078125,13900.0,639.75,638.68,632.56,619.63,77.77777777777777,635.82,1.2799999999999727,1.169999999999959,0.0174326465927099,642.0,648.0,642.0,644.0,13900.0
2025-08-12,638.0,643.0,636.0,640.0,614.3605346679688,11600.0,640.15,638.88,632.7466666666667,619.86,55.55555555555556,636.18,1.1733333333332894,1.169999999999959,0.0158730158730158,642.0,648.0,642.0,644.0,13900.0
2025-08-13,640.0,647.0,640.0,645.0,619.1602172851562,4900.0,640.8,639.28,633.0266666666666,620.115,71.42857142857143,636.54,1.1599999999999682,1.19500000000005,0.0238095238095237,645.0,643.0,640.0,638.0,11600.0
2025-08-14,647.0,652.0,636.0,642.0,616.2803955078125,35000.0,640.9,639.56,633.2666666666667,620.355,56.25,636.76,1.1200000000000043,1.205000000000041,0.0190476190476189,645.0,647.0,645.0,640.0,4900.0
2025-08-15,636.0,642.0,635.0,641.0,615.3204956054688,11700.0,640.95,639.8,633.4933333333333,620.59,50.0,637.02,1.1200000000000043,1.205000000000041,0.028892455858748,645.0,652.0,642.0,647.0,35000.0
2025-08-16,636.0,642.0,635.0,641.0,615.3204956054688,11700.0,641.0,640.16,633.72,620.775,50.0,637.2,1.160000000000082,1.1449999999999818,0.0190779014308426,645.0,642.0,641.0,636.0,11700.0
2025-08-17,636.0,642.0,635.0,641.0,615.3204956054688,11700.0,641.2,640.52,633.9733333333334,620.955,50.0,637.38,1.226666666666688,1.0950000000000273,0.0174603174603174,645.0,642.0,641.0,636.0,11700.0
2025-08-18,641.0,647.0,641.0,643.0,617.2403564453125,4300.0,641.4,640.96,634.2533333333333,621.195,52.94117647058823,637.6,1.226666666666688,1.080000000000041,0.0157977883096367,645.0,642.0,641.0,636.0,11700.0
2025-08-19,642.0,647.0,637.0,644.0,618.2003173828125,7700.0,641.65,641.12,634.5466666666666,621.45,58.82352941176471,637.88,1.2799999999999727,1.0950000000000273,0.0320512820512821,645.0,647.0,643.0,641.0,4300.0
2025-08-20,645.0,648.0,643.0,644.0,618.2003173828125,21400.0,641.85,641.28,634.8266666666667,621.705,62.50000000000001,638.12,1.3333333333333712,1.115000000000009,0.0320512820512821,645.0,647.0,644.0,642.0,7700.0
2025-08-21,646.0,646.0,644.0,644.0,618.2003173828125,1600.0,642.0,641.44,635.1066666666667,621.96,57.14285714285714,638.32,1.386666666666656,1.1850000000000591,0.0320512820512821,645.0,648.0,644.0,645.0,21400.0
2025-08-22,643.0,649.0,643.0,648.0,622.0400390625,8300.0,642.35,641.88,635.44,622.215,66.66666666666666,638.58,1.466666666666697,1.259999999999991,0.0418006430868167,648.0,646.0,644.0,646.0,1600.0
2025-08-23,643.0,649.0,643.0,648.0,622.0400390625,8300.0,642.7,642.24,635.7866666666666,622.47,66.66666666666666,638.88,1.533333333333303,1.2749999999999773,0.0334928229665072,648.0,649.0,648.0,643.0,8300.0
2025-08-24,643.0,649.0,643.0,648.0,622.0400390625,8300.0,643.0,642.6,636.0133333333333,622.735,66.66666666666666,639.18,1.466666666666697,1.2849999999999682,0.0269413629160062,648.0,649.0,648.0,643.0,8300.0
2025-08-25,650.0,653.0,648.0,649.0,623.0,10200.0,643.4,642.96,636.2266666666667,622.975,68.42105263157895,639.5,1.3999999999999773,1.2699999999999818,0.0334394904458599,649.0,649.0,648.0,643.0,8300.0
2025-08-26,650.0,652.0,647.0,651.0,624.9198608398438,2900.0,643.95,643.36,636.4933333333333,623.225,78.94736842105263,639.84,1.386666666666656,1.2649999999999864,0.0300632911392404,651.0,653.0,649.0,650.0,10200.0
2025-08-27,651.0,653.0,648.0,653.0,626.8397216796875,7400.0,644.5,643.84,636.8,623.485,75.0,640.22,1.3599999999999,1.2699999999999818,0.0332278481012657,653.0,652.0,651.0,650.0,2900.0
2025-08-28,654.0,655.0,651.0,655.0,628.7596435546875,10800.0,645.15,644.4,637.1333333333333,623.755,93.33333333333331,640.64,1.3466666666666924,1.2849999999999682,0.0363924050632911,655.0,653.0,653.0,651.0,7400.0
2025-08-29,654.0,662.0,654.0,656.0,629.7195434570312,13200.0,645.85,644.96,637.48,624.075,100.0,641.06,1.466666666666697,1.3400000000000318,0.0412698412698413,656.0,655.0,655.0,654.0,10800.0
2025-08-30,654.0,662.0,654.0,656.0,629.7195434570312,13200.0,646.55,645.56,637.92,624.395,100.0,641.48,1.6933333333332712,1.419999999999959,0.0379746835443037,656.0,662.0,656.0,654.0,13200.0
2025-08-31,654.0,662.0,654.0,656.0,629.7195434570312,13200.0,647.25,646.2,638.28,624.69,100.0,641.9,1.786666666666633,1.4650000000000318,0.0347003154574132,656.0,662.0,656.0,654.0,13200.0
2025-09-01,659.0,659.0,657.0,658.0,631.639404296875,2000.0,648.15,646.84,638.6533333333333,624.995,100.0,642.36,1.853333333333353,1.509999999999991,0.0362204724409449,658.0,662.0,656.0,654.0,13200.0
2025-09-02,659.0,670.0,658.0,666.0,639.3189697265625,13300.0,649.2,647.8,639.0933333333334,625.29,100.0,642.9,1.9600000000000364,1.5349999999999682,0.0521327014218009,666.0,659.0,658.0,659.0,2000.0
2025-09-03,669.0,669.0,662.0,668.0,641.2388305664062,4700.0,650.5,648.84,639.68,625.595,100.0,643.48,2.199999999999932,1.5199999999999818,0.0552922590837283,668.0,670.0,666.0,659.0,13300.0
2025-09-04,668.0,669.0,667.0,667.0,640.2788696289062,4200.0,651.8,649.84,640.2533333333333,625.895,96.0,644.06,2.3333333333333712,1.5,0.0537124802527646,668.0,669.0,668.0,669.0,4700.0
2025-09-05,667.0,670.0,664.0,670.0,643.15869140625,10600.0,653.25,650.96,640.8666666666667,626.205,95.83333333333331,644.82,2.586666666666701,1.5149999999999864,0.0567823343848581,670.0,669.0,667.0,668.0,4200.0
2025-09-06,667.0,670.0,664.0,670.0,643.15869140625,10600.0,654.7,652.16,641.5066666666667,626.54,95.83333333333331,645.52,2.853333333333353,1.544999999999959,0.0567823343848581,670.0,670.0,670.0,667.0,10600.0
2025-09-07,667.0,670.0,664.0,670.0,643.15869140625,10600.0,656.05,653.16,642.08,626.85,95.83333333333331,646.22,2.986666666666679,1.5600000000000591,0.0567823343848581,670.0,670.0,670.0,667.0,10600.0
2025-09-08,669.0,675.0,666.0,675.0,647.9583740234375,19500.0,657.6,654.48,642.6666666666666,627.195,96.42857142857144,647.02,2.986666666666679,1.6000000000000227,0.062992125984252,675.0,670.0,670.0,667.0,10600.0
2025-09-09,670.0,676.0,667.0,676.0,648.9183349609375,8200.0,659.2,655.88,643.3066666666666,627.535,96.29629629629628,647.84,3.053333333333285,1.6399999999999864,0.0645669291338582,676.0,675.0,675.0,669.0,19500.0
2025-09-10,676.0,676.0,672.0,673.0,646.0385131835938,5000.0,660.65,657.16,643.8533333333334,627.86,85.71428571428571,648.66,2.986666666666679,1.6549999999999727,0.0598425196850394,676.0,676.0,676.0,670.0,8200.0
2025-09-11,673.0,673.0,665.0,665.0,638.3590087890625,9600.0,661.5,658.12,644.2933333333333,628.145,64.70588235294119,649.32,2.7866666666666333,1.6050000000000182,0.0472440944881888,676.0,676.0,673.0,676.0,5000.0
2025-09-12,661.0,663.0,654.0,656.0,629.7195434570312,10300.0,661.9,658.64,644.6133333333333,628.385,50.0,649.8,2.533333333333303,1.5349999999999682,0.0266040688575899,676.0,673.0,665.0,673.0,9600.0
2025-09-13,661.0,663.0,654.0,656.0,629.7195434570312,10300.0,662.3,659.12,644.96,628.63,50.0,650.12,2.293333333333408,1.4349999999999454,0.0266040688575899,676.0,663.0,656.0,661.0,10300.0
2025-09-14,661.0,663.0,654.0,656.0,629.7195434570312,10300.0,662.65,659.6,645.28,628.895,50.0,650.44,1.9733333333333576,1.3600000000000136,0.0282131661442006,676.0,663.0,656.0,661.0,10300.0
2025-09-15,661.0,663.0,654.0,656.0,629.7195434570312,10300.0,662.9,660.08,645.5733333333334,629.155,47.5,650.76,1.7200000000000273,1.294999999999959,0.0379746835443037,676.0,663.0,656.0,661.0,10300.0
2025-09-16,662.0,663.0,640.0,657.0,630.6795043945312,16200.0,663.1,660.44,645.8666666666667,629.43,36.36363636363636,651.16,1.5733333333333803,1.2849999999999682,0.0346456692913386,676.0,663.0,656.0,661.0,10300.0
2025-09-17,658.0,658.0,640.0,644.0,618.2003173828125,26100.0,662.55,660.28,646.0133333333333,629.64,22.727272727272734,651.26,1.3999999999999773,1.2549999999999957,0.0141732283464566,676.0,663.0,657.0,662.0,16200.0
2025-09-18,644.0,652.0,640.0,651.0,624.9198608398438,7500.0,662.3,660.4,646.2533333333333,629.885,34.0,651.5,1.293333333333294,1.2549999999999957,0.0251968503937007,676.0,658.0,644.0,658.0,26100.0
2025-09-19,651.0,659.0,651.0,654.0,627.7996826171875,10700.0,662.2,660.6,646.5333333333333,630.15,34.0,651.78,1.2533333333333303,1.2549999999999957,0.0299212598425195,676.0,652.0,651.0,644.0,7500.0
2025-09-20,651.0,659.0,651.0,654.0,627.7996826171875,10700.0,662.1,660.72,646.8,630.415,34.0,652.04,1.2266666666665742,1.259999999999991,0.0348101265822784,676.0,659.0,654.0,651.0,10700.0
2025-09-21,651.0,659.0,651.0,654.0,627.7996826171875,10700.0,661.9,660.76,647.0666666666667,630.68,34.0,652.3,1.2000000000000457,1.25,0.0348101265822784,676.0,659.0,654.0,651.0,10700.0
2025-09-22,659.0,659.0,655.0,658.0,631.639404296875,6400.0,661.5,660.88,647.3866666666667,630.97,32.65306122448979,652.64,1.3733333333333348,1.330000000000041,0.0411392405063291,676.0,659.0,654.0,651.0,10700.0
2025-09-23,659.0,659.0,655.0,658.0,631.639404296875,6400.0,661.0,660.96,647.6933333333334,631.255,31.25,652.96,1.4400000000000546,1.3700000000000043,0.0281249999999999,676.0,659.0,658.0,659.0,6400.0
2025-09-24,659.0,659.0,655.0,658.0,631.639404296875,10100.0,660.55,661.04,648.0,631.54,33.33333333333333,653.3,1.466666666666697,1.3899999999999864,0.0281249999999999,676.0,659.0,658.0,659.0,6400.0
2025-09-25,655.0,658.0,651.0,651.0,624.9198608398438,11200.0,659.6,660.84,648.2133333333334,631.79,34.09090909090909,653.52,1.4133333333334122,1.375,0.0171874999999999,676.0,659.0,658.0,659.0,10100.0
2025-09-26,650.0,654.0,648.0,649.0,623.0,19000.0,658.55,660.48,648.4,632.035,40.54054054054053,653.66,1.3333333333332575,1.3550000000000182,0.0188383045525901,676.0,658.0,651.0,655.0,11200.0
2025-09-27,650.0,654.0,648.0,649.0,623.0,19000.0,657.5,659.8,648.5333333333333,632.25,40.54054054054053,653.8,1.146666666666647,1.2799999999999727,0.0156494522691705,676.0,654.0,649.0,650.0,19000.0
2025-09-28,650.0,654.0,648.0,649.0,623.0,19000.0,656.2,659.04,648.6666666666666,632.485,40.54054054054053,653.94,0.973333333333244,1.2300000000000182,0.0156494522691705,676.0,654.0,649.0,650.0,19000.0
2025-09-29,624.0,624.0,601.0,609.0,609.0,33900.0,652.85,656.72,648.28,632.52,19.48051948051948,653.28,0.2799999999999727,0.9800000000000182,-0.0484375,673.0,654.0,649.0,650.0,19000.0
2025-09-30,610.0,612.0,608.0,610.0,610.0,4200.0,649.7,654.32,647.9866666666667,632.54,19.48051948051948,652.64,-0.2266666666666879,0.75,-0.0483619344773791,665.0,624.0,609.0,624.0,33900.0
2025-10-01,610.0,610.0,600.0,600.0,600.0,10000.0,646.45,651.52,647.52,632.51,20.27027027027028,651.84,-0.8799999999999955,0.4750000000000227,-0.0639625585023401,658.0,612.0,610.0,610.0,4200.0
2025-10-02,600.0,604.0,600.0,601.0,601.0,17400.0,643.7,648.76,647.0666666666667,632.485,13.235294117647058,650.96,-1.4666666666665833,0.2350000000000136,-0.0624024960998439,658.0,610.0,600.0,610.0,10000.0
2025-10-03,603.0,607.0,602.0,603.0,603.0,4100.0,641.05,645.88,646.64,632.47,11.9402985074627,650.18,-2.0266666666666424,-0.0149999999999863,-0.0607476635514018,658.0,604.0,601.0,600.0,17400.0
2025-10-04,603.0,607.0,602.0,603.0,603.0,4100.0,638.4,642.96,646.2133333333334,632.455,11.9402985074627,649.42,-2.066666666666606,-0.0649999999999408,-0.0592823712948518,658.0,607.0,603.0,603.0,4100.0
2025-10-05,603.0,607.0,602.0,603.0,603.0,4100.0,635.75,640.16,645.8266666666667,632.425,11.9402985074627,648.66,-2.159999999999968,-0.1150000000000091,-0.0578125,658.0,607.0,603.0,603.0,4100.0
2025-10-06,604.0,606.0,600.0,603.0,603.0,11000.0,633.05,637.68,645.44,632.395,6.349206349206355,647.9,-2.0799999999999272,-0.1150000000000091,-0.0607476635514018,658.0,607.0,603.0,603.0,4100.0
2025-10-07,607.0,607.0,602.0,606.0,606.0,7400.0,631.15,635.68,645.0933333333334,632.385,10.606060606060597,647.16,-1.9733333333333576,-0.1000000000000227,-0.0560747663551401,658.0,606.0,603.0,604.0,11000.0
2025-10-08,606.0,611.0,598.0,598.0,598.0,45800.0,628.5,633.36,644.5333333333333,632.335,9.459459459459469,646.24,-2.106666666666684,-0.1349999999999909,-0.0685358255451713,658.0,607.0,606.0,607.0,7400.0
2025-10-09,598.0,600.0,595.0,595.0,595.0,11700.0,625.55,630.92,643.9333333333333,632.27,10.0,645.26,-2.2800000000000864,-0.1850000000000591,-0.0732087227414329,658.0,611.0,598.0,606.0,45800.0
2025-10-10,595.0,595.0,576.0,579.0,579.0,29100.0,621.8,627.84,643.12,632.12,8.333333333333329,643.96,-2.706666666666706,-0.30499999999995,-0.0981308411214952,658.0,600.0,595.0,598.0,11700.0
2025-10-11,595.0,595.0,576.0,579.0,579.0,29100.0,618.05,624.72,642.3466666666667,631.975,8.333333333333329,642.58,-3.093333333333362,-0.4199999999999591,-0.0953125,658.0,595.0,579.0,595.0,29100.0
2025-10-12,595.0,595.0,576.0,579.0,579.0,29100.0,614.1,622.12,641.5466666666666,631.825,8.333333333333329,641.2,-3.546666666666738,-0.5599999999999454,-0.1023255813953488,658.0,595.0,579.0,595.0,29100.0
2025-10-13,595.0,595.0,576.0,579.0,579.0,29100.0,610.15,619.24,640.7466666666667,631.685,15.90909090909092,639.82,-3.786666666666633,-0.650000000000091,-0.0981308411214952,658.0,595.0,579.0,595.0,29100.0
2025-10-14,576.0,594.0,576.0,584.0,584.0,6600.0,606.45,616.44,640.0,631.57,22.91666666666667,638.52,-3.93333333333328,-0.6999999999999318,-0.0889235569422777,651.0,595.0,579.0,595.0,29100.0
2025-10-15,585.0,587.0,580.0,580.0,580.0,2200.0,602.9,613.48,639.1866666666666,631.435,26.19047619047619,637.1,-3.933333333333394,-0.6850000000000591,-0.095163806552262,649.0,594.0,584.0,576.0,6600.0
2025-10-16,581.0,587.0,581.0,587.0,587.0,2500.0,599.8,610.8,638.4666666666667,631.335,35.41666666666667,635.78,-3.879999999999996,-0.6399999999999864,-0.0842433697347894,649.0,587.0,580.0,585.0,2200.0
2025-10-17,587.0,593.0,584.0,593.0,593.0,2100.0,597.0,608.2,637.8266666666667,631.29,40.38461538461538,634.54,-3.7199999999999136,-0.5350000000000819,-0.077760497667185,649.0,587.0,587.0,581.0,2500.0
2025-10-18,587.0,593.0,584.0,593.0,593.0,2100.0,594.2,605.6,637.1733333333333,631.235,40.38461538461538,633.28,-3.5733333333333803,-0.4499999999999318,-0.0791925465838508,610.0,593.0,593.0,587.0,2100.0
2025-10-19,587.0,593.0,584.0,593.0,593.0,2100.0,593.4,603.0,636.5333333333333,631.19,40.38461538461538,632.02,-3.466666666666697,-0.3799999999999954,-0.0791925465838508,610.0,593.0,593.0,587.0,2100.0
2025-10-20,590.0,590.0,585.0,588.0,588.0,8900.0,592.3,600.48,635.84,631.16,36.84210526315789,630.66,-3.3466666666665787,-0.2749999999999772,-0.0869565217391304,606.0,593.0,593.0,587.0,2100.0
2025-10-21,589.0,594.0,587.0,587.0,587.0,7600.0,591.65,598.0,635.1066666666667,631.07,32.72727272727272,629.24,-3.3600000000000136,-0.2649999999999863,-0.0941358024691357,606.0,590.0,588.0,590.0,8900.0
2025-10-22,590.0,596.0,588.0,594.0,594.0,8100.0,591.3,595.8,634.4666666666667,631.015,46.2962962962963,627.8,-3.3600000000000136,-0.2749999999999772,-0.0833333333333333,606.0,594.0,587.0,589.0,7600.0
2025-10-23,595.0,607.0,595.0,603.0,603.0,7600.0,591.3,593.96,633.9466666666667,631.005,56.66666666666666,626.5,-3.226666666666574,-0.2300000000000182,-0.0694444444444444,606.0,596.0,594.0,590.0,8100.0
2025-10-24,607.0,608.0,599.0,601.0,601.0,12900.0,591.2,593.64,633.4,631.135,73.91304347826087,625.18,-3.1333333333333258,-0.0550000000000636,-0.0739599383667179,606.0,607.0,603.0,595.0,7600.0
2025-10-25,607.0,608.0,599.0,601.0,601.0,12900.0,591.1,593.28,632.8533333333334,630.955,73.91304347826087,623.8,-2.986666666666679,-0.2049999999999272,-0.0768049155145929,606.0,608.0,601.0,607.0,12900.0
2025-10-26,607.0,608.0,599.0,601.0,601.0,12900.0,591.0,593.32,632.3333333333334,630.83,73.91304347826087,622.42,-2.773333333333312,-0.2400000000000091,-0.0796324655436446,606.0,608.0,601.0,607.0,12900.0
2025-10-27,600.0,602.0,599.0,600.0,600.0,3400.0,590.7,593.28,631.7333333333333,630.73,72.34042553191489,621.02,-2.7333333333333485,-0.2849999999999681,-0.0839694656488549,603.0,608.0,601.0,607.0,12900.0
2025-10-28,600.0,601.0,599.0,600.0,600.0,2800.0,590.8,593.16,631.1733333333333,630.525,69.04761904761905,619.52,-2.773333333333426,-0.4800000000000182,-0.0853658536585365,603.0,602.0,600.0,600.0,3400.0
2025-10-29,598.0,603.0,596.0,596.0,596.0,2500.0,590.85,592.88,630.5733333333334,630.3,69.04761904761905,617.92,-2.826666666666597,-0.8350000000000364,-0.0914634146341463,603.0,601.0,600.0,600.0,2800.0
2025-10-30,596.0,600.0,595.0,599.0,599.0,3200.0,591.85,592.72,630.0133333333333,630.09,65.78947368421052,616.44,-2.840000000000032,-0.8650000000000091,-0.086890243902439,603.0,603.0,596.0,598.0,2500.0
2025-10-31,600.0,601.0,598.0,601.0,601.0,3000.0,592.95,592.64,629.48,629.91,61.76470588235294,615.16,-2.853333333333353,-0.9200000000000728,-0.0866261398176292,603.0,600.0,599.0,596.0,3200.0
2025-11-01,600.0,601.0,598.0,601.0,601.0,3000.0,594.05,592.44,628.92,629.78,61.76470588235294,614.06,-2.8133333333333894,-0.9500000000000456,-0.0975975975975975,603.0,601.0,601.0,600.0,3000.0
2025-11-02,600.0,601.0,598.0,601.0,601.0,3000.0,595.15,592.56,628.3466666666667,629.615,61.76470588235294,612.96,-2.826666666666597,-0.9099999999999682,-0.1002994011976048,603.0,601.0,601.0,600.0,3000.0
2025-11-03,600.0,601.0,598.0,601.0,601.0,3000.0,596.0,592.8,627.7733333333333,629.47,72.41379310344828,611.86,-2.800000000000068,-0.8299999999999272,-0.0989505247376312,603.0,601.0,601.0,600.0,3000.0
2025-11-04,615.0,615.0,605.0,612.0,612.0,7900.0,597.6,594.12,627.3466666666667,629.35,82.05128205128204,610.98,-2.6666666666666288,-0.7400000000000091,-0.0865671641791044,612.0,601.0,601.0,600.0,3000.0
2025-11-05,603.0,605.0,595.0,601.0,601.0,13200.0,598.3,595.0,626.72,629.175,58.13953488372093,609.86,-2.759999999999991,-0.7350000000000136,-0.1029850746268656,612.0,615.0,612.0,615.0,7900.0
2025-11-06,603.0,611.0,598.0,600.0,600.0,4200.0,598.65,595.84,626.08,628.995,45.71428571428572,608.98,-2.839999999999918,-0.7849999999999682,-0.1044776119402984,612.0,605.0,601.0,603.0,13200.0
2025-11-07,600.0,601.0,598.0,600.0,600.0,1400.0,599.0,596.68,625.44,628.845,48.48484848484848,607.96,-2.906666666666638,-0.7699999999999818,-0.1111111111111111,612.0,611.0,600.0,603.0,4200.0
2025-11-08,600.0,601.0,598.0,600.0,600.0,1400.0,599.35,597.32,624.7866666666666,628.655,48.48484848484848,606.88,-2.986666666666679,-0.8150000000000546,-0.1124260355029586,612.0,601.0,600.0,600.0,1400.0
2025-11-09,600.0,601.0,598.0,600.0,600.0,1400.0,599.95,598.12,624.1066666666667,628.485,48.48484848484848,605.8,-3.240000000000009,-0.8650000000000091,-0.1084695393759286,612.0,601.0,600.0,600.0,1400.0
2025-11-10,601.0,604.0,596.0,596.0,596.0,4400.0,600.4,598.48,623.3466666666667,628.295,44.44444444444444,604.64,-3.373333333333335,-0.8799999999999955,-0.1037593984962406,612.0,601.0,600.0,600.0,1400.0
2025-11-11,601.0,605.0,600.0,600.0,600.0,7400.0,600.7,598.76,622.6133333333333,628.13,50.0,603.48,-3.466666666666697,-0.8650000000000091,-0.0853658536585365,612.0,604.0,596.0,601.0,4400.0
2025-11-12,600.0,610.0,600.0,605.0,605.0,10900.0,600.8,599.24,621.9333333333333,627.99,60.97560975609756,602.42,-3.5066666666667743,-0.8550000000000182,-0.0777439024390244,612.0,605.0,600.0,601.0,7400.0
2025-11-13,612.0,615.0,606.0,615.0,615.0,11900.0,601.5,600.12,621.3866666666667,627.9,66.66666666666666,601.56,-3.3999999999999773,-0.7549999999999955,-0.0625,615.0,610.0,605.0,600.0,10900.0
2025-11-14,605.0,613.0,597.0,612.0,612.0,9800.0,602.05,601.08,620.8,627.855,61.22448979591836,600.78,-3.306666666666729,-0.6299999999999955,-0.0670731707317072,615.0,615.0,615.0,612.0,11900.0
2025-11-15,605.0,613.0,597.0,612.0,612.0,9800.0,602.6,602.08,620.1866666666666,627.81,61.22448979591836,600.04,-3.160000000000082,-0.4850000000000136,-0.0684931506849315,615.0,613.0,612.0,605.0,9800.0
2025-11-16,605.0,613.0,597.0,612.0,612.0,9800.0,603.2,602.8,619.4666666666667,627.78,61.22448979591836,599.3,-3.146666666666647,-0.3500000000000227,-0.0496894409937888,615.0,613.0,612.0,605.0,9800.0
2025-11-17,625.0,635.0,625.0,631.0,631.0,40300.0,604.75,603.92,618.9733333333334,627.805,72.05882352941177,598.94,-2.9599999999999227,-0.1850000000000591,-0.0307219662058372,631.0,613.0,612.0,605.0,9800.0
2025-11-18,631.0,636.0,627.0,628.0,628.0,16400.0,606.35,605.0,618.4533333333334,627.865,63.333333333333336,599.32,-2.9333333333332803,-0.0349999999999681,-0.0397553516819572,631.0,635.0,631.0,625.0,40300.0
2025-11-19,625.0,635.0,623.0,631.0,631.0,12700.0,607.95,606.2,617.9333333333333,627.94,78.84615384615384,599.74,-2.8666666666666742,0.0850000000000363,-0.0351681957186544,631.0,636.0,628.0,631.0,16400.0
2025-11-20,632.0,636.0,632.0,636.0,636.0,4700.0,609.7,607.6,617.48,628.04,82.14285714285714,600.46,-2.7066666666665924,0.2300000000000182,-0.0275229357798164,636.0,635.0,631.0,625.0,12700.0
2025-11-21,638.0,638.0,634.0,635.0,635.0,3100.0,611.4,609.0,617.0133333333333,628.135,80.7017543859649,601.14,-2.453333333333376,0.3550000000000182,-0.0349544072948327,636.0,636.0,636.0,632.0,4700.0
2025-11-22,638.0,638.0,634.0,635.0,635.0,3100.0,613.1,610.4,616.48,628.23,80.7017543859649,601.78,-2.4933333333333394,0.4250000000000682,-0.0349544072948327,636.0,638.0,635.0,638.0,3100.0
2025-11-23,638.0,638.0,634.0,635.0,635.0,3100.0,614.8,611.96,615.9333333333333,628.295,80.7017543859649,602.42,-2.5200000000000955,0.42999999999995,-0.0349544072948327,636.0,638.0,635.0,638.0,3100.0
2025-11-24,638.0,638.0,634.0,635.0,635.0,3100.0,615.95,613.4,615.4266666666666,628.325,86.79245283018868,603.06,-2.5066666666666606,0.3849999999999909,-0.0245775729646697,636.0,638.0,635.0,638.0,3100.0
2025-11-25,635.0,641.0,634.0,641.0,641.0,9100.0,617.95,615.0,615.1066666666667,628.405,87.27272727272727,603.82,-2.373333333333335,0.3650000000000091,-0.0123266563944529,641.0,638.0,635.0,638.0,3100.0
2025-11-26,645.0,646.0,640.0,643.0,643.0,5200.0,620.1,616.68,614.9333333333333,628.495,86.53846153846153,604.56,-2.080000000000041,0.3600000000000136,-0.0092449922958397,643.0,641.0,641.0,635.0,9100.0
2025-11-27,643.0,645.0,636.0,637.0,637.0,3100.0,621.95,618.12,614.68,628.555,72.91666666666666,605.34,-1.8000000000000682,0.3249999999999318,-0.0184899845916794,643.0,646.0,643.0,645.0,5200.0
2025-11-28,635.0,645.0,635.0,638.0,638.0,2800.0,623.85,619.6,614.44,628.64,78.26086956521739,606.2,-1.4933333333332257,0.3450000000000273,0.0476190476190476,643.0,645.0,637.0,643.0,3100.0
2025-11-29,635.0,645.0,635.0,638.0,638.0,2800.0,625.75,620.64,614.2,628.725,78.26086956521739,607.38,-1.2266666666665742,0.3999999999999772,0.0459016393442623,643.0,645.0,638.0,635.0,2800.0
2025-11-30,635.0,645.0,635.0,638.0,638.0,2800.0,627.85,622.12,613.9466666666667,628.815,78.26086956521739,608.56,-1.1599999999999682,0.4100000000000818,0.0633333333333332,643.0,645.0,638.0,635.0,2800.0
2025-12-01,643.0,651.0,640.0,647.0,647.0,15000.0,630.2,624.0,613.9866666666667,628.925,72.22222222222223,609.92,-0.9466666666666016,0.42999999999995,0.076539101497504,647.0,645.0,638.0,635.0,2800.0
2025-12-02,649.0,650.0,641.0,647.0,647.0,4100.0,632.3,625.88,613.9333333333333,629.055,78.78787878787878,611.28,-0.7466666666666697,0.5,0.0729684908789385,647.0,651.0,647.0,643.0,15000.0
2025-12-03,648.0,648.0,640.0,645.0,645.0,4400.0,633.8,627.68,613.8133333333334,629.175,71.875,612.5,-0.6266666666666652,0.5349999999999682,0.0696517412935322,647.0,650.0,647.0,649.0,4100.0
2025-12-04,645.0,651.0,645.0,649.0,649.0,4500.0,635.65,629.64,613.7466666666667,629.315,70.96774193548387,613.88,-0.4533333333333758,0.5900000000000318,0.076285240464345,649.0,648.0,645.0,648.0,4400.0
2025-12-05,649.0,649.0,643.0,647.0,647.0,2400.0,637.4,631.68,613.6533333333333,629.455,68.75,615.08,-0.2933333333334076,0.6399999999999864,0.0729684908789385,649.0,651.0,649.0,645.0,4500.0
2025-12-06,649.0,649.0,643.0,647.0,647.0,2400.0,639.15,633.56,613.5066666666667,629.61,68.75,616.16,-0.4800000000000182,0.6850000000000591,0.0676567656765676,649.0,649.0,647.0,649.0,2400.0
2025-12-07,649.0,649.0,643.0,647.0,647.0,2400.0,639.95,635.24,613.36,629.765,68.75,617.24,-0.5733333333332666,0.7100000000000364,0.0819397993311037,649.0,649.0,647.0,649.0,2400.0
2025-12-08,648.0,653.0,648.0,653.0,653.0,7600.0,641.2,636.76,613.2933333333333,629.94,73.68421052631578,618.44,-0.5200000000000955,0.7650000000001,0.0974789915966387,653.0,649.0,647.0,649.0,2400.0
2025-12-09,652.0,652.0,646.0,652.0,652.0,4200.0,642.25,638.36,613.3066666666666,630.1,66.66666666666666,619.72,-0.4400000000000545,0.7849999999999682,0.1260794473229707,653.0,653.0,653.0,648.0,7600.0
2025-12-10,652.0,652.0,641.0,643.0,643.0,5600.0,642.6,639.6,613.2266666666667,630.215,50.0,620.84,-0.4266666666666197,0.7599999999999909,0.1105354058721934,653.0,652.0,652.0,652.0,4200.0
2025-12-11,643.0,643.0,636.0,639.0,639.0,11200.0,642.8,640.68,613.0933333333334,630.31,52.631578947368425,621.74,-0.4133333333332984,0.6999999999999318,0.1036269430051812,653.0,652.0,643.0,652.0,5600.0
2025-12-12,637.0,650.0,625.0,650.0,650.0,14200.0,643.55,641.44,613.1066666666667,630.455,62.5,622.68,-0.2533333333333303,0.6900000000000546,0.1226252158894645,653.0,643.0,639.0,643.0,11200.0
2025-12-13,637.0,650.0,625.0,650.0,650.0,14200.0,644.3,642.32,613.6533333333333,630.58,62.5,623.66,0.3600000000000136,0.6399999999999864,0.1130136986301368,653.0,650.0,650.0,637.0,14200.0
2025-12-14,637.0,650.0,625.0,650.0,650.0,14200.0,645.05,643.08,614.1866666666666,630.69,62.5,624.64,0.8799999999999955,0.5900000000000318,0.1206896551724137,653.0,650.0,650.0,637.0,14200.0
2025-12-15,647.0,649.0,642.0,645.0,645.0,4200.0,645.25,643.44,614.7866666666666,630.785,47.72727272727273,625.52,1.5599999999999454,0.5699999999999363,0.0988074957410563,653.0,650.0,650.0,637.0,14200.0
2025-12-16,648.0,648.0,643.0,646.0,646.0,3200.0,645.4,643.88,615.3866666666667,630.895,48.88888888888889,626.44,2.293333333333294,0.5850000000000364,0.0893760539629004,653.0,649.0,645.0,647.0,4200.0
2025-12-17,649.0,649.0,637.0,642.0,642.0,1900.0,645.65,644.16,615.9066666666666,630.985,46.80851063829787,627.28,2.7999999999999545,0.5299999999999727,0.0826306913996628,653.0,648.0,646.0,648.0,3200.0
2025-12-18,642.0,643.0,639.0,640.0,640.0,5100.0,645.75,644.36,616.4,631.065,40.0,628.16,2.7466666666666697,0.4850000000000136,0.0792580101180437,653.0,649.0,642.0,649.0,1900.0
2025-12-19,645.0,645.0,638.0,638.0,638.0,2100.0,645.75,644.48,616.8666666666667,631.135,40.0,628.94,2.680000000000064,0.4449999999999363,0.0850340136054421,653.0,643.0,640.0,642.0,5100.0
2025-12-20,645.0,645.0,638.0,638.0,638.0,2100.0,645.75,644.36,617.3333333333334,631.215,40.0,629.68,2.546666666666738,0.4300000000000636,0.0868824531516183,653.0,645.0,638.0,645.0,2100.0
2025-12-21,645.0,645.0,638.0,638.0,638.0,2100.0,645.3,644.16,617.76,631.295,40.0,630.42,2.373333333333335,0.3999999999999772,0.0740740740740741,653.0,645.0,638.0,645.0,2100.0
2025-12-22,645.0,645.0,639.0,642.0,642.0,7900.0,645.05,644.36,618.3466666666667,631.395,37.2093023255814,631.24,2.4400000000000546,0.4099999999999681,0.0646766169154229,653.0,645.0,638.0,645.0,2100.0
2025-12-23,645.0,649.0,644.0,648.0,648.0,5000.0,645.2,644.76,619.0533333333333,631.52,45.833333333333336,632.18,2.653333333333308,0.4549999999999272,0.0782029950083194,653.0,645.0,642.0,645.0,7900.0
2025-12-24,647.0,648.0,646.0,648.0,648.0,2300.0,645.15,645.16,619.9733333333334,631.645,56.41025641025641,632.9,3.106666666666684,0.5099999999999909,0.0782029950083194,653.0,649.0,648.0,645.0,5000.0
2025-12-25,649.0,649.0,646.0,646.0,646.0,5300.0,645.1,645.48,620.8666666666667,631.76,59.45945945945946,633.8,3.533333333333303,0.5449999999999591,0.0748752079866887,653.0,648.0,648.0,647.0,2300.0
2025-12-26,648.0,648.0,647.0,647.0,647.0,5200.0,645.1,645.48,621.7733333333333,631.885,44.44444444444444,634.74,4.013333333333321,0.5900000000000318,0.0783333333333333,653.0,649.0,646.0,649.0,5300.0
2025-12-27,648.0,648.0,647.0,647.0,647.0,5200.0,645.1,645.48,622.68,631.965,44.44444444444444,635.68,4.3333333333332575,0.57000000000005,0.0783333333333333,653.0,648.0,647.0,648.0,5200.0
2025-12-28,648.0,648.0,647.0,647.0,647.0,5200.0,644.8,645.56,623.52,632.035,44.44444444444444,636.62,4.466666666666697,0.5149999999999864,0.0855704697986576,652.0,648.0,647.0,648.0,5200.0
2025-12-29,647.0,652.0,645.0,650.0,650.0,7300.0,644.7,645.6,624.4533333333334,632.13,60.0,637.62,4.480000000000018,0.4850000000000136,0.0851419031719533,650.0,648.0,647.0,648.0,5200.0
2025-12-30,650.0,651.0,650.0,651.0,651.0,3700.0,645.1,645.76,625.3066666666666,632.235,60.0,638.72,4.439999999999941,0.4750000000000227,0.0831946755407653,651.0,652.0,650.0,647.0,7300.0
2025-12-31,650.0,651.0,650.0,651.0,651.0,3700.0,645.7,645.92,626.08,632.34,71.42857142857143,639.74,4.306666666666729,0.4550000000000409,0.0831946755407653,651.0,651.0,651.0,650.0,3700.0
2026-01-01,650.0,651.0,650.0,651.0,651.0,3700.0,645.75,646.08,626.8533333333334,632.445,78.94736842105263,640.66,4.173333333333403,0.4800000000000182,0.0831946755407653,651.0,651.0,651.0,650.0,3700.0
2026-01-02,650.0,651.0,650.0,651.0,651.0,3700.0,645.8,646.0,627.6266666666667,632.585,88.23529411764706,641.38,4.106666666666683,0.5500000000000682,0.0831946755407653,651.0,651.0,651.0,650.0,3700.0
2026-01-03,650.0,651.0,650.0,651.0,651.0,3700.0,645.85,645.96,628.4666666666667,632.695,88.23529411764706,642.16,4.013333333333321,0.5650000000000546,0.0637254901960784,651.0,651.0,651.0,650.0,3700.0
2026-01-04,650.0,651.0,650.0,651.0,651.0,3700.0,646.15,646.28,629.32,632.8,88.23529411764706,642.94,4.013333333333435,0.5649999999999409,0.0831946755407653,651.0,651.0,651.0,650.0,3700.0
2026-01-05,658.0,660.0,651.0,654.0,654.0,9900.0,646.55,646.88,630.12,632.905,87.5,643.78,4.039999999999964,0.5649999999999409,0.09,654.0,651.0,651.0,650.0,3700.0
2026-01-06,657.0,660.0,655.0,659.0,659.0,3600.0,647.4,647.24,630.8666666666667,633.08,86.66666666666667,644.34,4.013333333333321,0.6349999999999909,0.0983333333333333,659.0,660.0,654.0,658.0,9900.0
2026-01-07,660.0,675.0,657.0,674.0,674.0,11600.0,649.1,648.2,631.84,633.33,93.33333333333331,645.26,4.213333333333367,0.7450000000000045,0.1233333333333333,674.0,660.0,659.0,657.0,3600.0
2026-01-08,673.0,673.0,651.0,667.0,667.0,4300.0,650.55,648.88,632.72,633.545,80.0,645.98,4.25333333333333,0.849999999999909,0.1116666666666665,674.0,675.0,674.0,660.0,11600.0
2026-01-09,667.0,680.0,662.0,677.0,677.0,9600.0,652.5,650.16,633.7333333333333,633.82,84.0909090909091,646.8,4.4133333333332985,1.0200000000000955,0.1359060402684564,677.0,673.0,667.0,673.0,4300.0
2026-01-10,667.0,680.0,662.0,677.0,677.0,9600.0,654.45,651.4,634.76,634.07,84.0909090909091,647.64,4.639999999999986,1.1650000000000773,0.1283333333333334,677.0,680.0,677.0,667.0,9600.0
2026-01-11,667.0,680.0,662.0,677.0,677.0,9600.0,656.2,652.8,635.7866666666666,634.3,84.0909090909091,648.48,4.919999999999959,1.2199999999999136,0.1190082644628098,677.0,680.0,677.0,667.0,9600.0
2026-01-12,667.0,680.0,662.0,677.0,677.0,9600.0,657.65,654.28,636.8666666666667,634.545,82.92682926829268,649.32,5.026666666666642,1.214999999999918,0.1008130081300813,677.0,680.0,677.0,667.0,9600.0
2026-01-13,685.0,685.0,670.0,677.0,677.0,7700.0,659.1,655.84,637.9066666666666,634.77,82.5,650.16,5.186666666666611,1.2250000000000227,0.1062091503267974,677.0,680.0,677.0,667.0,9600.0
2026-01-14,677.0,680.0,667.0,675.0,675.0,5600.0,660.55,657.32,638.8933333333333,634.985,78.57142857142857,650.84,5.159999999999968,1.1649999999999636,0.1029411764705883,677.0,685.0,677.0,685.0,7700.0
2026-01-15,672.0,676.0,666.0,673.0,673.0,4400.0,661.85,658.72,639.8533333333334,635.19,75.0,651.44,5.093333333333362,1.1200000000000043,0.0996732026143791,677.0,680.0,675.0,677.0,5600.0
2026-01-16,675.0,682.0,675.0,678.0,678.0,4000.0,663.4,660.16,640.88,635.43,77.55102040816327,652.26,5.093333333333362,1.1299999999999957,0.0744849445324882,678.0,676.0,673.0,672.0,4400.0
2026-01-17,675.0,682.0,675.0,678.0,678.0,4000.0,664.95,661.36,641.9066666666666,635.66,77.55102040816327,653.06,5.039999999999964,1.115000000000009,0.0796178343949045,678.0,682.0,678.0,675.0,4000.0
2026-01-18,675.0,682.0,675.0,678.0,678.0,4000.0,666.35,662.56,642.7866666666666,635.88,77.55102040816327,653.86,4.879999999999996,1.1100000000000136,0.0744849445324882,678.0,682.0,678.0,675.0,4000.0
2026-01-19,683.0,683.0,677.0,680.0,680.0,4400.0,667.8,663.92,643.84,636.105,77.08333333333333,654.7,4.946666666666715,1.1200000000000043,0.0691823899371069,680.0,682.0,678.0,675.0,4000.0
2026-01-20,683.0,690.0,667.0,682.0,682.0,13600.0,669.35,665.32,644.9333333333333,636.35,75.55555555555556,655.4,5.079999999999927,1.1599999999999682,0.074015748031496,682.0,683.0,680.0,683.0,4400.0
2026-01-21,676.0,680.0,668.0,670.0,670.0,8500.0,670.3,666.24,645.8666666666667,636.535,45.23809523809524,655.86,4.986666666666679,1.1050000000000182,0.0551181102362203,682.0,690.0,682.0,683.0,13600.0
2026-01-22,676.0,681.0,671.0,679.0,679.0,5400.0,671.7,667.52,646.92,636.765,63.63636363636363,656.54,5.013333333333321,1.1050000000000182,0.0692913385826772,682.0,680.0,670.0,676.0,8500.0
2026-01-23,677.0,687.0,676.0,687.0,687.0,4600.0,673.5,669.0,648.08,637.03,61.90476190476191,657.3,5.293333333333408,1.1499999999999773,0.0818897637795275,687.0,681.0,679.0,676.0,5400.0
2026-01-24,677.0,687.0,676.0,687.0,687.0,4600.0,675.3,670.44,649.2933333333333,637.295,61.90476190476191,658.1,5.453333333333262,1.1899999999999409,0.0717628705148205,687.0,687.0,687.0,677.0,4600.0
2026-01-25,677.0,687.0,676.0,687.0,687.0,4600.0,676.95,671.88,650.4533333333334,637.56,61.90476190476191,658.9,5.520000000000096,1.2099999999999227,0.0684292379471229,687.0,687.0,687.0,677.0,4600.0
2026-01-26,687.0,690.0,683.0,690.0,690.0,7100.0,678.5,673.44,651.5866666666667,637.835,64.44444444444444,659.76,5.720000000000027,1.3000000000000682,0.0832025117739403,690.0,687.0,687.0,677.0,4600.0
2026-01-27,690.0,694.0,684.0,691.0,691.0,12300.0,679.35,675.04,652.6,638.115,65.21739130434783,660.52,5.680000000000064,1.3500000000000227,0.0830721003134795,691.0,690.0,690.0,687.0,7100.0
2026-01-28,691.0,692.0,683.0,684.0,684.0,5600.0,680.2,676.36,653.56,638.36,58.82352941176471,661.16,5.4799999999999045,1.330000000000041,0.0721003134796238,691.0,694.0,691.0,690.0,12300.0
2026-01-29,692.0,692.0,683.0,687.0,687.0,3000.0,680.7,677.8,654.56,638.62,63.46153846153846,662.04,5.266666666666652,1.3250000000000457,0.0768025078369905,691.0,692.0,684.0,691.0,5600.0
2026-01-30,681.0,689.0,681.0,686.0,686.0,3400.0,681.15,679.08,655.5466666666666,638.855,58.33333333333333,662.98,5.093333333333248,1.2950000000000728,0.0602782071097371,691.0,692.0,687.0,692.0,3000.0
2026-01-31,681.0,689.0,681.0,686.0,686.0,3400.0,681.6,680.16,656.28,639.09,58.33333333333333,663.7,4.693333333333271,1.2549999999999957,0.0602782071097371,691.0,689.0,686.0,681.0,3400.0
2026-02-01,681.0,689.0,681.0,686.0,686.0,3400.0,682.05,680.64,657.0533333333333,639.33,58.33333333333333,664.42,4.453333333333262,1.2150000000000318,0.0635658914728682,691.0,689.0,686.0,681.0,3400.0
2026-02-02,688.0,691.0,683.0,685.0,685.0,11900.0,682.45,681.36,657.7733333333333,639.595,55.319148936170215,665.12,4.213333333333367,1.2350000000000136,0.0554699537750384,691.0,689.0,686.0,681.0,3400.0
2026-02-03,685.0,688.0,681.0,687.0,687.0,5800.0,683.05,681.76,658.4533333333334,639.855,55.319148936170215,665.96,3.8933333333334303,1.2350000000000136,0.0618238021638331,691.0,691.0,685.0,688.0,11900.0
2026-02-04,686.0,691.0,686.0,690.0,690.0,7400.0,683.9,682.28,659.1866666666666,640.13,76.31578947368422,666.84,3.6399999999999855,1.2749999999999773,0.0664605873261205,691.0,688.0,687.0,685.0,5800.0
2026-02-05,690.0,771.0,690.0,714.0,714.0,79400.0,685.7,683.76,660.24,640.525,83.01886792452831,668.28,3.960000000000037,1.4349999999999454,0.1035548686244203,714.0,691.0,690.0,686.0,7400.0
2026-02-06,721.0,736.0,715.0,736.0,736.0,48100.0,688.6,686.12,661.5866666666667,641.03,86.56716417910448,670.2,4.533333333333417,1.6999999999999318,0.1271056661562022,736.0,771.0,714.0,690.0,79400.0
2026-02-07,721.0,736.0,715.0,736.0,736.0,48100.0,691.5,688.48,662.9333333333333,641.55,86.56716417910448,672.16,5.159999999999968,1.9549999999999272,0.1288343558282207,736.0,736.0,736.0,721.0,48100.0
2026-02-08,721.0,736.0,715.0,736.0,736.0,48100.0,694.3,690.92,664.2,642.07,86.56716417910448,674.12,5.74666666666667,2.215000000000032,0.1446345256609642,736.0,736.0,736.0,721.0,48100.0
2026-02-09,736.0,736.0,693.0,718.0,718.0,21400.0,696.1,692.72,665.2,642.5,67.07317073170731,675.72,6.013333333333435,2.3700000000000045,0.1236306729264475,736.0,736.0,736.0,721.0,48100.0
2026-02-10,720.0,868.0,716.0,868.0,868.0,77200.0,706.0,700.32,668.28,643.64,88.31168831168831,680.24,8.039999999999964,3.115000000000009,0.3353846153846154,868.0,736.0,718.0,736.0,21400.0
2026-02-11,720.0,868.0,716.0,868.0,868.0,77200.0,715.45,707.92,671.3466666666667,644.78,91.07142857142856,684.64,9.759999999999993,3.75,0.3353846153846154,868.0,868.0,868.0,720.0,77200.0
2026-02-12,1018.0,1018.0,1018.0,1018.0,1018.0,43600.0,732.0,721.52,676.4133333333333,646.67,94.60916442048516,692.04,13.480000000000018,5.1200000000000045,0.5661538461538462,1018.0,868.0,868.0,720.0,77200.0
2026-02-13,1018.0,1318.0,981.0,1222.0,1222.0,1250200.0,758.75,743.2,684.2,649.595,96.68989547038328,703.56,20.0,7.524999999999977,0.8945736434108527,1222.0,1018.0,1018.0,1018.0,43600.0
2026-02-14,1018.0,1318.0,981.0,1222.0,1222.0,1250200.0,785.5,764.8,691.8666666666667,652.51,96.68989547038328,715.06,26.66666666666663,10.009999999999993,0.8916408668730651,1222.0,1318.0,1222.0,1018.0,1250200.0
2026-02-15,1018.0,1318.0,981.0,1222.0,1222.0,1250200.0,812.1,786.88,699.5333333333333,655.425,96.68989547038328,726.56,31.25333333333333,11.784999999999968,0.9034267912772588,1222.0,1318.0,1222.0,1018.0,1250200.0
2026-02-16,1192.0,1282.0,1111.0,1211.0,1211.0,334900.0,838.1,808.16,707.08,658.28,95.03424657534246,737.84,35.73333333333335,13.5,0.8921874999999999,1222.0,1318.0,1222.0,1018.0,1250200.0
2026-02-17,1151.0,1300.0,1151.0,1228.0,1228.0,163200.0,865.3,829.8,714.8,661.215,95.15859766277129,749.4,38.386666666666656,14.545000000000073,0.9247648902821316,1228.0,1282.0,1211.0,1192.0,334900.0
2026-02-21,1235.0,1360.0,1202.0,1330.0,1330.0,244500.0,1000.05,937.2,752.7466666666667,675.59,74.66777408637873,806.12,45.66666666666663,17.31000000000006,1.0524691358024691,1528.0,1360.0,1330.0,1235.0,244500.0
2026-02-22,1235.0,1360.0,1202.0,1330.0,1330.0,244500.0,1032.3,963.04,761.7866666666666,679.04,74.66777408637873,819.7,46.98666666666668,17.824999999999932,1.0524691358024691,1528.0,1360.0,1330.0,1235.0,244500.0
2026-02-23,1235.0,1360.0,1202.0,1330.0,1330.0,244500.0,1064.45,988.76,770.9466666666667,682.48,75.80101180438449,833.28,44.40000000000009,16.83000000000004,1.0588235294117645,1528.0,1360.0,1330.0,1235.0,244500.0
2026-02-18,1317.0,1528.0,1317.0,1528.0,1528.0,914200.0,,,,,,,,,,,,,,
2026-02-19,1528.0,1530.0,1245.0,1252.0,1252.0,492500.0,,,,,,,,,,,,,,
2026-02-20,1235.0,1360.0,1202.0,1330.0,1330.0,244500.0,,,,,,,,,,,,,,
2026-02-24,1300.0,1328.0,1192.0,1200.0,1200.0,110800.0,,,,,,,,,,,,,,
2026-02-25,1192.0,1241.0,1132.0,1207.0,1207.0,100500.0,,,,,,,,,,,,,,
2026-02-26,1207.0,1345.0,1174.0,1233.0,1233.0,128100.0,,,,,,,,,,,,,,
2026-02-27,1233.0,1243.0,1210.0,1231.0,1231.0,33400.0,,,,,,,,,,,,,,
2026-03-02,1291.0,1462.0,1260.0,1431.0,1431.0,261400.0,,,,,,,,,,,,,,
2026-03-03,1350.0,1526.0,1330.0,1496.0,1496.0,193600.0,,,,,,,,,,,,,,
2026-03-04,1436.0,1436.0,1314.0,1359.0,1359.0,119700.0,,,,,,,,,,,,,,
2026-03-05,1405.0,1570.0,1401.0,1469.0,1469.0,119000.0,,,,,,,,,,,,,,
2026-03-06,1459.0,1555.0,1425.0,1528.0,1528.0,75700.0,,,,,,,,,,,,,,
