Date,Open,High,Low,Close,Adj Close,Volume,MA20,MA25,MA75,MA200,RSI14,MA50,MA75_slope,MA200_slope,Ret60,High20,PrevHigh,PrevClose,PrevOpen,PrevVolume
2020-02-25,2454.0,2477.0,2432.0,2432.0,1909.144775390625,571800.0,,,,,50.0,,,,,,,,,
2020-02-26,2408.0,2413.0,2393.0,2408.0,1890.30419921875,519800.0,,,,,50.0,,,,,,2477.0,2432.0,2454.0,571800.0
2020-02-27,2382.0,2397.0,2348.0,2356.0,1849.4840087890625,627800.0,,,,,50.0,,,,,,2413.0,2408.0,2408.0,519800.0
2020-02-28,2310.0,2319.0,2271.0,2316.0,1818.0836181640625,1022700.0,,,,,50.0,,,,,,2397.0,2356.0,2382.0,627800.0
2020-02-29,2310.0,2319.0,2271.0,2316.0,1818.0836181640625,1022700.0,,,,,50.0,,,,,,2319.0,2316.0,2310.0,1022700.0
2020-03-01,2310.0,2319.0,2271.0,2316.0,1818.0836181640625,1022700.0,,,,,50.0,,,,,,2319.0,2316.0,2310.0,1022700.0
2020-03-02,2263.0,2302.0,2228.0,2288.0,1796.103515625,884800.0,,,,,50.0,,,,,,2319.0,2316.0,2310.0,1022700.0
2020-03-03,2320.0,2322.0,2241.0,2241.0,1759.2078857421875,640900.0,,,,,50.0,,,,,,2302.0,2288.0,2263.0,884800.0
2020-03-04,2221.0,2249.0,2196.0,2225.0,1746.647705078125,751900.0,,,,,50.0,,,,,,2322.0,2241.0,2320.0,640900.0
2020-03-05,2267.0,2283.0,2240.0,2264.0,1777.26318359375,683700.0,,,,,50.0,,,,,,2249.0,2225.0,2221.0,751900.0
2020-03-06,2231.0,2253.0,2209.0,2225.0,1746.647705078125,610000.0,,,,,50.0,,,,,,2283.0,2264.0,2267.0,683700.0
2020-03-07,2231.0,2253.0,2209.0,2225.0,1746.647705078125,610000.0,,,,,50.0,,,,,,2253.0,2225.0,2231.0,610000.0
2020-03-08,2231.0,2253.0,2209.0,2225.0,1746.647705078125,610000.0,,,,,50.0,,,,,,2253.0,2225.0,2231.0,610000.0
2020-03-09,2187.0,2202.0,2082.0,2089.0,1639.88623046875,752200.0,,,,,50.0,,,,,,2253.0,2225.0,2231.0,610000.0
2020-03-10,2064.0,2114.0,1994.0,2105.0,1652.446533203125,775700.0,,,,,12.585812356979416,,,,,,2202.0,2089.0,2187.0,752200.0
2020-03-11,2092.0,2160.0,2084.0,2153.0,1690.126953125,693200.0,,,,,22.34273318872016,,,,,,2114.0,2105.0,2064.0,775700.0
2020-03-12,2103.0,2105.0,2019.0,2072.0,1626.541259765625,670600.0,,,,,21.0204081632653,,,,,,2160.0,2153.0,2092.0,693200.0
2020-03-13,1985.0,2065.0,1911.0,2021.0,1586.505615234375,1483600.0,,,,,20.55888223552894,,,,,,2105.0,2072.0,2103.0,670600.0
2020-03-14,1985.0,2065.0,1911.0,2021.0,1586.505615234375,1483600.0,,,,,20.55888223552894,,,,,,2065.0,2021.0,1985.0,1483600.0
2020-03-15,1985.0,2065.0,1911.0,2021.0,1586.505615234375,1483600.0,2215.95,,,,20.55888223552894,,,,,2432.0,2065.0,2021.0,1985.0,1483600.0
2020-03-16,2015.0,2025.0,1928.0,1942.0,1524.48974609375,1051900.0,2191.45,,,,18.659420289855063,,,,,2408.0,2065.0,2021.0,1985.0,1483600.0
2020-03-17,1910.0,2087.0,1884.0,2074.0,1628.1112060546875,1154500.0,2174.75,,,,36.89167974882261,,,,,2356.0,2025.0,1942.0,2015.0,1051900.0
2020-03-18,2115.0,2207.0,2029.0,2037.0,1599.0657958984375,1039500.0,2158.8,,,,35.71428571428571,,,,,2316.0,2087.0,2074.0,1910.0,1154500.0
2020-03-19,2044.0,2082.0,1960.0,1971.0,1547.255126953125,1336300.0,2141.55,,,,28.6131386861314,,,,,2316.0,2207.0,2037.0,2115.0,1039500.0
2020-03-20,2044.0,2082.0,1960.0,1971.0,1547.255126953125,1336300.0,2124.3,2172.56,,,30.3405572755418,,,,,2316.0,2082.0,1971.0,2044.0,1336300.0
2020-03-21,2044.0,2082.0,1960.0,1971.0,1547.255126953125,1336300.0,2107.05,2154.12,,,30.3405572755418,,,,,2288.0,2082.0,1971.0,2044.0,1336300.0
2020-03-22,2044.0,2082.0,1960.0,1971.0,1547.255126953125,1336300.0,2091.2,2136.64,,,30.3405572755418,,,,,2264.0,2082.0,1971.0,2044.0,1336300.0
2020-03-23,1950.0,2059.0,1891.0,2046.0,1606.1309814453125,1127600.0,2081.45,2124.24,,,46.32478632478633,,,,,2264.0,2082.0,1971.0,2044.0,1336300.0
2020-03-24,2080.0,2114.0,2002.0,2046.0,1606.1309814453125,708800.0,2072.5,2113.44,,,44.81546572934974,,,,,2264.0,2059.0,2046.0,1950.0,1127600.0
2020-03-25,2160.0,2248.0,2117.0,2159.0,1694.837158203125,1019900.0,2067.25,2107.16,,,50.47318611987381,,,,,2225.0,2114.0,2046.0,2080.0,708800.0
2020-03-26,2170.0,2223.0,2124.0,2204.0,1730.1624755859375,795400.0,2066.2,2102.68,,,61.03678929765886,,,,,2225.0,2248.0,2159.0,2160.0,1019900.0
2020-03-27,2254.0,2318.0,2204.0,2318.0,1819.653564453125,923400.0,2070.85,2103.88,,,72.46596066565809,,,,,2318.0,2223.0,2204.0,2170.0,795400.0
2020-03-28,2254.0,2318.0,2204.0,2318.0,1819.653564453125,923400.0,2075.5,2106.96,,,72.46596066565809,,,,,2318.0,2318.0,2318.0,2254.0,923400.0
2020-03-29,2254.0,2318.0,2204.0,2318.0,1819.653564453125,923400.0,2086.95,2110.68,,,72.46596066565809,,,,,2318.0,2318.0,2318.0,2254.0,923400.0
2020-03-30,2266.0,2336.0,2185.0,2329.0,1860.3922119140625,1043400.0,2098.15,2113.28,,,82.63069139966274,,,,,2329.0,2318.0,2318.0,2254.0,923400.0
2020-03-31,2299.0,2320.0,2172.0,2178.0,1739.7742919921875,1163600.0,2099.4,2111.4,,,58.4967320261438,,,,,2329.0,2336.0,2329.0,2266.0,1043400.0
2020-04-01,2154.0,2203.0,2071.0,2095.0,1673.4744873046875,824200.0,2100.55,2106.2,,,54.40729483282675,,,,,2329.0,2320.0,2178.0,2299.0,1163600.0
2020-04-02,2059.0,2091.0,2040.0,2045.0,1633.5345458984375,529400.0,2101.75,2099.0,,,55.7632398753894,,,,,2329.0,2203.0,2095.0,2154.0,824200.0
2020-04-03,2056.0,2111.0,2019.0,2023.0,1615.961181640625,609500.0,2101.85,2096.36,,,53.915662650602414,,,,,2329.0,2091.0,2045.0,2059.0,529400.0
2020-04-04,2056.0,2111.0,2019.0,2023.0,1615.961181640625,609500.0,2101.95,2093.08,,,53.915662650602414,,,,,2329.0,2111.0,2023.0,2056.0,609500.0
2020-04-05,2056.0,2111.0,2019.0,2023.0,1615.961181640625,609500.0,2106.0,2087.88,,,53.915662650602414,,,,,2329.0,2111.0,2023.0,2056.0,609500.0
2020-04-06,2000.0,2077.0,1984.0,2059.0,1644.7178955078125,556000.0,2105.25,2087.36,,,51.04,,,,,2329.0,2111.0,2023.0,2056.0,609500.0
2020-04-07,2069.0,2142.0,2060.0,2110.0,1685.4561767578125,536900.0,2108.9,2090.92,,,54.73372781065089,,,,,2329.0,2077.0,2059.0,2000.0,556000.0
2020-04-08,2104.0,2150.0,2092.0,2117.0,1691.0477294921875,554300.0,2116.2,2094.76,,,46.31578947368421,,,,,2329.0,2142.0,2110.0,2069.0,536900.0
2020-04-09,2140.0,2141.0,2092.0,2116.0,1690.249267578125,442800.0,2123.45,2098.56,,,41.63498098859315,,,,,2329.0,2150.0,2117.0,2104.0,554300.0
2020-04-10,2118.0,2162.0,2081.0,2158.0,1723.798583984375,407500.0,2132.8,2107.2,,,32.37885462555066,,,,,2329.0,2141.0,2116.0,2140.0,442800.0
2020-04-11,2118.0,2162.0,2081.0,2158.0,1723.798583984375,407500.0,2142.15,2110.56,,,32.37885462555066,,,,,2329.0,2162.0,2158.0,2118.0,407500.0
2020-04-12,2118.0,2162.0,2081.0,2158.0,1723.798583984375,407500.0,2147.75,2115.4,,,32.37885462555066,,,,,2329.0,2162.0,2158.0,2118.0,407500.0
2020-04-13,2128.0,2142.0,2100.0,2120.0,1693.4442138671875,360200.0,2151.45,2121.36,,,28.27442827442828,,,,,2329.0,2162.0,2158.0,2118.0,407500.0
2020-04-14,2126.0,2148.0,2111.0,2133.0,1703.82861328125,441500.0,2150.15,2127.84,,,43.4402332361516,2150.2,,,,2329.0,2142.0,2120.0,2128.0,360200.0
2020-04-15,2110.0,2156.0,2100.0,2142.0,1711.0177001953125,635600.0,2147.05,2134.68,,,58.73605947955391,2144.4,,,,2329.0,2148.0,2133.0,2126.0,441500.0
2020-04-16,2138.0,2192.0,2138.0,2176.0,1738.1768798828125,564100.0,2139.95,2142.88,,,75.88932806324111,2139.76,,,,2329.0,2156.0,2142.0,2110.0,635600.0
2020-04-17,2191.0,2214.0,2142.0,2191.0,1750.1585693359375,722200.0,2133.6,2148.68,,,84.14634146341464,2136.46,,,,2329.0,2192.0,2176.0,2138.0,564100.0
2020-04-18,2191.0,2214.0,2142.0,2191.0,1750.1585693359375,722200.0,2127.25,2154.48,,,84.14634146341464,2133.96,,,,2329.0,2214.0,2191.0,2191.0,722200.0
2020-04-19,2191.0,2214.0,2142.0,2191.0,1750.1585693359375,722200.0,2120.35,2155.76,,,84.14634146341464,2131.46,,,,2191.0,2214.0,2191.0,2191.0,722200.0
2020-04-20,2180.0,2188.0,2143.0,2162.0,1726.993408203125,313800.0,2119.55,2154.08,,,71.54811715481172,2128.38,,,,2191.0,2214.0,2191.0,2191.0,722200.0
2020-04-21,2115.0,2131.0,2085.0,2101.0,1678.2669677734375,656700.0,2119.85,2145.4,,,48.19277108433735,2124.64,,,,2191.0,2188.0,2162.0,2180.0,313800.0
2020-04-22,2123.0,2130.0,2097.0,2116.0,1690.249267578125,499500.0,2123.4,2137.32,,,49.80544747081712,2122.14,,,,2191.0,2131.0,2101.0,2115.0,656700.0
2020-04-23,2122.0,2181.0,2109.0,2181.0,1742.17041015625,539100.0,2131.3,2131.84,,,60.12461059190032,2121.26,,,,2191.0,2130.0,2116.0,2123.0,499500.0
2020-04-24,2158.0,2172.0,2143.0,2154.0,1720.60302734375,892400.0,2137.85,2124.84,,,49.346405228758165,2119.06,,,,2191.0,2181.0,2181.0,2122.0,539100.0
2020-04-25,2158.0,2172.0,2143.0,2154.0,1720.60302734375,892400.0,2144.4,2123.88,,,49.346405228758165,2117.64,,,-0.1143092105263158,2191.0,2172.0,2154.0,2158.0,892400.0
2020-04-26,2158.0,2172.0,2143.0,2154.0,1720.60302734375,892400.0,2149.15,2126.24,,,49.346405228758165,2116.22,,,-0.1054817275747508,2191.0,2172.0,2154.0,2158.0,892400.0
2020-04-27,2181.0,2183.0,2143.0,2156.0,1722.2008056640625,704800.0,2151.45,2130.68,,,56.66666666666666,2114.84,,,-0.0848896434634974,2191.0,2172.0,2154.0,2158.0,892400.0
2020-04-28,2200.0,2219.0,2159.0,2184.0,1744.5670166015625,593500.0,2154.8,2137.12,,,58.94736842105264,2116.74,,,-0.0569948186528497,2191.0,2183.0,2156.0,2181.0,704800.0
2020-04-29,2200.0,2219.0,2159.0,2184.0,1744.5670166015625,593500.0,2158.2,2143.56,,,57.60869565217392,2118.32,,,-0.0569948186528497,2191.0,2219.0,2184.0,2200.0,593500.0
2020-04-30,2210.0,2221.0,2156.0,2160.0,1725.39599609375,806000.0,2158.3,2149.04,,,46.99248120300752,2118.46,,,-0.0673575129533678,2191.0,2219.0,2184.0,2200.0,593500.0
2020-05-01,1960.0,2020.0,1960.0,1986.0,1586.4056396484375,1861900.0,2149.7,2146.12,,,25.88235294117648,2116.74,,,-0.1319930069930069,2191.0,2221.0,2160.0,2210.0,806000.0
2020-05-02,1960.0,2020.0,1960.0,1986.0,1586.4056396484375,1861900.0,2141.1,2141.16,,,25.88235294117648,2116.04,,,-0.1137884872824631,2191.0,2020.0,1986.0,1960.0,1861900.0
2020-05-03,1960.0,2020.0,1960.0,1986.0,1586.4056396484375,1861900.0,2134.4,2135.92,,,25.88235294117648,2115.34,,,-0.1074157303370786,2191.0,2020.0,1986.0,1960.0,1861900.0
2020-05-04,1960.0,2020.0,1960.0,1986.0,1586.4056396484375,1861900.0,2127.05,2130.72,,,27.77777777777777,2114.64,,,-0.1227915194346289,2191.0,2020.0,1986.0,1960.0,1861900.0
2020-05-05,1960.0,2020.0,1960.0,1986.0,1586.4056396484375,1861900.0,2119.25,2123.84,,,32.83582089552239,2115.52,,,-0.1074157303370786,2191.0,2020.0,1986.0,1960.0,1861900.0
2020-05-06,1960.0,2020.0,1960.0,1986.0,1586.4056396484375,1861900.0,2109.75,2116.96,,,29.687499999999982,2113.76,,,-0.1074157303370786,2191.0,2020.0,1986.0,1960.0,1861900.0
2020-05-07,1986.0,2005.0,1935.0,1949.0,1556.8504638671875,1161800.0,2097.65,2108.6,,,10.273972602739732,2112.0,,,-0.1240449438202246,2191.0,2020.0,1986.0,1960.0,1861900.0
2020-05-08,1979.0,1997.0,1966.0,1977.0,1579.2164306640625,683600.0,2086.95,2102.88,,,19.79522184300341,2112.12,,,-0.0536141694590713,2191.0,2005.0,1949.0,1986.0,1161800.0
2020-05-09,1979.0,1997.0,1966.0,1977.0,1579.2164306640625,683600.0,2076.25,2096.64,2132.346666666667,,19.79522184300341,2112.24,,,-0.0608076009501187,2184.0,1997.0,1977.0,1979.0,683600.0
2020-05-10,1979.0,1997.0,1966.0,1977.0,1579.2164306640625,683600.0,2067.0,2090.04,2126.28,,19.79522184300341,2112.36,,,-0.0817464003715745,2184.0,1997.0,1977.0,1979.0,683600.0
2020-05-11,1970.0,2012.0,1962.0,2002.0,1599.1865234375,644000.0,2062.05,2083.08,2120.866666666667,,25.632911392405063,2112.98,,,-0.0337837837837837,2184.0,1997.0,1977.0,1979.0,683600.0
2020-05-12,2017.0,2030.0,2005.0,2016.0,1610.3695068359375,371000.0,2057.05,2076.08,2116.333333333333,,22.185430463576168,2112.38,,,-0.0024740227610093,2184.0,2012.0,2002.0,1970.0,644000.0
2020-05-13,1991.0,1999.0,1971.0,1979.0,1580.81396484375,625200.0,2046.95,2067.6,2111.84,,19.764011799410028,2111.04,,,-0.0207817911924789,2184.0,2030.0,2016.0,2017.0,371000.0
2020-05-14,1970.0,1983.0,1937.0,1937.0,1547.2647705078125,572300.0,2036.1,2057.44,2106.786666666667,,18.76750700280111,2106.6,-25.559999999999945,,-0.0415635823849579,2184.0,1999.0,1979.0,1991.0,625200.0
2020-05-15,1930.0,1937.0,1904.0,1915.0,1529.69140625,982900.0,2024.15,2047.56,2101.44,,32.6829268292683,2100.82,-24.840000000000146,,-0.0139031925849639,2184.0,1983.0,1937.0,1970.0,572300.0
2020-05-16,1930.0,1937.0,1904.0,1915.0,1529.69140625,982900.0,2012.2,2040.12,2096.4666666666667,,32.6829268292683,2092.76,-24.40000000000009,,-0.0766634522661523,2184.0,1937.0,1915.0,1930.0,982900.0
2020-05-17,1930.0,1937.0,1904.0,1915.0,1529.69140625,982900.0,2000.15,2032.08,2092.12,,32.6829268292683,2084.7,-24.2133333333336,,-0.0598919980363279,2184.0,1937.0,1915.0,1930.0,982900.0
2020-05-18,1903.0,1911.0,1875.0,1886.0,1506.5263671875,921600.0,1985.25,2020.28,2087.6,,28.632478632478623,2076.06,-24.24000000000024,,-0.0431253170979198,2184.0,1937.0,1915.0,1930.0,982900.0
2020-05-19,1920.0,1923.0,1886.0,1898.0,1516.1119384765625,779000.0,1970.95,2010.04,2082.72,,32.11382113821138,2067.44,-24.06666666666706,,-0.037037037037037,2160.0,1911.0,1886.0,1903.0,921600.0
2020-05-20,1895.0,1934.0,1887.0,1933.0,1544.06982421875,819400.0,1959.6,2001.2,2078.826666666667,,40.56939501779359,2062.54,-22.61333333333323,,-0.0192795535261288,2016.0,1923.0,1898.0,1920.0,779000.0
2020-05-21,1924.0,1931.0,1917.0,1924.0,1536.88037109375,540500.0,1956.5,1992.0,2074.813333333333,,45.0592885375494,2059.12,-21.6533333333332,,-0.023845763571791,2016.0,1934.0,1933.0,1895.0,819400.0
2020-05-22,1917.0,1929.0,1883.0,1896.0,1514.51416015625,714400.0,1952.0,1981.6,2070.4266666666667,,33.99209486166008,2056.14,-21.69333333333316,,-0.0733137829912023,2016.0,1931.0,1924.0,1924.0,540500.0
2020-05-23,1917.0,1929.0,1883.0,1896.0,1514.51416015625,714400.0,1947.5,1970.08,2067.853333333333,,33.99209486166008,2053.6,-19.74666666666644,,-0.0733137829912023,2016.0,1929.0,1896.0,1917.0,714400.0
2020-05-24,1917.0,1929.0,1883.0,1896.0,1514.51416015625,714400.0,1943.0,1958.56,2065.0666666666666,,33.99209486166008,2051.06,-17.653333333333194,,-0.1218156553960166,2016.0,1929.0,1896.0,1917.0,714400.0
2020-05-25,1930.0,1936.0,1911.0,1936.0,1546.466064453125,594500.0,1940.5,1949.6,2062.173333333333,,37.6865671641791,2049.32,-16.65333333333365,,-0.1215970961887477,2016.0,1929.0,1896.0,1917.0,714400.0
2020-05-26,1944.0,1983.0,1937.0,1982.0,1583.210693359375,600000.0,1940.3,1949.44,2060.9733333333334,,44.33333333333333,2047.78,-13.840000000000146,,-0.1449525452976704,2016.0,1936.0,1936.0,1930.0,594500.0
2020-05-27,1985.0,2029.0,1977.0,2023.0,1615.961181640625,983700.0,1944.0,1950.92,2061.0,,57.23684210526315,2046.04,-9.426666666666732,,-0.1272648835202761,2023.0,1983.0,1982.0,1944.0,600000.0
2020-05-28,2036.0,2046.0,2001.0,2017.0,1611.1683349609375,1048900.0,1946.0,1952.16,2060.9466666666667,,64.92537313432837,2044.04,-6.906666666666752,,-0.1298533218291631,2023.0,2029.0,2023.0,1985.0,983700.0
2020-05-29,2030.0,2053.0,2020.0,2033.0,1623.9490966796875,1617500.0,1948.8,1954.04,2061.1066666666666,,72.51908396946564,2042.38,-3.960000000000037,,-0.1270931730356376,2033.0,2046.0,2017.0,2036.0,1048900.0
2020-05-30,2030.0,2053.0,2020.0,2033.0,1623.9490966796875,1617500.0,1951.6,1955.92,2062.32,,72.51908396946564,2039.88,0.146666666666988,,-0.066574839302112,2033.0,2053.0,2033.0,2030.0,1617500.0
2020-05-31,2030.0,2053.0,2020.0,2033.0,1623.9490966796875,1617500.0,1953.15,1957.8,2061.773333333333,,72.51908396946564,2037.38,0.8000000000001819,,-0.0295942720763723,2033.0,2053.0,2033.0,2030.0,1617500.0
2020-06-01,2033.0,2035.0,2001.0,2013.0,1607.9732666015625,523400.0,1953.0,1960.36,2061.4533333333334,,75.09881422924902,2034.48,0.4533333333333758,,-0.0156479217603912,2033.0,2053.0,2033.0,2030.0,1617500.0
2020-06-02,2019.0,2026.0,1995.0,2019.0,1612.765869140625,851600.0,1955.0,1962.04,2062.093333333333,,74.49392712550608,2032.46,1.1466666666665333,,-0.0019772614928323,2033.0,2035.0,2013.0,2033.0,523400.0
2020-06-03,2043.0,2049.0,1998.0,2003.0,1599.985107421875,909600.0,1958.3,1963.08,2062.52,,65.35087719298245,2029.86,1.4133333333334122,,-0.009886307464162,2033.0,2026.0,2019.0,2019.0,851600.0
2020-06-04,1999.0,2007.0,1966.0,1981.0,1582.4117431640625,791500.0,1961.6,1963.24,2062.653333333333,,61.825726141078846,2026.64,0.3333333333330301,,-0.0207612456747404,2033.0,2049.0,2003.0,2043.0,909600.0
2020-06-05,1989.0,2037.0,1987.0,2034.0,1624.748046875,799600.0,1967.55,1964.52,2063.4933333333333,,75.93984962406014,2023.8,1.7199999999998,,-0.0121418164157357,2034.0,2007.0,1981.0,1999.0,791500.0
2020-06-06,1989.0,2037.0,1987.0,2034.0,1624.748046875,799600.0,1973.5,1965.24,2063.333333333333,,75.93984962406014,2020.66,1.8800000000001087,,-0.0360189573459716,2034.0,2037.0,2034.0,1989.0,799600.0
2020-06-07,1989.0,2037.0,1987.0,2034.0,1624.748046875,799600.0,1980.9,1967.44,2063.173333333333,,75.93984962406014,2017.52,1.0799999999999272,,-0.0392064241851677,2034.0,2037.0,2034.0,1989.0,799600.0
2020-06-08,2047.0,2071.0,2037.0,2056.0,1642.3211669921875,716900.0,1988.8,1972.2,2061.8,,74.19354838709677,2014.82,-0.7199999999997999,,-0.0283553875236295,2056.0,2037.0,2034.0,1989.0,799600.0
2020-06-09,2080.0,2082.0,2023.0,2056.0,1642.3211669921875,659400.0,1994.95,1977.84,2059.826666666667,,68.31683168316832,2012.7,-2.8266666666663696,,-0.0472659870250231,2056.0,2071.0,2056.0,2047.0,716900.0
2020-06-10,2048.0,2116.0,2039.0,2109.0,1684.6575927734375,983200.0,2004.2,1985.6,2057.04,,70.09345794392523,2012.86,-6.453333333333376,,-0.0227062094531974,2109.0,2082.0,2056.0,2080.0,659400.0
2020-06-11,2094.0,2102.0,2053.0,2071.0,1654.3033447265625,1075600.0,2012.95,1991.84,2053.7466666666664,,60.97560975609756,2011.96,-9.586666666667044,,-0.0403151065801667,2109.0,2116.0,2109.0,2048.0,983200.0
2020-06-12,2050.0,2061.0,2033.0,2043.0,1631.9368896484375,1146100.0,2020.3,1998.12,2050.08,,51.93798449612403,2009.2,-13.093333333333248,,-0.0363207547169811,2109.0,2102.0,2071.0,2094.0,1075600.0
2020-06-13,2050.0,2061.0,2033.0,2043.0,1631.9368896484375,1146100.0,2027.65,2003.92,2046.2666666666669,,51.93798449612403,2006.98,-15.53333333333353,,-0.0421940928270042,2109.0,2061.0,2043.0,2050.0,1146100.0
2020-06-14,2050.0,2061.0,2033.0,2043.0,1631.9368896484375,1146100.0,2033.0,2008.32,2044.4666666666667,,51.93798449612403,2004.76,-15.360000000000127,,-0.0462184873949579,2109.0,2061.0,2043.0,2050.0,1146100.0
2020-06-15,2039.0,2049.0,1999.0,1999.0,1596.7900390625,637100.0,2033.85,2011.32,2043.1866666666667,,47.51773049645389,2001.66,-13.85333333333324,,-0.0813419117647058,2109.0,2061.0,2043.0,2050.0,1146100.0
2020-06-16,2034.0,2079.0,2015.0,2069.0,1652.70556640625,743300.0,2036.15,2018.24,2043.506666666667,,57.22543352601156,1999.92,-10.239999999999782,,-0.0556823368324965,2109.0,2049.0,1999.0,2039.0,637100.0
2020-06-17,2079.0,2090.0,2056.0,2056.0,1642.3211669921875,501300.0,2038.1,2024.64,2043.9466666666667,,57.72594752186588,1997.36,-6.133333333333212,,-0.0616157005933364,2109.0,2079.0,2069.0,2034.0,743300.0
2020-06-18,2066.0,2079.0,2038.0,2056.0,1642.3211669921875,507100.0,2039.25,2031.04,2044.3866666666668,,61.6822429906542,1994.8,-1.879999999999881,,-0.0616157005933364,2109.0,2090.0,2056.0,2079.0,501300.0
2020-06-19,2079.0,2093.0,2060.0,2077.0,1659.095947265625,1591200.0,2041.45,2036.68,2045.1066666666663,,57.43944636678201,1993.14,0.6399999999998727,,-0.0393154486586494,2109.0,2079.0,2056.0,2066.0,507100.0
2020-06-20,2079.0,2093.0,2060.0,2077.0,1659.095947265625,1591200.0,2043.65,2040.48,2045.3466666666664,,57.43944636678201,1994.96,2.1599999999998545,,-0.0114231318419799,2109.0,2093.0,2077.0,2079.0,1591200.0
2020-06-21,2079.0,2093.0,2060.0,2077.0,1659.095947265625,1591200.0,2046.85,2042.64,2044.9066666666668,,57.43944636678201,1996.78,1.400000000000091,,-0.0184310018903591,2109.0,2093.0,2077.0,2079.0,1591200.0
2020-06-22,2078.0,2096.0,2055.0,2061.0,1646.3150634765625,426600.0,2048.95,2044.4,2044.16,,50.8833922261484,1998.28,0.2133333333333666,,-0.0550206327372765,2109.0,2093.0,2077.0,2079.0,1591200.0
2020-06-23,2079.0,2098.0,2058.0,2079.0,1660.6934814453125,502000.0,2052.75,2046.24,2043.6666666666667,,53.82059800664452,2000.14,-0.7200000000000273,,-0.0348189415041783,2109.0,2096.0,2061.0,2078.0,426600.0
2020-06-24,2072.0,2072.0,2049.0,2049.0,1636.729736328125,438900.0,2056.15,2046.88,2042.213333333333,,39.20863309352518,2001.4,-2.893333333333203,,-0.0487465181058496,2109.0,2098.0,2079.0,2079.0,502000.0
2020-06-25,2040.0,2047.0,2026.0,2035.0,1625.5465087890625,483200.0,2056.2,2046.96,2040.5733333333333,,42.91338582677165,2002.38,-4.773333333333312,,-0.0552460538532961,2109.0,2072.0,2049.0,2072.0,438900.0
2020-06-26,2044.0,2052.0,2029.0,2036.0,1626.3455810546875,531700.0,2056.3,2047.88,2038.9466666666667,,48.45814977973568,2004.12,-5.960000000000036,,-0.0556586270871984,2109.0,2047.0,2035.0,2040.0,483200.0
2020-06-27,2044.0,2052.0,2029.0,2036.0,1626.3455810546875,531700.0,2056.4,2048.56,2037.8266666666664,,48.45814977973568,2005.3,-6.333333333333485,,-0.0677655677655677,2109.0,2052.0,2036.0,2044.0,531700.0
2020-06-28,2044.0,2052.0,2029.0,2036.0,1626.3455810546875,531700.0,2055.4,2049.88,2036.5333333333333,,48.45814977973568,2006.48,-7.133333333333439,,-0.0677655677655677,2109.0,2052.0,2036.0,2044.0,531700.0
2020-06-29,2018.0,2020.0,1987.0,2006.0,1602.3814697265625,732000.0,2052.9,2050.88,2034.72,,51.64319248826291,2007.06,-7.493333333333339,,-0.0712962962962963,2109.0,2052.0,2036.0,2044.0,531700.0
2020-06-30,2046.0,2079.0,2036.0,2045.0,1633.5345458984375,640600.0,2049.7,2051.32,2032.973333333333,,43.40659340659341,2007.92,-7.599999999999909,,0.0297079556898287,2079.0,2020.0,2006.0,2018.0,732000.0
2020-07-01,2049.0,2052.0,1983.0,1990.0,1589.6009521484375,626300.0,2045.65,2049.56,2030.2933333333333,,35.26785714285714,2007.4,-8.653333333333421,,0.0020140986908359,2079.0,2079.0,2045.0,2046.0,640600.0
2020-07-02,1980.0,1984.0,1900.0,1915.0,1529.69140625,1446600.0,2039.25,2044.8,2026.6133333333328,,26.421404682274243,2006.12,-11.213333333333368,,-0.0357502517623363,2079.0,2052.0,1990.0,2049.0,626300.0
2020-07-03,1890.0,1894.0,1813.0,1819.0,1453.007080078125,2864600.0,2028.05,2035.32,2021.6533333333327,,15.508021390374338,2003.76,-14.879999999999882,,-0.0840886203423967,2079.0,1984.0,1915.0,1980.0,1446600.0
2020-07-04,1890.0,1894.0,1813.0,1819.0,1453.007080078125,2864600.0,2016.85,2025.84,2017.08,,15.508021390374338,2001.84,-17.6400000000001,,-0.0840886203423967,2079.0,1894.0,1819.0,1890.0,2864600.0
2020-07-05,1890.0,1894.0,1813.0,1819.0,1453.007080078125,2864600.0,2007.85,2014.24,2013.32,,15.508021390374338,1999.92,-19.65333333333342,,-0.0840886203423967,2079.0,1894.0,1819.0,1890.0,2864600.0
2020-07-06,1820.0,1880.0,1820.0,1871.0,1494.5443115234375,1158700.0,1997.95,2006.24,2010.0533333333333,,26.82926829268293,1999.04,-20.24000000000001,,-0.0400205233453052,2079.0,1894.0,1819.0,1890.0,2864600.0
2020-07-07,1848.0,1849.0,1793.0,1795.0,1433.8359375,1156200.0,1984.9,1996.32,2004.9066666666668,,19.65811965811966,1997.22,-21.70666666666648,,-0.0920586747597369,2079.0,1880.0,1871.0,1820.0,1158700.0
2020-07-08,1789.0,1811.0,1779.0,1779.0,1421.05517578125,716100.0,1971.05,1985.76,1999.9066666666668,,20.264317180616743,1994.84,-21.74666666666667,,-0.1001517450682852,2079.0,1849.0,1795.0,1848.0,1156200.0
2020-07-09,1782.0,1808.0,1759.0,1789.0,1429.043212890625,745300.0,1956.65,1975.6,1995.04,,22.66666666666667,1991.96,-22.039999999999964,,-0.0950935761254425,2079.0,1811.0,1779.0,1789.0,716100.0
2020-07-10,1760.0,1780.0,1751.0,1759.0,1405.0794677734375,819000.0,1940.75,1966.0,1989.7733333333333,,21.085594989561585,1988.66,-23.546666666666624,,-0.1213786213786214,2079.0,1808.0,1789.0,1782.0,745300.0
2020-07-11,1760.0,1780.0,1751.0,1759.0,1405.0794677734375,819000.0,1924.85,1953.6,1984.48,,21.085594989561585,1985.92,-25.573333333333267,,-0.1274801587301587,2079.0,1780.0,1759.0,1760.0,819000.0
2020-07-12,1760.0,1780.0,1751.0,1759.0,1405.0794677734375,819000.0,1909.75,1941.72,1978.8133333333333,,21.085594989561585,1983.18,-26.09333333333348,,-0.1111672561899949,2079.0,1780.0,1759.0,1760.0,819000.0
2020-07-13,1781.0,1824.0,1778.0,1822.0,1455.403564453125,1070800.0,1896.9,1932.36,1973.986666666667,,32.03125,1981.7,-25.92000000000008,,-0.059370160041301,2049.0,1780.0,1759.0,1760.0,819000.0
2020-07-14,1829.0,1838.0,1802.0,1807.0,1443.421630859375,844400.0,1884.8,1921.56,1969.28,,25.614754098360663,1979.12,-25.75999999999999,,-0.056396866840731,2045.0,1824.0,1822.0,1781.0,1070800.0
2020-07-15,1835.0,1865.0,1822.0,1824.0,1457.0009765625,734500.0,1874.25,1911.44,1967.12,,31.55555555555556,1975.96,-22.65333333333342,,-0.0475195822454308,2045.0,1838.0,1807.0,1829.0,844400.0
2020-07-16,1846.0,1860.0,1815.0,1822.0,1455.403564453125,1094200.0,1863.55,1901.24,1964.9333333333327,,37.6657824933687,1971.94,-19.546666666666624,,-0.0485639686684072,2045.0,1865.0,1824.0,1835.0,734500.0
2020-07-17,1799.0,1813.0,1787.0,1791.0,1430.640869140625,973900.0,1851.3,1890.44,1962.3333333333333,,45.51282051282052,1967.42,-16.480000000000018,,-0.0503711558854719,2045.0,1860.0,1822.0,1846.0,1094200.0
2020-07-18,1799.0,1813.0,1787.0,1791.0,1430.640869140625,973900.0,1839.05,1878.92,1959.733333333333,,45.51282051282052,1962.58,-14.25333333333333,,-0.0563751317175974,2045.0,1813.0,1791.0,1799.0,973900.0
2020-07-19,1799.0,1813.0,1787.0,1791.0,1430.640869140625,973900.0,1828.3,1868.6,1957.1333333333328,,45.51282051282052,1957.74,-12.146666666666531,,-0.073460941541645,2045.0,1813.0,1791.0,1799.0,973900.0
2020-07-20,1770.0,1775.0,1756.0,1766.0,1410.6710205078125,971600.0,1814.35,1857.84,1954.2,,31.57894736842105,1952.4,-12.919999999999844,,-0.0821205821205821,1990.0,1813.0,1791.0,1799.0,973900.0
2020-07-21,1749.0,1749.0,1713.0,1721.0,1374.72509765625,1861100.0,1800.9,1845.24,1951.16,,35.43307086614173,1946.56,-13.773333333333312,,-0.0922995780590717,1915.0,1775.0,1766.0,1770.0,971600.0
2020-07-22,1700.0,1739.0,1695.0,1699.0,1357.1514892578125,1376300.0,1790.1,1831.76,1947.4533333333327,,34.61538461538461,1940.16,-14.879999999999882,,-0.1039029535864979,1871.0,1749.0,1721.0,1749.0,1861100.0
2020-07-23,1700.0,1739.0,1695.0,1699.0,1357.1514892578125,1376300.0,1784.1,1818.28,1943.746666666667,,32.0,1934.08,-15.98666666666668,,-0.1039029535864979,1871.0,1739.0,1699.0,1700.0,1376300.0
2020-07-24,1700.0,1739.0,1695.0,1699.0,1357.1514892578125,1376300.0,1778.1,1806.0,1940.04,,36.36363636363636,1928.44,-17.093333333333476,,-0.1224173553719008,1871.0,1739.0,1699.0,1700.0,1376300.0
2020-07-25,1700.0,1739.0,1695.0,1699.0,1357.1514892578125,1376300.0,1772.1,1792.16,1936.0,,36.36363636363636,1921.74,-18.200000000000045,,-0.1427850655903128,1871.0,1739.0,1699.0,1700.0,1376300.0
2020-07-26,1700.0,1739.0,1695.0,1699.0,1357.1514892578125,1376300.0,1763.5,1780.52,1931.7733333333333,,36.36363636363636,1915.04,-19.38666666666677,,-0.1601581809194265,1824.0,1739.0,1699.0,1700.0,1376300.0
2020-07-27,1670.0,1691.0,1659.0,1688.0,1348.3651123046875,1476000.0,1758.15,1771.44,1927.8933333333327,,10.119047619047606,1908.12,-19.559999999999945,,-0.1631135349529003,1824.0,1739.0,1699.0,1700.0,1376300.0
2020-07-28,1650.0,1653.0,1588.0,1591.0,1270.8818359375,2159100.0,1748.75,1762.32,1923.28,,6.799999999999997,1898.82,-20.466666666666697,,-0.2174126906050172,1824.0,1691.0,1688.0,1670.0,1476000.0
2020-07-29,1575.0,1583.0,1512.0,1518.0,1212.56982421875,2345600.0,1735.2,1750.28,1917.986666666667,,0.0,1888.06,-22.053333333333285,,-0.2533202164289228,1824.0,1653.0,1591.0,1650.0,2159100.0
2020-07-30,1518.0,1530.0,1503.0,1510.0,1206.1795654296875,1511600.0,1722.75,1737.92,1912.5866666666664,,0.0,1876.08,-23.41333333333341,,-0.2572552877520905,1824.0,1583.0,1518.0,1575.0,2345600.0
2020-07-31,1513.0,1517.0,1427.0,1435.0,1146.27001953125,1445500.0,1706.55,1720.48,1906.1866666666667,,0.0,1863.36,-25.586666666666588,,-0.2871336313959265,1824.0,1530.0,1510.0,1518.0,1511600.0
2020-08-01,1513.0,1517.0,1427.0,1435.0,1146.27001953125,1445500.0,1690.35,1706.08,1900.1733333333327,,0.0,1851.2,-27.720000000000027,,-0.2892521050024764,1824.0,1517.0,1435.0,1513.0,1445500.0
2020-08-02,1513.0,1517.0,1427.0,1435.0,1146.27001953125,1445500.0,1671.0,1692.32,1894.0,,0.0,1839.04,-29.279999999999973,,-0.2835746380429356,1824.0,1517.0,1435.0,1513.0,1445500.0
2020-08-03,1460.0,1481.0,1449.0,1460.0,1166.2398681640625,1294000.0,1653.65,1679.16,1887.6933333333327,,7.022471910112358,1827.38,-30.29333333333329,,-0.2629984856133266,1824.0,1517.0,1435.0,1513.0,1445500.0
2020-08-04,1447.0,1492.0,1422.0,1480.0,1182.2156982421875,1792400.0,1636.45,1668.0,1881.7733333333333,,13.595166163141997,1817.0,-30.81333333333328,,-0.272369714847591,1822.0,1481.0,1460.0,1460.0,1294000.0
2020-08-05,1494.0,1497.0,1454.0,1477.0,1179.8193359375,1396900.0,1619.2,1656.72,1876.1866666666667,,14.42307692307692,1805.16,-30.0,,-0.2738446411012782,1791.0,1492.0,1480.0,1447.0,1792400.0
2020-08-06,1500.0,1541.0,1435.0,1460.0,1166.2398681640625,2586700.0,1602.65,1644.76,1870.3733333333328,,13.677811550151972,1793.24,-29.800000000000185,,-0.2822025565388397,1791.0,1497.0,1477.0,1494.0,1396900.0
2020-08-07,1459.0,1530.0,1450.0,1528.0,1220.5579833984375,1775000.0,1589.5,1633.0,1865.4666666666667,,28.46347607052897,1782.68,-28.533333333333303,,-0.2568093385214007,1791.0,1541.0,1460.0,1500.0,2586700.0
2020-08-08,1459.0,1530.0,1450.0,1528.0,1220.5579833984375,1775000.0,1576.35,1621.84,1860.0266666666664,,28.46347607052897,1771.7,-27.666666666666742,,-0.2568093385214007,1766.0,1530.0,1528.0,1459.0,1775000.0
2020-08-09,1459.0,1530.0,1450.0,1528.0,1220.5579833984375,1775000.0,1564.45,1610.0,1853.973333333333,,28.46347607052897,1760.72,-27.799999999999955,,-0.2754860123281176,1721.0,1530.0,1528.0,1459.0,1775000.0
2020-08-10,1459.0,1530.0,1450.0,1528.0,1220.5579833984375,1775000.0,1554.8,1598.24,1847.3733333333328,,29.274611398963728,1749.74,-28.813333333333503,,-0.2621921776919362,1699.0,1530.0,1528.0,1459.0,1775000.0
2020-08-11,1538.0,1573.0,1531.0,1573.0,1256.5035400390625,1309100.0,1548.5,1589.52,1841.4533333333327,,47.305389221556894,1739.98,-28.919999999999845,,-0.2300538423886441,1699.0,1530.0,1528.0,1459.0,1775000.0
2020-08-12,1613.0,1625.0,1578.0,1619.0,1293.248291015625,1642500.0,1544.5,1582.64,1835.9333333333327,,66.44951140065146,1730.78,-29.533333333333303,,-0.2075379344101811,1699.0,1573.0,1573.0,1538.0,1309100.0
2020-08-13,1614.0,1626.0,1590.0,1625.0,1298.0408935546875,1562100.0,1540.8,1576.0,1830.493333333333,,68.85245901639345,1722.3,-29.533333333333303,,-0.2046010768477728,1699.0,1625.0,1619.0,1613.0,1642500.0
2020-08-14,1627.0,1632.0,1615.0,1621.0,1294.8458251953125,807400.0,1536.9,1570.2,1825.0,,89.74358974358974,1714.02,-28.97333333333336,,-0.1890945472736368,1699.0,1626.0,1625.0,1614.0,1562100.0
2020-08-15,1627.0,1632.0,1615.0,1621.0,1294.8458251953125,807400.0,1533.0,1566.2,1819.7733333333333,,89.74358974358974,1705.72,-27.59999999999991,,-0.2165297245045916,1688.0,1632.0,1621.0,1627.0,807400.0
2020-08-16,1627.0,1632.0,1615.0,1621.0,1294.8458251953125,807400.0,1529.65,1563.08,1814.4666666666667,,89.74358974358974,1697.42,-26.98666666666668,,-0.2115758754863813,1625.0,1632.0,1621.0,1627.0,807400.0
2020-08-17,1616.0,1621.0,1602.0,1602.0,1279.6685791015625,624200.0,1530.2,1559.2,1809.12,,81.14035087719299,1688.74,-26.813333333333503,,-0.220817120622568,1625.0,1632.0,1621.0,1627.0,807400.0
2020-08-18,1587.0,1603.0,1565.0,1597.0,1275.6748046875,920800.0,1534.15,1555.12,1804.0,,77.46478873239437,1680.56,-26.49333333333334,,-0.2311025517573423,1625.0,1621.0,1602.0,1616.0,624200.0
2020-08-19,1586.0,1601.0,1578.0,1601.0,1278.8697509765625,490800.0,1538.7,1551.2,1798.2266666666667,,78.97196261682242,1671.68,-26.773333333333312,,-0.2291766971593645,1625.0,1603.0,1597.0,1587.0,920800.0
2020-08-20,1600.0,1615.0,1595.0,1608.0,1284.46142578125,573900.0,1547.35,1547.56,1792.5466666666666,,86.27450980392157,1664.04,-27.226666666666688,,-0.2258064516129032,1625.0,1601.0,1601.0,1586.0,490800.0
2020-08-21,1609.0,1620.0,1597.0,1607.0,1283.66259765625,548300.0,1555.95,1544.32,1786.8533333333332,,78.83211678832117,1657.88,-27.613333333333458,,-0.2202814167879669,1625.0,1615.0,1608.0,1600.0,573900.0
2020-08-22,1609.0,1620.0,1597.0,1607.0,1283.66259765625,548300.0,1564.55,1544.96,1780.8666666666666,,78.83211678832117,1653.64,-28.25333333333333,,-0.227032227032227,1625.0,1620.0,1607.0,1609.0,548300.0
2020-08-23,1609.0,1620.0,1597.0,1607.0,1283.66259765625,548300.0,1571.9,1548.52,1774.88,,78.83211678832117,1649.4,-29.11999999999989,,-0.2157149829184967,1625.0,1620.0,1607.0,1609.0,548300.0
2020-08-24,1602.0,1605.0,1576.0,1597.0,1275.6748046875,599500.0,1577.75,1552.0,1768.0533333333333,,73.46938775510205,1644.96,-30.173333333333403,,-0.2152334152334152,1625.0,1620.0,1607.0,1609.0,548300.0
2020-08-25,1630.0,1637.0,1612.0,1624.0,1297.2420654296875,761300.0,1585.1,1559.56,1762.0933333333332,,69.76744186046511,1640.02,-30.453333333333376,,-0.2023575638506876,1625.0,1605.0,1597.0,1602.0,599500.0
2020-08-26,1604.0,1613.0,1594.0,1611.0,1286.85791015625,451300.0,1592.65,1566.6,1756.3333333333333,,45.833333333333336,1636.34,-30.519999999999985,,-0.2087426326129665,1625.0,1637.0,1624.0,1630.0,761300.0
2020-08-27,1607.0,1612.0,1587.0,1593.0,1272.4793701171875,839100.0,1595.9,1572.92,1750.3333333333333,,35.18518518518519,1632.62,-30.533333333333303,,-0.2175834970530451,1625.0,1613.0,1611.0,1604.0,451300.0
2020-08-28,1605.0,1624.0,1570.0,1581.0,1262.8939208984375,986300.0,1598.55,1577.76,1744.1733333333334,,32.758620689655174,1628.46,-30.706666666666703,,-0.211864406779661,1625.0,1612.0,1593.0,1607.0,839100.0
2020-08-29,1605.0,1624.0,1570.0,1581.0,1262.8939208984375,986300.0,1601.2,1581.8,1738.6,,32.758620689655174,1624.9,-29.453333333333376,,-0.2268948655256724,1625.0,1624.0,1581.0,1605.0,986300.0
2020-08-30,1605.0,1624.0,1570.0,1581.0,1262.8939208984375,986300.0,1603.85,1585.96,1732.0933333333332,,32.758620689655174,1621.34,-30.0,,-0.2055276381909547,1625.0,1624.0,1581.0,1605.0,986300.0
2020-08-31,1596.0,1631.0,1595.0,1599.0,1277.2720947265625,981400.0,1605.15,1591.52,1726.0,,48.69565217391305,1618.14,-30.333333333333258,,-0.1650130548302871,1625.0,1624.0,1581.0,1605.0,986300.0
2020-09-01,1602.0,1619.0,1593.0,1618.0,1292.44921875,607100.0,1605.1,1595.12,1720.16,,58.13953488372093,1614.06,-30.173333333333176,,-0.1105002748763056,1625.0,1631.0,1599.0,1596.0,981400.0
2020-09-02,1610.0,1611.0,1588.0,1608.0,1284.46142578125,864800.0,1604.25,1598.32,1713.9066666666668,,52.5925925925926,1610.08,-30.26666666666665,,-0.1159978009895547,1624.0,1619.0,1618.0,1602.0,607100.0
2020-09-03,1622.0,1626.0,1608.0,1616.0,1290.8516845703125,667700.0,1604.0,1601.84,1707.76,,52.94117647058823,1605.92,-30.83999999999992,,-0.1115997800989554,1624.0,1611.0,1608.0,1610.0,864800.0
2020-09-04,1595.0,1614.0,1583.0,1608.0,1284.46142578125,670900.0,1603.35,1605.04,1701.506666666667,,50.34965034965036,1601.64,-30.586666666666588,,-0.1405665419561731,1624.0,1626.0,1616.0,1622.0,667700.0
2020-09-05,1595.0,1614.0,1583.0,1608.0,1284.46142578125,670900.0,1602.7,1606.44,1695.4666666666667,,50.34965034965036,1597.98,-30.533333333333303,,-0.1041782729805014,1624.0,1614.0,1608.0,1595.0,670900.0
2020-09-06,1595.0,1614.0,1583.0,1608.0,1284.46142578125,670900.0,1603.0,1606.0,1689.1866666666667,,50.34965034965036,1594.32,-30.97333333333336,,-0.0961214165261382,1624.0,1614.0,1608.0,1595.0,670900.0
2020-09-07,1600.0,1616.0,1598.0,1600.0,1278.071044921875,605400.0,1603.15,1605.0,1683.2,,51.06382978723405,1590.5,-30.706666666666703,,-0.1056456120737842,1624.0,1614.0,1608.0,1595.0,670900.0
2020-09-08,1612.0,1642.0,1607.0,1640.0,1310.0228271484375,811000.0,1605.1,1605.76,1677.9333333333334,,55.1948051948052,1587.98,-29.8266666666666,,-0.0676520750426378,1640.0,1616.0,1600.0,1600.0,605400.0
2020-09-09,1613.0,1628.0,1606.0,1624.0,1297.2420654296875,818900.0,1605.9,1605.88,1672.44,,54.14012738853503,1586.04,-29.06666666666661,,-0.0767481523592951,1640.0,1642.0,1640.0,1612.0,811000.0
2020-09-10,1617.0,1643.0,1610.0,1642.0,1311.6202392578125,720700.0,1607.65,1606.72,1667.1866666666667,,65.60509554140128,1584.9,-28.279999999999973,,-0.0665150653780557,1642.0,1628.0,1624.0,1613.0,818900.0
2020-09-11,1641.0,1664.0,1631.0,1660.0,1325.998779296875,809300.0,1610.3,1609.04,1662.1733333333334,1924.565,74.23312883435582,1584.12,-27.01333333333332,,-0.0889132821075741,1660.0,1643.0,1642.0,1617.0,720700.0
2020-09-12,1641.0,1664.0,1631.0,1660.0,1325.998779296875,809300.0,1612.95,1611.56,1657.56,1920.705,74.23312883435582,1583.34,-25.6400000000001,,-0.081350304371887,1660.0,1664.0,1660.0,1641.0,809300.0
2020-09-13,1641.0,1664.0,1631.0,1660.0,1325.998779296875,809300.0,1616.1,1613.92,1652.4266666666667,1916.965,74.23312883435582,1582.56,-25.50666666666666,,-0.0899122807017543,1660.0,1664.0,1660.0,1641.0,809300.0
2020-09-14,1693.0,1714.0,1688.0,1706.0,1362.743408203125,837600.0,1620.2,1617.84,1648.64,1913.715,78.01047120418848,1582.7,-23.799999999999955,,-0.0636663007683864,1706.0,1664.0,1660.0,1641.0,809300.0
2020-09-15,1699.0,1699.0,1668.0,1680.0,1341.9747314453125,755100.0,1623.65,1620.76,1645.506666666667,1910.535,65.65656565656566,1582.54,-21.680000000000064,,-0.0619765494137353,1706.0,1714.0,1706.0,1693.0,837600.0
2020-09-16,1683.0,1684.0,1661.0,1666.0,1330.7916259765625,902600.0,1627.3,1623.12,1643.4666666666667,1907.285,64.35643564356435,1584.04,-18.706666666666703,-17.279999999999973,-0.0697934115019541,1706.0,1699.0,1680.0,1699.0,755100.0
2020-09-17,1676.0,1691.0,1650.0,1654.0,1321.2059326171875,824200.0,1630.95,1625.0,1641.2666666666669,1903.975,59.22330097087379,1586.76,-16.293333333333294,-16.730000000000018,-0.0764935790061418,1706.0,1684.0,1666.0,1683.0,902600.0
2020-09-18,1659.0,1682.0,1647.0,1675.0,1337.98046875,989700.0,1635.65,1628.12,1639.3466666666666,1900.91,65.29680365296804,1590.06,-13.080000000000156,-16.054999999999836,-0.051528878822197,1706.0,1691.0,1654.0,1676.0,824200.0
2020-09-19,1659.0,1682.0,1647.0,1675.0,1337.98046875,989700.0,1640.35,1630.16,1636.7333333333331,1898.08,65.29680365296804,1594.86,-11.906666666666752,-15.634999999999993,-0.0267286461359674,1706.0,1682.0,1675.0,1659.0,989700.0
2020-09-20,1659.0,1682.0,1647.0,1675.0,1337.98046875,989700.0,1644.15,1632.72,1635.1333333333334,1895.33,65.29680365296804,1599.66,-10.37333333333322,-15.205000000000156,-0.0141259564449676,1706.0,1682.0,1675.0,1659.0,989700.0
2020-09-21,1659.0,1682.0,1647.0,1675.0,1337.98046875,989700.0,1647.0,1636.0,1633.746666666667,1892.385,67.77251184834122,1604.46,-9.720000000000027,-14.900000000000093,-0.0141259564449676,1706.0,1682.0,1675.0,1659.0,989700.0
2020-09-22,1659.0,1682.0,1647.0,1675.0,1337.98046875,989700.0,1650.35,1639.76,1632.2266666666667,1889.635,60.23391812865497,1608.76,-9.039999999999964,-14.339999999999918,-0.0141259564449676,1706.0,1682.0,1675.0,1659.0,989700.0
2020-09-23,1659.0,1677.0,1645.0,1670.0,1333.9866943359375,960700.0,1653.05,1643.32,1631.04,1886.86,64.375,1612.56,-8.306666666666615,-14.050000000000182,-0.0170688640376691,1706.0,1682.0,1675.0,1659.0,989700.0
2020-09-24,1666.0,1670.0,1630.0,1650.0,1318.0107421875,783100.0,1655.15,1646.08,1629.5866666666666,1883.985,52.46913580246914,1616.02,-7.146666666666761,-14.095000000000027,-0.0288404944084755,1706.0,1677.0,1670.0,1659.0,960700.0
2020-09-25,1666.0,1668.0,1641.0,1645.0,1314.0169677734375,1095500.0,1657.0,1647.92,1628.0666666666666,1881.765,44.966442953020135,1619.72,-7.066666666666833,-13.564999999999827,-0.025473933649289,1706.0,1670.0,1650.0,1666.0,783100.0
2020-09-26,1666.0,1668.0,1641.0,1645.0,1314.0169677734375,1095500.0,1658.85,1649.0,1625.7066666666667,1879.465,44.966442953020135,1622.06,-8.039999999999964,-12.920000000000073,0.0339409176618479,1706.0,1668.0,1645.0,1666.0,1095500.0
2020-09-27,1666.0,1668.0,1641.0,1645.0,1314.0169677734375,1095500.0,1661.1,1650.48,1623.5466666666666,1876.925,44.966442953020135,1624.4,-8.680000000000064,-12.710000000000036,0.0836627140974968,1706.0,1668.0,1645.0,1666.0,1095500.0
2020-09-28,1646.0,1688.0,1639.0,1688.0,1348.3651123046875,832400.0,1663.5,1653.36,1621.7333333333331,1875.005,43.83561643835616,1627.6,-9.306666666666615,-11.85499999999979,0.1178807947019866,1706.0,1668.0,1645.0,1666.0,1095500.0
2020-09-29,1648.0,1655.0,1623.0,1645.0,1341.83935546875,674000.0,1664.55,1654.84,1619.3733333333332,1873.125,39.2638036809816,1629.94,-10.213333333333368,-10.8599999999999,0.146341463414634,1706.0,1688.0,1688.0,1646.0,832400.0
2020-09-30,1652.0,1653.0,1623.0,1623.0,1323.893798828125,644000.0,1663.6,1655.44,1617.1333333333334,1871.135,37.42690058479533,1630.94,-10.933333333333168,-10.63000000000011,0.1310104529616724,1706.0,1655.0,1645.0,1648.0,674000.0
2020-10-01,1652.0,1653.0,1623.0,1623.0,1323.893798828125,644000.0,1661.75,1656.04,1614.8933333333334,1869.145,40.25157232704402,1631.02,-10.813333333333276,-10.319999999999936,0.1310104529616724,1706.0,1653.0,1623.0,1652.0,644000.0
2020-10-02,1612.0,1625.0,1554.0,1566.0,1277.3984375,998300.0,1657.05,1654.68,1611.8933333333334,1867.265,22.05128205128205,1629.84,-11.653333333333194,-9.659999999999854,0.0726027397260273,1706.0,1653.0,1623.0,1652.0,644000.0
2020-10-03,1612.0,1625.0,1554.0,1566.0,1277.3984375,998300.0,1652.35,1651.72,1609.2266666666667,1864.725,22.05128205128205,1628.74,-12.50666666666666,-10.2800000000002,0.058108108108108,1706.0,1625.0,1566.0,1612.0,998300.0
2020-10-04,1612.0,1625.0,1554.0,1566.0,1277.3984375,998300.0,1645.35,1649.4,1607.16,1862.37,22.05128205128205,1627.64,-12.21333333333314,-10.75500000000011,0.0602572782667569,1688.0,1625.0,1566.0,1612.0,998300.0
2020-10-05,1589.0,1615.0,1577.0,1588.0,1295.343994140625,683400.0,1640.75,1647.24,1605.68,1860.455,29.95391705069125,1626.98,-11.453333333333376,-10.680000000000064,0.0876712328767124,1688.0,1625.0,1566.0,1612.0,998300.0
2020-10-06,1596.0,1622.0,1593.0,1614.0,1316.552490234375,897900.0,1638.15,1645.4,1604.5466666666666,1858.67,37.44855967078189,1627.22,-10.346666666666806,-10.474999999999907,0.056282722513089,1688.0,1615.0,1588.0,1589.0,683400.0
2020-10-07,1614.0,1614.0,1582.0,1603.0,1307.57958984375,637600.0,1635.6,1643.12,1603.2666666666669,1856.83,36.54618473895582,1627.34,-8.626666666666779,-10.435000000000173,0.0490837696335078,1688.0,1622.0,1614.0,1596.0,897900.0
2020-10-08,1589.0,1601.0,1578.0,1578.0,1287.1868896484375,781800.0,1630.75,1639.84,1601.6533333333334,1854.865,35.826771653543304,1626.88,-7.573333333333267,-9.8599999999999,0.0327225130890052,1688.0,1614.0,1603.0,1614.0,637600.0
2020-10-09,1591.0,1593.0,1559.0,1569.0,1279.8455810546875,604700.0,1625.45,1634.36,1599.92,1852.48,35.27131782945736,1626.1,-7.240000000000009,-9.889999999999873,0.0268324607329843,1688.0,1601.0,1578.0,1589.0,781800.0
2020-10-10,1591.0,1593.0,1559.0,1569.0,1279.8455810546875,604700.0,1620.15,1629.92,1598.3333333333333,1850.095,35.27131782945736,1625.34,-7.346666666666806,-10.3599999999999,-0.0025429116338206,1688.0,1593.0,1569.0,1591.0,604700.0
2020-10-11,1591.0,1593.0,1559.0,1569.0,1279.8455810546875,604700.0,1614.85,1626.04,1598.04,1847.145,35.27131782945736,1624.58,-6.506666666666661,-11.525000000000093,-0.0308832612723903,1688.0,1593.0,1569.0,1591.0,604700.0
2020-10-12,1571.0,1576.0,1536.0,1543.0,1258.6370849609375,1018400.0,1608.25,1621.6,1598.3733333333332,1843.84,19.91701244813278,1623.3,-4.89333333333343,-12.990000000000007,-0.0504615384615384,1688.0,1593.0,1569.0,1591.0,604700.0
2020-10-13,1540.0,1555.0,1531.0,1546.0,1261.084228515625,723500.0,1602.05,1616.44,1598.8533333333332,1839.98,25.37313432835822,1622.28,-2.800000000000182,-14.884999999999993,-0.0462677359654534,1688.0,1576.0,1543.0,1571.0,1018400.0
2020-10-14,1545.0,1547.0,1522.0,1522.0,1241.5072021484375,798300.0,1595.65,1610.32,1600.013333333333,1836.0,25.1231527093596,1620.24,0.0933333333332484,-16.480000000000018,-0.0610734114743984,1688.0,1555.0,1546.0,1540.0,723500.0
2020-10-15,1520.0,1528.0,1500.0,1502.0,1225.1929931640625,806500.0,1588.5,1603.4,1600.9066666666668,1831.92,22.86995515695068,1618.06,2.573333333333494,-18.174999999999955,-0.0734114743985194,1688.0,1547.0,1522.0,1545.0,798300.0
2020-10-16,1503.0,1514.0,1494.0,1495.0,1219.483154296875,780700.0,1581.0,1596.2,1601.7066666666667,1827.75,29.47976878612718,1616.1,3.6666666666667433,-19.394999999999985,-0.0667915106117353,1688.0,1528.0,1502.0,1520.0,806500.0
2020-10-17,1503.0,1514.0,1494.0,1495.0,1219.483154296875,780700.0,1573.5,1589.0,1602.1733333333334,1824.335,29.47976878612718,1614.38,3.800000000000182,-19.50499999999988,-0.0638697557921101,1688.0,1514.0,1495.0,1503.0,780700.0
2020-10-18,1503.0,1514.0,1494.0,1495.0,1219.483154296875,780700.0,1563.85,1582.0,1602.3733333333332,1821.335,29.47976878612718,1612.66,3.519999999999982,-18.644999999999985,-0.066208619612742,1645.0,1514.0,1495.0,1503.0,780700.0
2020-10-19,1510.0,1547.0,1504.0,1542.0,1257.8212890625,678400.0,1558.7,1577.68,1603.24,1818.82,38.3838383838384,1611.88,3.226666666666688,-17.180000000000064,-0.0410447761194029,1623.0,1514.0,1495.0,1503.0,780700.0
2020-10-20,1546.0,1554.0,1528.0,1531.0,1248.8486328125,616100.0,1554.1,1573.12,1604.1866666666667,1816.36,27.32240437158471,1610.52,3.2799999999999727,-15.560000000000173,-0.0472930927193527,1623.0,1547.0,1542.0,1510.0,678400.0
2020-10-21,1540.0,1557.0,1536.0,1551.0,1265.162841796875,665200.0,1550.5,1569.36,1604.493333333333,1814.0,36.458333333333336,1609.18,2.7866666666666333,-13.75,-0.0348475420037336,1614.0,1554.0,1531.0,1546.0,616100.0
2020-10-22,1532.0,1539.0,1508.0,1508.0,1230.08740234375,817100.0,1547.6,1563.88,1604.2266666666667,1811.425,33.33333333333333,1607.18,2.053333333333285,-12.910000000000082,-0.0616054760423149,1614.0,1557.0,1551.0,1540.0,665200.0
2020-10-23,1539.0,1552.0,1516.0,1519.0,1239.0601806640625,899600.0,1545.25,1557.12,1604.1066666666666,1808.725,38.20754716981132,1605.24,1.7333333333333485,-12.610000000000127,-0.0488415779586725,1614.0,1539.0,1508.0,1532.0,817100.0
2020-10-24,1539.0,1552.0,1516.0,1519.0,1239.0601806640625,899600.0,1542.9,1552.08,1603.986666666667,1805.77,38.20754716981132,1603.46,0.7466666666666697,-13.049999999999956,-0.0646551724137931,1614.0,1552.0,1519.0,1539.0,899600.0
2020-10-25,1539.0,1552.0,1516.0,1519.0,1239.0601806640625,899600.0,1539.45,1547.92,1603.2666666666669,1802.78,38.20754716981132,1601.68,-0.9200000000000728,-13.579999999999927,-0.0571073867163253,1614.0,1552.0,1519.0,1539.0,899600.0
2020-10-26,1532.0,1550.0,1522.0,1532.0,1249.66455078125,859900.0,1535.35,1544.28,1602.1066666666666,1799.86,47.23618090452261,1600.16,-2.3866666666667697,-14.1400000000001,-0.0382925298179535,1603.0,1552.0,1519.0,1539.0,899600.0
2020-10-27,1528.0,1529.0,1496.0,1500.0,1223.5615234375,850500.0,1530.2,1541.64,1600.44,1796.57,39.91228070175438,1598.16,-3.786666666666633,-14.855000000000018,-0.0512333965844402,1578.0,1550.0,1532.0,1532.0,859900.0
2020-10-28,1506.0,1511.0,1462.0,1476.0,1203.9847412109375,1024100.0,1525.1,1538.04,1598.506666666667,1793.16,39.91228070175438,1594.88,-5.599999999999909,-15.564999999999827,-0.0664136622390891,1569.0,1529.0,1500.0,1528.0,850500.0
2020-10-29,1447.0,1474.0,1444.0,1465.0,1195.0118408203125,768900.0,1519.9,1534.0,1596.4266666666667,1789.695,41.55251141552512,1591.7,-7.559999999999945,-16.075000000000045,-0.0733712839974699,1569.0,1511.0,1476.0,1506.0,1024100.0
2020-10-30,1455.0,1460.0,1408.0,1410.0,1150.1480712890625,1224600.0,1511.95,1526.88,1593.6133333333332,1786.145,34.082397003745314,1587.06,-9.65333333333342,-16.63499999999999,-0.1181988742964352,1569.0,1474.0,1465.0,1447.0,768900.0
2020-10-31,1455.0,1460.0,1408.0,1410.0,1150.1480712890625,1224600.0,1504.0,1518.72,1591.0533333333333,1782.53,34.082397003745314,1582.06,-11.053333333333285,-17.329999999999927,-0.1285537700865265,1551.0,1460.0,1410.0,1455.0,1224600.0
2020-11-01,1455.0,1460.0,1408.0,1410.0,1150.1480712890625,1224600.0,1497.35,1511.0,1588.56,1778.87,34.082397003745314,1577.06,-11.88000000000011,-17.700000000000045,-0.1231343283582089,1551.0,1460.0,1410.0,1455.0,1224600.0
2020-11-02,1451.0,1526.0,1448.0,1526.0,1244.77001953125,1825800.0,1496.35,1508.92,1587.56,1775.62,47.61904761904762,1574.38,-10.946666666666715,-17.54000000000019,-0.0556930693069307,1551.0,1460.0,1410.0,1455.0,1224600.0
2020-11-03,1451.0,1526.0,1448.0,1526.0,1244.77001953125,1825800.0,1496.55,1507.2,1586.4666666666667,1772.295,49.23076923076923,1570.78,-9.960000000000036,-17.399999999999864,-0.0509950248756219,1551.0,1526.0,1526.0,1451.0,1825800.0
2020-11-04,1554.0,1558.0,1473.0,1476.0,1203.9847412109375,1174200.0,1495.25,1503.48,1584.72,1768.72,39.43661971830985,1566.7,-8.893333333333203,-17.424999999999955,-0.0820895522388059,1551.0,1526.0,1526.0,1451.0,1825800.0
2020-11-05,1470.0,1482.0,1429.0,1446.0,1179.5135498046875,1689600.0,1492.8,1498.56,1582.5733333333333,1764.995,40.93567251461988,1562.3,-8.480000000000018,-17.535000000000082,-0.1007462686567164,1551.0,1558.0,1476.0,1554.0,1174200.0
2020-11-06,1462.0,1484.0,1458.0,1468.0,1197.4588623046875,1075100.0,1491.45,1495.56,1580.72,1761.525,42.77620396600567,1558.58,-7.839999999999918,-17.3449999999998,-0.0825,1551.0,1482.0,1446.0,1470.0,1689600.0
2020-11-07,1462.0,1484.0,1458.0,1468.0,1197.4588623046875,1075100.0,1490.1,1492.44,1579.0,1758.36,42.77620396600567,1554.44,-8.559999999999945,-17.25999999999999,-0.1048780487804877,1551.0,1484.0,1468.0,1462.0,1075100.0
2020-11-08,1462.0,1484.0,1458.0,1468.0,1197.4588623046875,1075100.0,1486.4,1490.28,1576.92,1755.12,42.77620396600567,1550.3,-9.546666666666624,-17.175000000000182,-0.0960591133004926,1551.0,1484.0,1468.0,1462.0,1075100.0
2020-11-09,1486.0,1489.0,1456.0,1465.0,1195.0118408203125,820400.0,1483.1,1488.8,1574.9733333333334,1751.54,40.23323615160351,1546.1,-9.74666666666667,-17.180000000000064,-0.1077953714981729,1551.0,1484.0,1468.0,1462.0,1075100.0
2020-11-10,1531.0,1545.0,1504.0,1542.0,1257.8212890625,1636800.0,1482.65,1490.68,1574.2933333333333,1748.48,55.41237113402062,1543.44,-8.279999999999973,-16.514999999999873,-0.0710843373493975,1542.0,1489.0,1465.0,1486.0,820400.0
2020-11-11,1576.0,1586.0,1528.0,1543.0,1258.6370849609375,1452000.0,1484.4,1492.6,1573.7866666666666,1745.425,59.17808219178082,1540.8,-6.933333333333394,-16.100000000000136,-0.0704819277108433,1543.0,1545.0,1542.0,1531.0,1636800.0
2020-11-12,1503.0,1545.0,1495.0,1509.0,1230.903076171875,1521900.0,1483.9,1493.16,1572.8266666666666,1742.2,55.67010309278351,1537.58,-6.173333333333403,-16.159999999999854,-0.0909638554216867,1543.0,1586.0,1543.0,1576.0,1452000.0
2020-11-13,1486.0,1507.0,1484.0,1498.0,1221.9302978515625,1040600.0,1482.85,1491.4,1571.72,1738.91,62.7906976744186,1534.54,-5.2000000000000455,-16.20999999999981,-0.1219226260257912,1543.0,1545.0,1509.0,1503.0,1521900.0
2020-11-14,1486.0,1507.0,1484.0,1498.0,1221.9302978515625,1040600.0,1481.8,1490.08,1570.3733333333332,1735.48,62.7906976744186,1531.6,-4.600000000000136,-16.059999999999945,-0.1083333333333332,1543.0,1507.0,1498.0,1486.0,1040600.0
2020-11-15,1486.0,1507.0,1484.0,1498.0,1221.9302978515625,1040600.0,1480.1,1487.96,1568.7733333333333,1732.05,62.7906976744186,1528.66,-5.519999999999982,-16.430000000000064,-0.1008403361344537,1543.0,1507.0,1498.0,1486.0,1040600.0
2020-11-16,1525.0,1543.0,1509.0,1513.0,1234.165771484375,1000800.0,1480.75,1488.16,1567.506666666667,1728.815,47.325102880658434,1526.02,-6.279999999999973,-16.6099999999999,-0.085247883917775,1543.0,1507.0,1498.0,1486.0,1040600.0
2020-11-17,1513.0,1529.0,1503.0,1527.0,1245.5858154296875,1293200.0,1483.3,1488.48,1566.32,1726.52,50.19455252918288,1522.8,-6.506666666666661,-15.680000000000064,-0.0883582089552238,1543.0,1543.0,1513.0,1525.0,1000800.0
2020-11-18,1502.0,1520.0,1492.0,1505.0,1227.6402587890625,1286400.0,1485.3,1487.92,1564.9466666666667,1724.115,56.33187772925764,1520.0,-6.773333333333312,-14.795000000000073,-0.1014925373134328,1543.0,1529.0,1527.0,1513.0,1293200.0
2020-11-19,1500.0,1509.0,1468.0,1476.0,1203.9847412109375,1828100.0,1488.6,1486.2,1563.1866666666667,1721.565,56.57894736842105,1517.06,-7.186666666666497,-13.914999999999964,-0.1188059701492537,1543.0,1520.0,1505.0,1502.0,1286400.0
2020-11-20,1485.0,1491.0,1461.0,1463.0,1193.3804931640625,1444500.0,1491.25,1483.44,1561.253333333333,1718.95,48.85844748858448,1513.86,-7.519999999999982,-13.099999999999907,-0.1265671641791045,1543.0,1509.0,1476.0,1500.0,1828100.0
2020-11-21,1485.0,1491.0,1461.0,1463.0,1193.3804931640625,1444500.0,1493.9,1481.96,1559.4266666666667,1716.335,48.85844748858448,1511.8,-8.079999999999927,-12.480000000000018,-0.1265671641791045,1543.0,1491.0,1463.0,1485.0,1444500.0
2020-11-22,1485.0,1491.0,1461.0,1463.0,1193.3804931640625,1444500.0,1490.75,1481.44,1557.0666666666666,1713.72,48.85844748858448,1509.74,-9.25333333333333,-12.799999999999956,-0.1239520958083831,1543.0,1491.0,1463.0,1485.0,1444500.0
2020-11-23,1485.0,1491.0,1461.0,1463.0,1193.3804931640625,1444500.0,1487.6,1481.36,1554.92,1711.29,49.53703703703704,1507.68,-10.026666666666642,-12.825000000000044,-0.1133333333333332,1543.0,1491.0,1463.0,1485.0,1444500.0
2020-11-24,1470.0,1482.0,1454.0,1460.0,1190.933349609375,2097300.0,1486.8,1483.36,1552.493333333333,1708.705,21.12676056338028,1505.12,-10.693333333333385,-12.860000000000127,-0.1124620060790273,1543.0,1491.0,1463.0,1485.0,1444500.0
2020-11-25,1469.0,1495.0,1452.0,1458.0,1189.3021240234375,2047700.0,1487.4,1485.28,1549.8,1706.11,20.27972027972029,1502.0,-11.453333333333376,-12.840000000000146,-0.113677811550152,1543.0,1482.0,1460.0,1470.0,2097300.0
2020-11-26,1452.0,1459.0,1426.0,1432.0,1168.09375,1526400.0,1485.6,1486.16,1546.76,1703.385,21.48148148148148,1498.58,-12.666666666666742,-12.950000000000044,-0.129483282674772,1543.0,1495.0,1458.0,1469.0,2047700.0
2020-11-27,1430.0,1445.0,1419.0,1442.0,1176.250732421875,2118800.0,1484.3,1482.8,1543.8533333333332,1700.585,29.104477611940297,1495.86,-13.213333333333368,-13.134999999999993,-0.1457345971563981,1543.0,1459.0,1432.0,1452.0,1526400.0
2020-11-28,1430.0,1445.0,1419.0,1442.0,1176.250732421875,2118800.0,1483.0,1479.44,1540.3333333333333,1697.715,29.104477611940297,1493.32,-14.586666666666815,-13.575000000000044,-0.1234042553191488,1543.0,1445.0,1442.0,1430.0,2118800.0
2020-11-29,1430.0,1445.0,1419.0,1442.0,1176.250732421875,2118800.0,1481.85,1478.08,1537.16,1695.03,29.104477611940297,1490.78,-15.333333333333258,-13.674999999999956,-0.1115218730745533,1543.0,1445.0,1442.0,1430.0,2118800.0
2020-11-30,1442.0,1444.0,1399.0,1404.0,1145.2535400390625,11388700.0,1474.95,1476.4,1533.6666666666667,1692.365,15.28662420382166,1487.48,-16.133333333333212,-13.74499999999989,-0.1349353049907579,1543.0,1445.0,1442.0,1430.0,2118800.0
2020-12-01,1400.0,1412.0,1390.0,1398.0,1140.359619140625,2467000.0,1467.7,1473.6,1530.253333333333,1689.78,6.711409395973149,1484.58,-16.50666666666666,-13.605000000000018,-0.10727969348659,1527.0,1444.0,1404.0,1442.0,11388700.0
2020-12-02,1390.0,1411.0,1388.0,1403.0,1144.43798828125,1900300.0,1462.4,1471.0,1526.6266666666668,1687.22,11.36363636363636,1481.72,-17.22666666666646,-13.365000000000007,-0.1040868454661557,1527.0,1412.0,1398.0,1400.0,2467000.0
2020-12-03,1409.0,1427.0,1406.0,1415.0,1154.2264404296875,1811600.0,1458.25,1468.88,1523.16,1684.72,23.47826086956522,1479.58,-17.173333333333176,-12.99499999999989,-0.0964240102171136,1527.0,1411.0,1403.0,1390.0,1900300.0
2020-12-04,1412.0,1420.0,1402.0,1404.0,1145.2535400390625,1976800.0,1453.55,1466.44,1519.5466666666666,1682.31,23.89380530973452,1477.62,-17.613333333333458,-12.720000000000027,-0.1158690176322417,1527.0,1427.0,1415.0,1409.0,1811600.0
2020-12-05,1412.0,1420.0,1402.0,1404.0,1145.2535400390625,1976800.0,1448.85,1460.92,1515.9333333333334,1679.84,23.89380530973452,1475.8,-17.73333333333335,-12.525000000000093,-0.1301115241635687,1527.0,1420.0,1404.0,1412.0,1976800.0
2020-12-06,1412.0,1420.0,1402.0,1404.0,1145.2535400390625,1976800.0,1443.4,1455.36,1512.32,1677.195,23.89380530973452,1473.98,-17.933333333333394,-12.585000000000036,-0.124142233312539,1527.0,1420.0,1404.0,1412.0,1976800.0
2020-12-07,1406.0,1410.0,1366.0,1366.0,1114.2568359375,2245500.0,1435.35,1449.64,1508.2666666666669,1674.405,17.88079470198676,1471.4,-18.360000000000127,-12.815000000000056,-0.1343472750316856,1505.0,1420.0,1404.0,1412.0,1976800.0
2020-12-08,1362.0,1375.0,1361.0,1363.0,1111.809814453125,1669600.0,1428.25,1444.24,1504.44,1671.74,17.88079470198676,1467.82,-18.720000000000027,-12.980000000000018,-0.1312938177182919,1476.0,1410.0,1366.0,1406.0,2245500.0
2020-12-09,1370.0,1378.0,1368.0,1372.0,1119.1512451171875,1291800.0,1423.05,1439.2,1500.8,1669.12,22.78481012658229,1464.64,-18.74666666666667,-13.190000000000056,-0.1255576800509878,1463.0,1375.0,1363.0,1362.0,1669600.0
2020-12-10,1373.0,1391.0,1373.0,1373.0,1119.966796875,1411800.0,1418.55,1434.2,1497.1733333333334,1666.505,27.819548872180448,1461.08,-18.75999999999999,-13.334999999999807,-0.1249203314212874,1463.0,1378.0,1372.0,1370.0,1291800.0
2020-12-11,1378.0,1384.0,1363.0,1383.0,1128.1240234375,1640900.0,1414.55,1429.0,1493.68,1663.74,27.819548872180448,1458.58,-18.63999999999988,-13.454999999999927,-0.103694102397926,1463.0,1391.0,1373.0,1373.0,1411800.0
2020-12-12,1378.0,1384.0,1363.0,1383.0,1128.1240234375,1640900.0,1410.55,1423.24,1489.6133333333332,1660.745,27.819548872180448,1455.86,-18.65333333333342,-13.660000000000082,-0.1054333764553686,1463.0,1384.0,1383.0,1378.0,1640900.0
2020-12-13,1378.0,1384.0,1363.0,1383.0,1128.1240234375,1640900.0,1406.55,1418.36,1486.12,1657.545,27.819548872180448,1453.14,-18.320000000000164,-14.194999999999936,-0.0913272010512483,1460.0,1384.0,1383.0,1378.0,1640900.0
2020-12-14,1380.0,1404.0,1376.0,1389.0,1133.01806640625,1348500.0,1403.0,1414.88,1483.0,1654.405,42.574257425742566,1450.54,-17.799999999999955,-14.714999999999918,-0.0752330226364846,1458.0,1384.0,1383.0,1378.0,1640900.0
2020-12-15,1380.0,1381.0,1364.0,1365.0,1113.44091796875,1746100.0,1398.35,1410.96,1479.56,1651.065,36.13445378151261,1447.2,-17.613333333333458,-15.440000000000056,-0.0869565217391304,1442.0,1404.0,1389.0,1380.0,1348500.0
2020-12-16,1381.0,1385.0,1372.0,1380.0,1125.6767578125,901500.0,1395.75,1407.64,1477.08,1647.8,41.08527131782945,1444.8,-16.600000000000136,-15.940000000000056,-0.0769230769230768,1442.0,1381.0,1365.0,1380.0,1746100.0
2020-12-17,1377.0,1378.0,1357.0,1370.0,1117.5196533203125,1370500.0,1392.15,1403.92,1474.4666666666667,1644.485,32.283464566929126,1442.68,-15.146666666666531,-16.25999999999999,-0.0836120401337793,1442.0,1385.0,1380.0,1381.0,901500.0
2020-12-18,1371.0,1388.0,1371.0,1388.0,1132.2022705078125,1436400.0,1389.45,1400.92,1472.0933333333332,1641.36,44.02985074626866,1441.14,-14.026666666666642,-16.185000000000173,-0.099870298313878,1442.0,1378.0,1370.0,1377.0,1370500.0
2020-12-19,1371.0,1388.0,1371.0,1388.0,1132.2022705078125,1436400.0,1386.75,1398.04,1469.4266666666667,1638.205,44.02985074626866,1440.7,-13.573333333333268,-16.200000000000045,-0.0934030045721751,1415.0,1388.0,1388.0,1371.0,1436400.0
2020-12-20,1371.0,1388.0,1371.0,1388.0,1132.2022705078125,1436400.0,1385.95,1395.24,1466.4133333333334,1635.13,44.02985074626866,1440.26,-13.146666666666531,-15.934999999999944,-0.1050934880722115,1415.0,1388.0,1388.0,1371.0,1436400.0
2020-12-21,1390.0,1397.0,1370.0,1382.0,1127.3082275390625,1235100.0,1385.15,1393.24,1463.4666666666667,1632.135,57.843137254901954,1439.7,-13.61333333333323,-15.664999999999964,-0.0835543766578249,1415.0,1388.0,1388.0,1371.0,1436400.0
2020-12-22,1366.0,1369.0,1352.0,1356.0,1106.099609375,1711100.0,1382.8,1389.8,1460.506666666667,1628.745,47.2,1436.3,-13.960000000000036,-15.740000000000007,-0.1073074391046741,1415.0,1397.0,1382.0,1390.0,1235100.0
2020-12-23,1365.0,1367.0,1357.0,1365.0,1113.44091796875,924900.0,1380.3,1386.72,1457.7866666666666,1625.4,47.2,1433.08,-14.306666666666615,-15.959999999999807,-0.1013824884792626,1404.0,1369.0,1356.0,1366.0,1711100.0
2020-12-24,1369.0,1390.0,1367.0,1389.0,1133.01806640625,1448000.0,1379.55,1384.6,1455.3866666666668,1622.175,55.4054054054054,1431.34,-14.039999999999964,-16.029999999999973,-0.085582620144832,1404.0,1367.0,1365.0,1365.0,924900.0
2020-12-25,1395.0,1401.0,1385.0,1401.0,1142.8065185546875,681300.0,1379.4,1384.48,1453.1466666666668,1618.9,55.99999999999999,1430.44,-13.266666666666652,-16.230000000000018,-0.085509138381201,1404.0,1390.0,1389.0,1369.0,1448000.0
2020-12-26,1395.0,1401.0,1385.0,1401.0,1142.8065185546875,681300.0,1379.25,1384.6,1451.253333333333,1615.625,55.99999999999999,1429.1,-12.213333333333368,-16.50999999999999,-0.0659999999999999,1401.0,1401.0,1401.0,1395.0,681300.0
2020-12-27,1395.0,1401.0,1385.0,1401.0,1142.8065185546875,681300.0,1381.0,1384.52,1449.32,1612.085,55.99999999999999,1427.76,-11.186666666666724,-16.659999999999854,-0.0508130081300812,1401.0,1401.0,1401.0,1395.0,681300.0
2020-12-28,1414.0,1417.0,1387.0,1390.0,1133.833740234375,1207400.0,1382.35,1383.52,1447.56,1608.68,50.322580645161295,1426.2,-10.226666666666688,-16.720000000000027,-0.0511945392491467,1401.0,1401.0,1401.0,1395.0,681300.0
2020-12-29,1396.0,1402.0,1379.0,1386.0,1130.571044921875,1251900.0,1383.05,1382.8,1446.013333333333,1605.395,57.77777777777777,1424.62,-9.373333333333449,-16.779999999999973,-0.0170212765957447,1401.0,1417.0,1390.0,1414.0,1207400.0
2020-12-30,1392.0,1430.0,1382.0,1421.0,1159.1207275390625,1483200.0,1385.45,1383.48,1445.0266666666666,1602.285,63.2258064516129,1422.2,-8.120000000000118,-16.61500000000001,0.0078014184397163,1421.0,1402.0,1386.0,1396.0,1251900.0
2020-12-31,1392.0,1430.0,1382.0,1421.0,1159.1207275390625,1483200.0,1387.35,1384.16,1444.04,1599.175,67.58620689655172,1419.76,-7.213333333333367,-16.450000000000045,0.0078014184397163,1421.0,1430.0,1421.0,1392.0,1483200.0
2021-01-01,1392.0,1430.0,1382.0,1421.0,1159.1207275390625,1483200.0,1389.25,1386.36,1443.0533333333333,1596.285,62.99212598425196,1418.0,-6.266666666666652,-15.799999999999956,-0.0688073394495413,1421.0,1430.0,1421.0,1392.0,1483200.0
2021-01-02,1392.0,1430.0,1382.0,1421.0,1159.1207275390625,1483200.0,1391.15,1388.68,1441.44,1593.045,62.99212598425196,1416.46,-6.119999999999891,-15.634999999999993,-0.0688073394495413,1421.0,1430.0,1421.0,1392.0,1483200.0
2021-01-03,1392.0,1430.0,1382.0,1421.0,1159.1207275390625,1483200.0,1392.75,1390.64,1439.9733333333334,1589.87,62.99212598425196,1414.92,-6.039999999999964,-15.525000000000093,-0.0372628726287262,1421.0,1430.0,1421.0,1392.0,1483200.0
2021-01-04,1443.0,1477.0,1413.0,1468.0,1197.4588623046875,2039900.0,1397.9,1394.44,1438.8666666666666,1586.93,75.5952380952381,1414.32,-6.160000000000082,-15.355000000000018,0.0152143845089902,1468.0,1430.0,1421.0,1392.0,1483200.0
2021-01-05,1460.0,1512.0,1460.0,1473.0,1201.53759765625,2854100.0,1402.55,1398.04,1438.4,1583.91,89.79591836734694,1413.52,-5.639999999999873,-15.264999999999873,0.0034059945504087,1473.0,1477.0,1468.0,1443.0,2039900.0
2021-01-06,1490.0,1635.0,1488.0,1613.0,1315.73681640625,5465900.0,1414.7,1407.24,1439.6533333333334,1581.59,94.6043165467626,1415.24,-3.399999999999864,-14.695000000000164,0.0987738419618529,1613.0,1512.0,1473.0,1460.0,2854100.0
2021-01-07,1590.0,1616.0,1575.0,1590.0,1296.9752197265625,3833600.0,1424.8,1415.52,1440.6,1579.155,86.28158844765343,1416.94,-0.8400000000001455,-13.8900000000001,0.0831062670299727,1613.0,1635.0,1613.0,1490.0,5465900.0
2021-01-08,1619.0,1698.0,1605.0,1695.0,1382.624755859375,3995500.0,1440.15,1427.76,1442.9466666666667,1577.325,89.72972972972973,1421.32,2.9733333333333576,-12.544999999999844,0.1569965870307166,1695.0,1616.0,1590.0,1590.0,3833600.0
2021-01-09,1619.0,1698.0,1605.0,1695.0,1382.624755859375,3995500.0,1455.5,1440.96,1445.12,1575.405,89.72972972972973,1425.96,6.25333333333333,-11.525000000000093,0.0992217898832685,1695.0,1698.0,1695.0,1619.0,3995500.0
2021-01-10,1619.0,1698.0,1605.0,1695.0,1382.624755859375,3995500.0,1471.15,1453.56,1447.72,1573.635,89.72972972972973,1430.6,9.319999999999936,-10.275000000000093,0.0985093972780297,1695.0,1698.0,1695.0,1619.0,3995500.0
2021-01-11,1619.0,1698.0,1605.0,1695.0,1382.624755859375,3995500.0,1488.1,1466.56,1450.64,1571.935,92.47910863509748,1435.24,10.98666666666668,-9.654999999999973,0.1232604373757455,1695.0,1698.0,1695.0,1619.0,3995500.0
2021-01-12,1775.0,1799.0,1696.0,1780.0,1451.9598388671875,6978900.0,1508.85,1482.24,1454.84,1570.655,94.77272727272728,1441.58,14.240000000000007,-8.5,0.1882510013351135,1780.0,1698.0,1695.0,1619.0,3995500.0
2021-01-13,1805.0,1816.0,1652.0,1660.0,1354.074951171875,7318400.0,1522.4,1493.12,1458.1733333333334,1568.775,72.76190476190476,1445.58,15.226666666666688,-8.549999999999955,0.1081441922563417,1780.0,1799.0,1780.0,1775.0,6978900.0
2021-01-14,1670.0,1726.0,1662.0,1691.0,1379.3619384765625,3823500.0,1536.9,1505.24,1461.92,1567.05,74.28057553956835,1450.24,16.800000000000182,-8.355000000000018,0.1288384512683578,1780.0,1816.0,1660.0,1805.0,7318400.0
2021-01-15,1664.0,1691.0,1622.0,1630.0,1329.6036376953125,3516900.0,1548.35,1515.16,1464.8533333333332,1565.17,66.93679092382496,1454.2,17.133333333333212,-8.464999999999918,0.0773298083278255,1780.0,1726.0,1691.0,1670.0,3823500.0
2021-01-16,1664.0,1691.0,1622.0,1630.0,1329.6036376953125,3516900.0,1559.8,1526.12,1466.24,1563.095,66.93679092382496,1457.96,15.599999999999907,-8.839999999999918,0.0674525212835626,1780.0,1691.0,1630.0,1664.0,3516900.0
2021-01-17,1664.0,1691.0,1622.0,1630.0,1329.6036376953125,3516900.0,1571.8,1536.72,1467.6266666666668,1561.295,66.93679092382496,1461.72,12.78666666666686,-9.3599999999999,0.0830564784053156,1780.0,1691.0,1630.0,1664.0,3516900.0
2021-01-18,1655.0,1684.0,1637.0,1675.0,1366.3104248046875,2148100.0,1586.25,1548.16,1470.28,1560.095,66.82926829268293,1466.38,12.10666666666657,-8.680000000000064,0.1348238482384824,1780.0,1691.0,1630.0,1664.0,3516900.0
2021-01-19,1696.0,1746.0,1677.0,1727.0,1408.727294921875,2723900.0,1601.55,1561.2,1474.0266666666666,1559.635,69.18429003021149,1472.84,12.10666666666657,-7.414999999999964,0.1804511278195488,1780.0,1684.0,1675.0,1655.0,2148100.0
2021-01-20,1736.0,1739.0,1705.0,1722.0,1404.64892578125,1995000.0,1616.6,1574.04,1477.4133333333334,1559.15,60.3415559772296,1479.32,12.560000000000173,-6.019999999999982,0.1770334928229664,1780.0,1746.0,1727.0,1696.0,2723900.0
2021-01-21,1729.0,1748.0,1709.0,1712.0,1396.4918212890625,1939600.0,1631.15,1586.48,1480.6666666666667,1558.615,61.86770428015564,1485.5,14.426666666666732,-4.480000000000018,0.1701982228298018,1780.0,1739.0,1722.0,1736.0,1995000.0
2021-01-22,1729.0,1787.0,1721.0,1763.0,1438.0928955078125,3274900.0,1648.25,1601.4,1484.6,1558.075,57.39130434782609,1492.46,16.97333333333313,-3.220000000000028,0.2050580997949418,1780.0,1748.0,1712.0,1729.0,1939600.0
2021-01-23,1729.0,1787.0,1721.0,1763.0,1438.0928955078125,3274900.0,1665.35,1616.48,1488.5733333333333,1557.915,57.39130434782609,1499.64,18.29333333333329,-2.180000000000064,0.2075342465753424,1780.0,1787.0,1763.0,1729.0,3274900.0
2021-01-24,1729.0,1787.0,1721.0,1763.0,1438.0928955078125,3274900.0,1680.1,1630.16,1491.52,1557.835,57.39130434782609,1506.82,17.49333333333334,-1.7999999999999543,0.2091906721536351,1780.0,1787.0,1763.0,1729.0,3274900.0
2021-01-25,1810.0,1840.0,1765.0,1775.0,1447.8814697265625,4038800.0,1695.2,1644.32,1494.6133333333332,1557.765,58.47457627118644,1514.24,17.199999999999818,-1.384999999999991,0.2395251396648043,1780.0,1787.0,1763.0,1729.0,3274900.0
2021-01-26,1771.0,1772.0,1730.0,1765.0,1439.7242431640625,2930800.0,1702.8,1658.08,1498.0266666666666,1557.795,48.11083123425693,1522.22,17.3599999999999,-0.8199999999999363,0.2239944521497918,1780.0,1840.0,1775.0,1810.0,4038800.0
2021-01-27,1770.0,1779.0,1696.0,1705.0,1390.7818603515625,3135500.0,1708.55,1669.44,1500.7866666666666,1557.525,56.676557863501486,1529.06,16.186666666666724,-0.5499999999999545,0.182385575589459,1780.0,1772.0,1765.0,1771.0,2930800.0
2021-01-28,1659.0,1728.0,1653.0,1715.0,1398.938720703125,1956000.0,1709.55,1681.2,1503.68,1557.305,53.79746835443037,1535.92,15.106666666666795,-0.6099999999999,0.1893203883495144,1780.0,1779.0,1705.0,1770.0,3135500.0
2021-01-29,1723.0,1738.0,1678.0,1705.0,1390.7818603515625,2893600.0,1710.05,1690.68,1506.44,1556.72,64.15094339622641,1542.56,14.920000000000073,-1.115000000000009,0.2143874643874643,1780.0,1728.0,1715.0,1659.0,1956000.0
2021-01-30,1723.0,1738.0,1678.0,1705.0,1390.7818603515625,2893600.0,1710.55,1699.96,1509.0,1556.21,64.15094339622641,1549.0,14.38666666666677,-1.5550000000000637,0.2195994277539341,1780.0,1738.0,1705.0,1723.0,2893600.0
2021-01-31,1723.0,1738.0,1678.0,1705.0,1390.7818603515625,2893600.0,1711.05,1703.64,1511.3733333333332,1555.615,64.15094339622641,1555.44,13.34666666666658,-2.180000000000064,0.2152530292230934,1780.0,1738.0,1705.0,1723.0,2893600.0
2021-02-01,1630.0,1678.0,1586.0,1664.0,1357.3377685546875,4268800.0,1705.25,1706.6,1513.493333333333,1554.825,47.89272030651341,1561.06,12.706666666666706,-2.700000000000045,0.1759717314487632,1775.0,1738.0,1705.0,1723.0,2893600.0
2021-02-02,1674.0,1705.0,1641.0,1665.0,1358.1534423828125,2475200.0,1705.5,1705.4,1516.013333333333,1554.195,35.23809523809524,1566.58,12.333333333333258,-3.110000000000128,0.1858974358974359,1775.0,1678.0,1664.0,1630.0,4268800.0
2021-02-03,1660.0,1683.0,1652.0,1682.0,1372.0205078125,1783100.0,1705.05,1704.88,1518.9333333333334,1553.65,40.99099099099099,1572.92,12.49333333333334,-3.0699999999999363,0.1980056980056981,1775.0,1705.0,1665.0,1674.0,2475200.0
2021-02-04,1682.0,1714.0,1677.0,1705.0,1390.7818603515625,1615100.0,1708.8,1705.28,1522.16,1553.22,48.51063829787234,1579.42,13.160000000000082,-2.990000000000009,0.2143874643874643,1775.0,1683.0,1682.0,1660.0,1783100.0
2021-02-05,1705.0,1711.0,1693.0,1711.0,1395.676025390625,1315400.0,1712.85,1705.92,1525.4666666666667,1552.945,36.31578947368421,1586.24,14.093333333333476,-2.6700000000000728,0.2525622254758419,1775.0,1714.0,1705.0,1682.0,1615100.0
2021-02-06,1705.0,1711.0,1693.0,1711.0,1395.676025390625,1315400.0,1716.9,1703.16,1528.7733333333333,1552.895,36.31578947368421,1592.7,15.279999999999973,-1.930000000000064,0.2553191489361701,1775.0,1711.0,1711.0,1705.0,1315400.0
2021-02-07,1705.0,1711.0,1693.0,1711.0,1395.676025390625,1315400.0,1718.7,1705.2,1532.12,1552.955,36.31578947368421,1599.16,16.10666666666657,-1.240000000000009,0.2470845481049561,1775.0,1711.0,1711.0,1705.0,1315400.0
2021-02-08,1714.0,1757.0,1708.0,1755.0,1431.567138671875,1986300.0,1720.1,1707.76,1536.08,1553.235,45.4954954954955,1606.5,17.146666666666533,-0.415000000000191,0.2782228696285507,1775.0,1711.0,1711.0,1705.0,1315400.0
2021-02-09,1760.0,1773.0,1723.0,1735.0,1415.2530517578125,2213600.0,1720.75,1711.96,1540.12,1553.415,43.53448275862068,1613.56,17.95999999999981,0.1949999999999363,0.2545191612436732,1775.0,1757.0,1755.0,1714.0,1986300.0
2021-02-10,1723.0,1747.0,1713.0,1746.0,1424.2257080078125,1242100.0,1722.45,1716.6,1544.1733333333334,1553.65,61.20218579234973,1621.36,18.706666666666703,0.7050000000001546,0.2624728850325379,1775.0,1773.0,1735.0,1760.0,2213600.0
2021-02-11,1723.0,1747.0,1713.0,1746.0,1424.2257080078125,1242100.0,1721.6,1721.24,1548.2266666666667,1553.885,58.959537572254334,1628.98,19.453333333333376,0.9900000000000092,0.2624728850325379,1775.0,1747.0,1746.0,1723.0,1242100.0
2021-02-12,1746.0,1748.0,1716.0,1736.0,1416.06884765625,1515700.0,1720.25,1723.68,1552.1466666666668,1554.125,58.959537572254334,1635.92,20.02666666666687,1.1700000000000728,0.249820014398848,1775.0,1747.0,1746.0,1723.0,1242100.0
2021-02-13,1746.0,1748.0,1716.0,1736.0,1416.06884765625,1515700.0,1718.9,1724.04,1556.5733333333333,1554.85,58.959537572254334,1642.62,20.49333333333334,1.615000000000009,0.2717948717948717,1775.0,1748.0,1736.0,1746.0,1515700.0
2021-02-14,1746.0,1748.0,1716.0,1736.0,1416.06884765625,1515700.0,1716.95,1724.6,1561.08,1555.94,58.959537572254334,1649.32,20.96000000000004,2.525000000000091,0.2579710144927536,1765.0,1748.0,1736.0,1746.0,1515700.0
2021-02-15,1738.0,1750.0,1713.0,1717.0,1400.5703125,1069600.0,1714.55,1724.8,1565.2666666666669,1556.975,67.54966887417218,1655.64,21.09333333333325,3.324999999999818,0.2532846715328467,1755.0,1748.0,1736.0,1746.0,1515700.0
2021-02-16,1723.0,1734.0,1712.0,1718.0,1401.3861083984375,992500.0,1715.2,1723.0,1569.3066666666666,1558.39,67.54966887417218,1662.2,21.079999999999927,4.505000000000109,0.2377521613832853,1755.0,1750.0,1717.0,1738.0,1069600.0
2021-02-17,1730.0,1799.0,1728.0,1780.0,1451.9598388671875,3697200.0,1718.45,1723.68,1574.32,1560.115,75.0,1670.08,22.173333333333176,5.990000000000009,0.282420749279539,1780.0,1734.0,1718.0,1723.0,992500.0
2021-02-18,1791.0,1807.0,1767.0,1774.0,1447.0655517578125,1543300.0,1721.9,1724.12,1579.253333333333,1561.81,69.27374301675978,1677.14,22.680000000000064,6.960000000000036,0.2780979827089338,1780.0,1799.0,1780.0,1730.0,3697200.0
2021-02-19,1765.0,1789.0,1745.0,1749.0,1426.673095703125,1284300.0,1724.1,1723.08,1583.8533333333332,1563.255,59.5959595959596,1683.7,22.773333333333312,7.315000000000055,0.2655571635311142,1780.0,1807.0,1774.0,1791.0,1543300.0
2021-02-20,1765.0,1789.0,1745.0,1749.0,1426.673095703125,1284300.0,1726.3,1722.44,1588.96,1564.6,59.5959595959596,1690.26,23.693333333333385,7.625,0.2898230088495575,1780.0,1789.0,1749.0,1765.0,1284300.0
2021-02-21,1765.0,1789.0,1745.0,1749.0,1426.673095703125,1284300.0,1730.55,1724.2,1594.1066666666666,1565.96,59.5959595959596,1696.82,24.799999999999955,7.569999999999936,0.2813186813186814,1780.0,1789.0,1749.0,1765.0,1284300.0
2021-02-22,1770.0,1780.0,1758.0,1761.0,1436.4613037109375,1027600.0,1735.35,1726.04,1599.2933333333333,1567.465,51.807228915662655,1703.62,24.97333333333336,7.349999999999909,0.2678185745140389,1780.0,1789.0,1749.0,1765.0,1284300.0
2021-02-23,1770.0,1780.0,1758.0,1761.0,1436.4613037109375,1027600.0,1739.3,1728.28,1604.4666666666667,1568.63,58.9041095890411,1709.48,25.213333333333367,6.820000000000164,0.2569593147751605,1780.0,1780.0,1761.0,1770.0,1027600.0
2021-02-24,1789.0,1790.0,1734.0,1739.0,1418.515869140625,1899600.0,1741.0,1729.64,1609.2133333333334,1569.685,47.77070063694267,1714.8,25.360000000000127,6.429999999999836,0.2412562455389006,1780.0,1780.0,1761.0,1770.0,1027600.0
2021-02-25,1762.0,1764.0,1747.0,1749.0,1426.673095703125,798000.0,1742.9,1731.4,1614.0933333333332,1570.79,50.89820359281437,1717.52,25.13333333333321,6.190000000000055,0.2483940042826553,1780.0,1790.0,1739.0,1789.0,1899600.0
2021-02-26,1750.0,1751.0,1721.0,1736.0,1416.06884765625,1609400.0,1744.15,1734.28,1618.8,1571.83,50.0,1720.44,24.693333333333385,5.869999999999891,0.2489208633093524,1780.0,1764.0,1749.0,1762.0,798000.0
2021-02-27,1750.0,1751.0,1721.0,1736.0,1416.06884765625,1609400.0,1745.4,1737.12,1623.4266666666667,1572.645,50.0,1721.26,24.13333333333344,5.180000000000064,0.2525252525252526,1780.0,1751.0,1736.0,1750.0,1609400.0
2021-02-28,1750.0,1751.0,1721.0,1736.0,1416.06884765625,1609400.0,1744.45,1739.28,1628.3733333333332,1573.23,50.0,1722.08,23.906666666666524,4.599999999999909,0.2216748768472907,1780.0,1751.0,1736.0,1750.0,1609400.0
2021-03-01,1697.0,1785.0,1680.0,1785.0,1456.038330078125,3222000.0,1746.95,1742.48,1633.7733333333333,1574.03,67.0,1723.88,24.559999999999945,4.345000000000027,0.2561576354679802,1785.0,1751.0,1736.0,1750.0,1609400.0
2021-03-02,1786.0,1788.0,1757.0,1778.0,1450.328369140625,1617700.0,1748.55,1745.16,1639.2133333333334,1574.815,64.5631067961165,1725.54,25.12000000000012,4.025000000000091,0.2512315270935961,1785.0,1785.0,1785.0,1697.0,3222000.0
2021-03-03,1786.0,1812.0,1766.0,1780.0,1451.9598388671875,1319900.0,1750.25,1747.92,1644.44,1575.61,50.0,1725.54,25.6400000000001,3.7799999999999727,0.2526389866291343,1785.0,1788.0,1778.0,1786.0,1617700.0
2021-03-04,1755.0,1757.0,1735.0,1749.0,1426.673095703125,1693500.0,1750.9,1749.44,1649.253333333333,1576.25,42.69005847953216,1727.32,25.8266666666666,3.605000000000018,0.2308233638282899,1785.0,1812.0,1780.0,1786.0,1319900.0
2021-03-05,1768.0,1797.0,1738.0,1796.0,1465.0113525390625,1663500.0,1753.9,1751.08,1654.6933333333334,1577.22,62.17616580310881,1729.42,26.320000000000164,3.990000000000009,0.2234332425068119,1796.0,1757.0,1749.0,1755.0,1693500.0
2021-03-06,1768.0,1797.0,1738.0,1796.0,1465.0113525390625,1663500.0,1756.9,1753.52,1660.2133333333334,1578.215,62.17616580310881,1732.74,26.44000000000005,4.184999999999945,0.2192803801765104,1796.0,1797.0,1796.0,1768.0,1663500.0
2021-03-07,1768.0,1797.0,1738.0,1796.0,1465.0113525390625,1663500.0,1760.85,1755.52,1666.08,1579.19,62.17616580310881,1736.06,26.86666666666656,4.375,0.1134531928084314,1796.0,1797.0,1796.0,1768.0,1663500.0
2021-03-08,1819.0,1864.0,1808.0,1861.0,1518.0323486328125,3105600.0,1768.0,1760.12,1672.6933333333334,1580.455,70.32520325203252,1740.68,28.25333333333333,4.845000000000027,0.1704402515723271,1861.0,1797.0,1796.0,1768.0,1663500.0
2021-03-09,1879.0,1920.0,1846.0,1920.0,1566.1593017578125,3300600.0,1775.0,1767.48,1679.7733333333333,1582.02,76.06557377049181,1745.58,30.519999999999985,5.769999999999982,0.1327433628318584,1920.0,1864.0,1861.0,1819.0,3105600.0
2021-03-10,1898.0,1909.0,1872.0,1897.0,1547.397705078125,2230300.0,1781.15,1773.92,1686.3866666666668,1583.47,75.81699346405229,1748.98,31.693333333333385,6.25,0.1191740412979351,1920.0,1920.0,1920.0,1879.0,3300600.0
2021-03-11,1897.0,1929.0,1887.0,1917.0,1563.7117919921875,2134700.0,1789.55,1781.16,1693.2666666666669,1585.02,76.58227848101265,1752.88,33.053333333333285,6.805000000000064,0.1309734513274336,1920.0,1909.0,1897.0,1898.0,2230300.0
2021-03-12,1895.0,1900.0,1868.0,1889.0,1540.8720703125,2606400.0,1796.55,1788.04,1699.7733333333333,1586.48,73.1117824773414,1756.42,33.693333333333385,7.289999999999964,0.1144542772861356,1920.0,1929.0,1917.0,1897.0,2134700.0
2021-03-13,1895.0,1900.0,1868.0,1889.0,1540.8720703125,2606400.0,1803.55,1794.88,1706.4266666666667,1587.805,73.1117824773414,1758.94,33.73333333333335,7.350000000000136,0.0612359550561798,1920.0,1900.0,1889.0,1895.0,2606400.0
2021-03-14,1895.0,1900.0,1868.0,1889.0,1540.8720703125,2606400.0,1809.95,1799.24,1713.1333333333334,1589.195,73.1117824773414,1761.46,33.36000000000013,7.1749999999999545,0.1379518072289156,1920.0,1900.0,1889.0,1895.0,2606400.0
2021-03-15,1900.0,1937.0,1899.0,1926.0,1571.0531005859375,2072500.0,1818.2,1805.32,1719.8666666666666,1590.86,72.10031347962382,1764.72,33.47999999999979,7.389999999999873,0.1389710230632761,1926.0,1900.0,1889.0,1895.0,2606400.0
2021-03-16,1919.0,1942.0,1904.0,1922.0,1567.7904052734375,1721100.0,1827.35,1812.24,1726.5466666666666,1592.565,72.78481012658227,1767.66,33.27999999999997,7.545000000000073,0.1791411042944786,1926.0,1937.0,1926.0,1900.0,2072500.0
2021-03-17,1906.0,1913.0,1888.0,1898.0,1548.2135009765625,1956300.0,1834.8,1818.2,1732.9066666666668,1594.15,67.45562130177515,1770.32,33.13333333333344,7.670000000000073,0.1644171779141103,1926.0,1942.0,1922.0,1919.0,1721100.0
2021-03-18,1889.0,1920.0,1878.0,1912.0,1559.63330078125,1846800.0,1843.6,1824.72,1739.4533333333334,1595.805,75.38940809968847,1774.46,33.02666666666664,8.0,0.173006134969325,1926.0,1913.0,1898.0,1906.0,1956300.0
2021-03-19,1892.0,1939.0,1883.0,1931.0,1575.1318359375,3558300.0,1853.35,1831.52,1746.253333333333,1597.465,73.03754266211604,1778.78,33.11999999999989,8.269999999999982,0.1528358208955222,1931.0,1920.0,1912.0,1889.0,1846800.0
2021-03-20,1892.0,1939.0,1883.0,1931.0,1575.1318359375,3558300.0,1863.1,1838.32,1752.4266666666667,1599.03,73.03754266211604,1783.3,32.56000000000017,8.170000000000073,0.1181239143022583,1931.0,1939.0,1931.0,1892.0,3558300.0
2021-03-21,1892.0,1939.0,1883.0,1931.0,1575.1318359375,3558300.0,1870.4,1846.0,1758.5333333333333,1600.645,73.03754266211604,1787.82,31.98666666666668,8.079999999999927,0.1213704994192799,1931.0,1939.0,1931.0,1892.0,3558300.0
2021-03-22,1943.0,1962.0,1925.0,1948.0,1588.998779296875,2115300.0,1878.9,1853.96,1763.0,1602.305,67.75510204081633,1792.68,30.09333333333325,8.154999999999973,0.1378504672897196,1948.0,1939.0,1931.0,1892.0,3558300.0
2021-03-23,1968.0,2058.0,1958.0,2009.0,1638.757080078125,4105100.0,1890.35,1864.88,1768.5866666666666,1604.31,68.0161943319838,1799.58,29.13333333333321,8.504999999999882,0.1395348837209302,2009.0,1962.0,1948.0,1943.0,2115300.0
2021-03-24,2009.0,2018.0,1931.0,1937.0,1580.026123046875,2405400.0,1899.75,1872.92,1771.8133333333333,1605.955,56.75675675675676,1805.02,25.559999999999945,8.490000000000009,0.0986954055587068,2009.0,2058.0,2009.0,1968.0,4105100.0
2021-03-25,1960.0,2008.0,1957.0,1983.0,1617.548583984375,1716900.0,1909.1,1882.8,1775.6533333333334,1607.83,60.24844720496895,1811.04,23.226666666666688,8.799999999999955,0.1247872943845718,2009.0,2018.0,1937.0,2009.0,2405400.0
2021-03-26,1999.0,2015.0,1986.0,1994.0,1626.5213623046875,1318700.0,1919.0,1891.16,1779.64,1609.8,67.21311475409836,1816.82,21.1066666666668,9.154999999999973,0.1233802816901408,2009.0,2008.0,1983.0,1960.0,1716900.0
2021-03-27,1999.0,2015.0,1986.0,1994.0,1626.5213623046875,1318700.0,1928.9,1899.8,1783.6266666666668,1611.57,67.21311475409836,1822.48,20.62666666666678,9.264999999999873,0.1297450424929178,2009.0,2015.0,1994.0,1999.0,1318700.0
2021-03-28,1999.0,2015.0,1986.0,1994.0,1626.5213623046875,1318700.0,1935.55,1908.36,1786.48,1613.42,67.21311475409836,1828.14,17.89333333333343,9.110000000000127,0.1695014662756597,2009.0,2015.0,1994.0,1999.0,1318700.0
2021-03-29,2010.0,2017.0,1955.0,1974.0,1610.20703125,1745400.0,1938.25,1917.36,1790.6666666666667,1615.08,58.33333333333334,1833.4,18.853333333333467,9.125,0.1510204081632653,2009.0,2015.0,1994.0,1999.0,1318700.0
2021-03-30,1947.0,1971.0,1926.0,1938.0,1613.5374755859375,1353000.0,1940.3,1923.04,1793.96,1616.47,52.5,1837.06,18.30666666666661,8.6400000000001,0.1366568914956012,2009.0,2017.0,1974.0,2010.0,1745400.0
2021-03-31,1930.0,1953.0,1916.0,1934.0,1610.207275390625,1004500.0,1941.15,1928.56,1798.013333333333,1617.84,55.99999999999999,1841.04,18.37333333333322,8.039999999999964,0.1343108504398826,2009.0,1971.0,1938.0,1947.0,1353000.0
2021-04-01,1910.0,1933.0,1851.0,1859.0,1547.763916015625,2276900.0,1939.65,1931.08,1801.0666666666666,1618.835,42.65927977839335,1843.3,17.439999999999827,7.2650000000001,0.0903225806451613,2009.0,1953.0,1934.0,1930.0,1004500.0
2021-04-02,1855.0,1868.0,1795.0,1808.0,1505.3023681640625,2390800.0,1935.6,1928.96,1803.44,1619.345,34.35114503816794,1844.54,16.960000000000036,5.9249999999999545,0.0865384615384614,2009.0,1933.0,1859.0,1910.0,2276900.0
2021-04-03,1855.0,1868.0,1795.0,1808.0,1505.3023681640625,2390800.0,1931.55,1924.48,1805.213333333333,1619.985,34.35114503816794,1845.98,14.546666666666624,4.904999999999973,0.0858858858858859,2009.0,1868.0,1808.0,1855.0,2390800.0
2021-04-04,1855.0,1868.0,1795.0,1808.0,1505.3023681640625,2390800.0,1925.65,1920.92,1806.2933333333333,1620.695,34.35114503816794,1847.42,12.333333333333258,4.224999999999909,0.0749108204518429,2009.0,1868.0,1808.0,1855.0,2390800.0
2021-04-05,1802.0,1842.0,1778.0,1837.0,1529.447021484375,1904100.0,1921.4,1917.72,1807.8266666666664,1621.61,36.29629629629631,1849.44,9.813333333333276,3.769999999999982,0.0774193548387096,2009.0,1868.0,1808.0,1855.0,2390800.0
2021-04-06,1841.0,1851.0,1826.0,1841.0,1532.7772216796875,1138000.0,1918.55,1915.8,1809.5466666666664,1622.44,25.862068965517253,1851.92,8.480000000000018,3.605000000000018,0.075978959672706,2009.0,1842.0,1837.0,1802.0,1904100.0
2021-04-07,1846.0,1881.0,1836.0,1881.0,1566.0804443359375,1175700.0,1917.0,1915.48,1811.12,1623.47,41.13924050632912,1855.18,7.679999999999836,4.125,0.0993571011104617,2009.0,1851.0,1841.0,1841.0,1138000.0
2021-04-08,1900.0,1907.0,1835.0,1841.0,1532.7772216796875,1178500.0,1912.5,1913.56,1812.16,1624.3,27.0967741935484,1856.4,6.946666666666715,4.315000000000055,0.075978959672706,2009.0,1881.0,1881.0,1846.0,1175700.0
2021-04-09,1848.0,1869.0,1846.0,1867.0,1554.424560546875,823900.0,1909.3,1911.2,1813.5466666666664,1625.26,30.461538461538467,1858.26,7.25333333333333,4.565000000000055,0.0638176638176637,2009.0,1907.0,1841.0,1900.0,1178500.0
2021-04-10,1848.0,1869.0,1846.0,1867.0,1554.424560546875,823900.0,1906.1,1909.0,1814.7733333333333,1626.22,30.461538461538467,1860.62,6.946666666666715,4.610000000000127,0.0760806916426513,2009.0,1869.0,1867.0,1848.0,823900.0
2021-04-11,1848.0,1869.0,1846.0,1867.0,1554.424560546875,823900.0,1902.05,1907.76,1816.1333333333328,1627.205,30.461538461538467,1862.98,6.586666666666815,4.764999999999873,0.0693012600229094,2009.0,1869.0,1867.0,1848.0,823900.0
2021-04-12,1873.0,1888.0,1862.0,1871.0,1557.754638671875,581200.0,1895.15,1906.12,1818.3466666666664,1628.31,33.33333333333333,1865.42,7.226666666666688,4.839999999999918,0.0715922107674684,1994.0,1869.0,1867.0,1848.0,823900.0
2021-04-13,1862.0,1873.0,1830.0,1833.0,1526.11669921875,925900.0,1889.95,1902.2,1819.92,1629.25,33.11897106109325,1866.86,7.759999999999991,4.9500000000000455,0.0558755760368663,1994.0,1888.0,1871.0,1873.0,581200.0
2021-04-14,1817.0,1822.0,1771.0,1789.0,1489.4832763671875,1401300.0,1880.25,1896.52,1821.04,1629.97,29.344729344729345,1867.42,7.493333333333339,4.710000000000036,0.0305299539170507,1994.0,1873.0,1833.0,1862.0,925900.0
2021-04-15,1805.0,1814.0,1796.0,1797.0,1496.1439208984375,623100.0,1870.4,1891.16,1822.2666666666669,1630.73,39.08450704225351,1868.58,7.493333333333339,4.509999999999991,0.0351382488479261,1994.0,1822.0,1789.0,1817.0,1401300.0
2021-04-16,1827.0,1828.0,1790.0,1798.0,1496.9766845703125,878000.0,1860.6,1885.16,1823.506666666667,1631.28,47.86324786324786,1869.56,7.373333333333221,4.0750000000000455,0.0471753057658708,1994.0,1814.0,1797.0,1805.0,623100.0
2021-04-17,1827.0,1828.0,1790.0,1798.0,1496.9766845703125,878000.0,1850.8,1876.72,1825.2933333333333,1632.045,47.86324786324786,1870.8,6.946666666666715,3.7350000000001273,0.0465657741559952,1974.0,1828.0,1798.0,1827.0,878000.0
2021-04-18,1827.0,1828.0,1790.0,1798.0,1496.9766845703125,878000.0,1842.0,1871.16,1827.0666666666664,1632.92,47.86324786324786,1872.04,7.146666666666533,3.6700000000000728,0.0101123595505618,1938.0,1828.0,1798.0,1827.0,878000.0
2021-04-19,1790.0,1798.0,1779.0,1786.0,1486.985595703125,578700.0,1834.4,1863.28,1828.4533333333327,1633.735,38.24884792626728,1873.04,7.413333333333412,3.7649999999998727,0.0067643742953775,1934.0,1828.0,1798.0,1827.0,878000.0
2021-04-20,1766.0,1774.0,1741.0,1764.0,1468.6688232421875,1091400.0,1825.9,1854.08,1829.24,1634.725,33.61702127659575,1872.62,6.973333333333358,3.994999999999891,0.0085763293310463,1881.0,1798.0,1786.0,1790.0,578700.0
2021-04-21,1750.0,1755.0,1709.0,1730.0,1440.3612060546875,1238200.0,1819.45,1843.52,1829.493333333333,1635.545,17.030567685589517,1871.66,5.986666666666679,4.2650000000001,-0.0108633504859919,1881.0,1774.0,1764.0,1766.0,1091400.0
2021-04-22,1746.0,1750.0,1716.0,1727.0,1437.8634033203125,923800.0,1815.4,1832.84,1829.7066666666667,1636.35,20.3125,1870.6,4.413333333333412,4.304999999999836,-0.0125786163522012,1881.0,1755.0,1730.0,1750.0,1238200.0
2021-04-23,1718.0,1744.0,1712.0,1741.0,1449.5194091796875,812800.0,1812.05,1823.52,1830.1066666666663,1637.115,15.0,1870.44,3.039999999999964,4.194999999999936,-0.0113571834185122,1881.0,1750.0,1727.0,1746.0,923800.0
2021-04-24,1718.0,1744.0,1712.0,1741.0,1449.5194091796875,812800.0,1808.7,1815.64,1829.92,1637.75,15.0,1869.34,1.466666666666697,4.0150000000001,-0.0113571834185122,1881.0,1744.0,1741.0,1718.0,812800.0
2021-04-25,1718.0,1744.0,1712.0,1741.0,1449.5194091796875,812800.0,1803.9,1807.92,1830.0,1638.44,15.0,1868.24,0.7599999999999909,3.7150000000001455,0.0011500862564692,1881.0,1744.0,1741.0,1718.0,812800.0
2021-04-26,1745.0,1746.0,1722.0,1731.0,1441.1937255859375,637500.0,1798.4,1802.8,1829.8,1639.205,12.365591397849473,1866.94,0.3066666666666151,3.659999999999856,-0.0102915951972555,1881.0,1744.0,1741.0,1718.0,812800.0
2021-04-27,1729.0,1740.0,1716.0,1729.0,1439.528564453125,518800.0,1790.8,1799.64,1829.5733333333333,1640.005,15.333333333333345,1864.3,-0.1333333333334394,3.6550000000002,-0.0040322580645161,1871.0,1746.0,1731.0,1745.0,637500.0
2021-04-28,1729.0,1744.0,1724.0,1730.0,1440.3612060546875,749500.0,1785.25,1796.52,1829.493333333333,1640.81,22.42990654205608,1860.5,-0.6133333333332303,3.694999999999936,-0.0034562211981566,1871.0,1740.0,1729.0,1729.0,518800.0
2021-04-29,1729.0,1744.0,1724.0,1730.0,1440.3612060546875,749500.0,1778.4,1793.4,1829.4133333333327,1641.615,16.161616161616152,1857.16,-0.5066666666666606,3.865000000000009,-0.0034562211981566,1871.0,1744.0,1730.0,1729.0,749500.0
2021-04-30,1748.0,1766.0,1732.0,1746.0,1453.6824951171875,1043600.0,1772.35,1789.76,1829.5466666666664,1642.63,27.19298245614036,1853.74,-0.4533333333333758,4.190000000000055,-0.0218487394957983,1871.0,1744.0,1730.0,1729.0,749500.0
2021-05-01,1748.0,1766.0,1732.0,1746.0,1453.6824951171875,1043600.0,1766.3,1785.96,1829.9333333333327,1643.63,27.19298245614036,1850.88,0.1333333333334394,4.425000000000182,-0.0179977502812148,1871.0,1766.0,1746.0,1748.0,1043600.0
2021-05-02,1748.0,1766.0,1732.0,1746.0,1453.6824951171875,1043600.0,1760.05,1780.56,1830.3066666666664,1644.75,27.19298245614036,1848.02,0.7333333333333485,4.744999999999891,-0.0191011235955056,1833.0,1766.0,1746.0,1748.0,1043600.0
2021-05-03,1748.0,1766.0,1732.0,1746.0,1453.6824951171875,1043600.0,1755.7,1776.76,1829.8533333333328,1645.97,30.392156862745097,1845.16,0.3599999999998999,5.160000000000082,-0.0017152658662092,1798.0,1766.0,1746.0,1748.0,1043600.0
2021-05-04,1748.0,1766.0,1732.0,1746.0,1453.6824951171875,1043600.0,1753.55,1771.92,1829.48,1647.225,38.75,1841.56,0.066666666666606,5.6099999999999,-0.0278396436525611,1798.0,1766.0,1746.0,1748.0,1043600.0
2021-05-05,1748.0,1766.0,1732.0,1746.0,1453.6824951171875,1043600.0,1751.0,1767.08,1829.44,1648.48,67.3913043478261,1838.04,-0.1066666666665696,5.849999999999909,-0.0278396436525611,1798.0,1766.0,1746.0,1748.0,1043600.0
2021-05-06,1671.0,1711.0,1654.0,1684.0,1402.0626220703125,2716200.0,1745.3,1759.76,1828.5733333333333,1649.425,29.52380952380952,1833.76,-1.360000000000127,5.794999999999845,-0.0623608017817371,1798.0,1766.0,1746.0,1748.0,1043600.0
2021-05-07,1685.0,1691.0,1662.0,1670.0,1390.406494140625,1448100.0,1738.9,1751.72,1827.52,1650.065,16.19047619047619,1828.92,-2.7866666666666333,5.315000000000055,-0.1026329930145083,1798.0,1711.0,1684.0,1671.0,2716200.0
2021-05-08,1685.0,1691.0,1662.0,1670.0,1390.406494140625,1448100.0,1732.5,1745.2,1826.3066666666664,1650.76,16.19047619047619,1823.7,-3.546666666666624,4.789999999999964,-0.1302083333333333,1786.0,1691.0,1670.0,1685.0,1448100.0
2021-05-09,1685.0,1691.0,1662.0,1670.0,1390.406494140625,1448100.0,1726.7,1740.44,1825.0933333333328,1651.355,16.19047619047619,1818.48,-4.38666666666677,4.130000000000109,-0.1196626251976805,1764.0,1691.0,1670.0,1685.0,1448100.0
2021-05-10,1677.0,1694.0,1668.0,1692.0,1408.7232666015625,986200.0,1723.1,1736.24,1824.4666666666667,1652.275,33.33333333333333,1813.7,-4.973333333333358,3.7950000000000728,-0.1173708920187793,1746.0,1691.0,1670.0,1685.0,1448100.0
2021-05-11,1690.0,1702.0,1674.0,1680.0,1398.7322998046875,865200.0,1720.6,1731.52,1823.5466666666664,1653.08,30.70866141732283,1808.34,-5.026666666666642,3.6549999999999727,-0.1106405505558496,1746.0,1694.0,1692.0,1677.0,986200.0
2021-05-12,1669.0,1669.0,1629.0,1641.0,1366.2615966796875,1711400.0,1716.3,1725.24,1822.28,1653.69,23.03030303030303,1800.98,-5.240000000000009,3.625,-0.131286394917946,1746.0,1702.0,1680.0,1690.0,865200.0
2021-05-13,1630.0,1652.0,1614.0,1621.0,1349.6102294921875,1249300.0,1710.3,1718.16,1820.746666666667,1654.2,20.540540540540547,1794.66,-5.559999999999945,3.4400000000000546,-0.1418740074113287,1746.0,1669.0,1641.0,1669.0,1711400.0
2021-05-14,1630.0,1657.0,1630.0,1648.0,1372.08984375,943000.0,1705.65,1712.64,1819.5733333333333,1654.78,25.0,1787.96,-5.519999999999982,3.4249999999999545,-0.1443406022845275,1746.0,1652.0,1621.0,1630.0,1249300.0
2021-05-15,1630.0,1657.0,1630.0,1648.0,1372.08984375,943000.0,1701.0,1708.0,1817.746666666667,1655.52,25.0,1781.04,-6.720000000000027,3.244999999999891,-0.1425598335067638,1746.0,1657.0,1648.0,1630.0,943000.0
2021-05-16,1630.0,1657.0,1630.0,1648.0,1372.08984375,943000.0,1696.85,1704.72,1816.013333333333,1656.38,25.0,1774.12,-7.533333333333303,3.300000000000182,-0.131717597471022,1746.0,1657.0,1648.0,1630.0,943000.0
2021-05-17,1652.0,1662.0,1644.0,1656.0,1378.7501220703125,703200.0,1693.2,1701.88,1814.36,1657.335,27.941176470588232,1767.36,-7.920000000000073,3.644999999999982,-0.1338912133891213,1746.0,1657.0,1648.0,1630.0,943000.0
2021-05-18,1656.0,1672.0,1645.0,1666.0,1387.0760498046875,708400.0,1690.0,1698.88,1813.253333333333,1658.615,31.308411214953267,1761.2,-7.493333333333339,4.414999999999964,-0.1372345934748834,1746.0,1662.0,1656.0,1652.0,703200.0
2021-05-19,1660.0,1660.0,1634.0,1636.0,1362.098876953125,754900.0,1685.3,1694.68,1811.12,1659.745,27.459016393442624,1755.16,-8.453333333333376,4.964999999999918,-0.1527705851890212,1746.0,1672.0,1666.0,1656.0,708400.0
2021-05-20,1636.0,1649.0,1625.0,1632.0,1358.7684326171875,976000.0,1679.6,1690.32,1808.9333333333327,1660.855,36.02150537634409,1749.12,-8.813333333333276,5.335000000000036,-0.1548420507509063,1746.0,1660.0,1636.0,1660.0,754900.0
2021-05-21,1630.0,1639.0,1612.0,1612.0,1342.116943359375,945300.0,1672.9,1685.56,1806.48,1661.285,34.89583333333333,1744.18,-9.533333333333305,4.904999999999973,-0.1724845995893223,1746.0,1649.0,1632.0,1636.0,976000.0
2021-05-22,1630.0,1639.0,1612.0,1612.0,1342.116943359375,945300.0,1666.2,1680.88,1803.16,1661.715,34.89583333333333,1740.26,-11.199999999999818,4.379999999999882,-0.1976107516177202,1746.0,1639.0,1612.0,1630.0,945300.0
2021-05-23,1630.0,1639.0,1612.0,1612.0,1342.116943359375,945300.0,1659.5,1676.16,1799.0533333333333,1662.395,34.89583333333333,1736.34,-14.200000000000044,3.7799999999999727,-0.1677852348993288,1746.0,1639.0,1612.0,1630.0,945300.0
2021-05-24,1612.0,1633.0,1612.0,1624.0,1352.1077880859375,733900.0,1653.4,1671.92,1795.4133333333334,1663.285,31.31868131868132,1732.66,-15.70666666666648,3.540000000000191,-0.1810388300554715,1746.0,1639.0,1612.0,1630.0,945300.0
2021-05-25,1620.0,1621.0,1582.0,1582.0,1317.139404296875,1990400.0,1645.2,1665.36,1790.9466666666667,1663.855,26.88679245283018,1727.56,-17.98666666666668,3.0,-0.2066198595787362,1692.0,1633.0,1624.0,1612.0,733900.0
2021-05-26,1568.0,1568.0,1541.0,1551.0,1291.3297119140625,1458800.0,1638.55,1657.56,1786.44,1664.27,27.941176470588232,1721.76,-20.039999999999964,2.9849999999999,-0.2221664994984955,1692.0,1621.0,1582.0,1620.0,1990400.0
2021-05-27,1554.0,1570.0,1514.0,1514.0,1260.5240478515625,2022300.0,1630.75,1648.28,1781.44,1664.5,25.79185520361992,1714.42,-21.720000000000027,2.785000000000082,-0.2407221664994985,1692.0,1568.0,1551.0,1568.0,1458800.0
2021-05-28,1529.0,1566.0,1528.0,1555.0,1294.659912109375,1446600.0,1625.0,1640.64,1776.986666666667,1664.95,30.212765957446805,1708.7,-22.06666666666661,2.555000000000064,-0.2122593718338399,1692.0,1570.0,1514.0,1554.0,2022300.0
2021-05-29,1529.0,1566.0,1528.0,1555.0,1294.659912109375,1446600.0,1619.25,1633.0,1772.04,1665.015,30.212765957446805,1702.46,-23.37333333333345,1.7300000000000182,-0.197626418988648,1692.0,1566.0,1555.0,1529.0,1446600.0
2021-05-30,1529.0,1566.0,1528.0,1555.0,1294.659912109375,1446600.0,1612.4,1625.36,1767.1466666666668,1665.075,30.212765957446805,1696.22,-23.799999999999955,1.2200000000000273,-0.1959669079627715,1680.0,1566.0,1555.0,1529.0,1446600.0
2021-05-31,1565.0,1574.0,1544.0,1550.0,1290.4969482421875,1157200.0,1605.9,1620.0,1762.506666666667,1665.28,27.155172413793096,1689.88,-23.9333333333334,1.009999999999991,-0.1662183969876277,1666.0,1566.0,1555.0,1529.0,1446600.0
2021-06-01,1559.0,1567.0,1549.0,1554.0,1293.8271484375,643000.0,1601.55,1615.36,1757.7333333333331,1665.56,25.22123893805309,1683.54,-23.706666666666703,1.0599999999999454,-0.1404867256637167,1666.0,1574.0,1550.0,1565.0,1157200.0
2021-06-02,1554.0,1563.0,1545.0,1558.0,1297.15771484375,1002800.0,1598.4,1610.88,1752.76,1665.86,30.5,1678.04,-24.226666666666688,0.9099999999998544,-0.1382743362831858,1666.0,1567.0,1554.0,1559.0,643000.0
2021-06-03,1560.0,1589.0,1559.0,1585.0,1319.637451171875,978100.0,1595.25,1607.48,1748.1466666666668,1666.295,39.46188340807175,1673.96,-23.893333333333203,1.2799999999999727,-0.1233407079646017,1666.0,1563.0,1558.0,1554.0,1002800.0
2021-06-04,1615.0,1617.0,1582.0,1587.0,1321.302490234375,933600.0,1592.2,1603.28,1743.56,1666.665,43.90243902439025,1669.76,-23.58666666666681,1.589999999999918,-0.1360914534567229,1666.0,1589.0,1585.0,1560.0,978100.0
2021-06-05,1615.0,1617.0,1582.0,1587.0,1321.302490234375,933600.0,1589.15,1599.56,1738.746666666667,1666.965,43.90243902439025,1665.54,-23.75999999999999,1.6849999999999454,-0.1379684953829441,1666.0,1617.0,1587.0,1615.0,933600.0
2021-06-06,1615.0,1617.0,1582.0,1587.0,1321.302490234375,933600.0,1585.7,1597.4,1733.12,1667.375,43.90243902439025,1661.32,-24.613333333333458,1.8150000000000543,-0.1562998405103668,1666.0,1617.0,1587.0,1615.0,933600.0
2021-06-07,1595.0,1615.0,1588.0,1607.0,1337.9541015625,812900.0,1582.75,1596.84,1728.72,1668.03,46.009389671361504,1657.5,-24.039999999999964,2.1700000000000728,-0.1271048343291689,1636.0,1617.0,1587.0,1615.0,933600.0
2021-06-08,1611.0,1615.0,1594.0,1607.0,1337.9541015625,834000.0,1581.3,1595.2,1723.7066666666667,1668.75,57.30994152046784,1653.92,-24.44000000000005,2.4549999999999272,-0.1392608462774505,1632.0,1615.0,1607.0,1595.0,812900.0
2021-06-09,1618.0,1638.0,1613.0,1632.0,1358.7684326171875,823600.0,1581.3,1594.56,1718.88,1669.595,74.54545454545455,1651.28,-24.67999999999984,2.930000000000064,-0.125870380289234,1632.0,1615.0,1607.0,1611.0,834000.0
2021-06-10,1650.0,1657.0,1631.0,1638.0,1363.7640380859375,910400.0,1582.6,1594.16,1714.1333333333334,1670.47,96.26865671641792,1649.44,-24.61333333333323,3.505000000000109,-0.1226566684520621,1638.0,1638.0,1632.0,1618.0,823600.0
2021-06-11,1639.0,1640.0,1609.0,1626.0,1353.77294921875,975000.0,1583.3,1592.96,1709.2266666666667,1671.285,83.80952380952381,1647.42,-23.893333333333203,3.910000000000082,-0.1309460181721005,1638.0,1657.0,1638.0,1650.0,910400.0
2021-06-12,1639.0,1640.0,1609.0,1626.0,1353.77294921875,975000.0,1584.0,1591.36,1704.5866666666666,1672.115,83.80952380952381,1645.12,-24.13333333333344,4.085000000000036,-0.1129296235679214,1638.0,1640.0,1626.0,1639.0,975000.0
2021-06-13,1639.0,1640.0,1609.0,1626.0,1353.77294921875,975000.0,1584.1,1590.96,1700.4266666666667,1672.955,83.80952380952381,1642.82,-23.279999999999973,4.204999999999927,-0.0911123532699832,1638.0,1640.0,1626.0,1639.0,975000.0
2021-06-14,1645.0,1647.0,1612.0,1619.0,1347.945068359375,486200.0,1585.95,1590.44,1696.2266666666667,1673.89,82.24299065420561,1640.38,-22.65333333333342,4.295000000000073,-0.0990539788536449,1638.0,1640.0,1626.0,1639.0,975000.0
2021-06-15,1619.0,1629.0,1612.0,1626.0,1353.77294921875,644600.0,1589.7,1591.0,1693.12,1674.81,82.72727272727272,1638.28,-21.01333333333355,4.339999999999918,-0.0956618464961067,1638.0,1647.0,1619.0,1645.0,486200.0
2021-06-16,1651.0,1652.0,1627.0,1628.0,1355.43798828125,579100.0,1595.4,1591.64,1690.72,1675.74,82.4074074074074,1636.26,-18.50666666666666,4.454999999999927,-0.0945494994438265,1638.0,1629.0,1626.0,1619.0,644600.0
2021-06-17,1628.0,1630.0,1616.0,1620.0,1348.77734375,440400.0,1598.65,1591.96,1688.2133333333334,1676.63,69.66292134831461,1634.06,-16.37333333333322,4.5150000000001,-0.0989988876529477,1638.0,1652.0,1628.0,1651.0,579100.0
2021-06-18,1616.0,1619.0,1597.0,1607.0,1337.9541015625,1159600.0,1601.25,1591.28,1685.5333333333333,1677.645,60.0,1631.6,-14.89333333333343,4.690000000000055,-0.1002239641657335,1638.0,1630.0,1620.0,1628.0,440400.0
2021-06-19,1616.0,1619.0,1597.0,1607.0,1337.9541015625,1159600.0,1603.85,1592.28,1682.4666666666667,1678.69,60.0,1628.82,-13.759999999999993,4.7999999999999545,-0.0890022675736961,1638.0,1619.0,1607.0,1616.0,1159600.0
2021-06-20,1616.0,1619.0,1597.0,1607.0,1337.9541015625,1159600.0,1606.7,1594.52,1679.3466666666666,1679.71,60.0,1626.04,-13.773333333333312,4.900000000000091,-0.0710982658959538,1638.0,1619.0,1607.0,1616.0,1159600.0
2021-06-21,1576.0,1587.0,1566.0,1585.0,1319.637451171875,814600.0,1608.25,1597.36,1675.4,1680.56,39.2156862745098,1622.82,-15.319999999999936,4.819999999999936,-0.0822235089751013,1638.0,1619.0,1607.0,1616.0,1159600.0
2021-06-22,1607.0,1618.0,1598.0,1617.0,1346.279541015625,567700.0,1611.2,1599.84,1672.4133333333334,1681.625,53.731343283582085,1620.24,-15.799999999999956,4.994999999999891,-0.0712234348075818,1638.0,1587.0,1585.0,1576.0,814600.0
2021-06-23,1595.0,1600.0,1565.0,1569.0,1306.31591796875,1061800.0,1610.4,1600.4,1668.44,1682.45,29.936305732484072,1616.7,-17.09333333333325,4.805000000000064,-0.0987937966685812,1638.0,1618.0,1617.0,1607.0,567700.0
2021-06-24,1557.0,1580.0,1551.0,1572.0,1308.813720703125,807800.0,1609.65,1601.08,1664.506666666667,1683.29,28.57142857142857,1613.22,-17.960000000000036,4.599999999999909,-0.0970706490522688,1638.0,1600.0,1569.0,1595.0,1061800.0
2021-06-25,1580.0,1597.0,1572.0,1595.0,1327.9630126953125,625900.0,1610.05,1602.88,1660.88,1684.435,40.6060606060606,1611.44,-18.46666666666647,4.724999999999909,-0.0785673021374927,1638.0,1580.0,1572.0,1557.0,807800.0
2021-06-26,1580.0,1597.0,1572.0,1595.0,1327.9630126953125,625900.0,1610.45,1604.52,1657.2,1685.595,40.6060606060606,1609.94,-18.200000000000045,5.035000000000082,-0.0775014459224985,1638.0,1597.0,1595.0,1580.0,625900.0
2021-06-27,1580.0,1597.0,1572.0,1595.0,1327.9630126953125,625900.0,1609.85,1606.0,1654.0266666666666,1686.71,40.6060606060606,1608.44,-18.38666666666677,5.085000000000036,-0.0780346820809249,1638.0,1597.0,1595.0,1580.0,625900.0
2021-06-28,1617.0,1618.0,1598.0,1610.0,1340.4517822265625,652000.0,1610.0,1607.0,1651.64,1687.895,47.39884393063584,1607.24,-16.799999999999955,5.444999999999936,-0.0693641618497109,1638.0,1597.0,1595.0,1580.0,625900.0
2021-06-29,1618.0,1619.0,1595.0,1596.0,1328.795654296875,888400.0,1608.2,1607.36,1648.96,1688.96,41.66666666666666,1605.32,-15.546666666666624,5.670000000000073,-0.0859106529209622,1638.0,1618.0,1610.0,1617.0,652000.0
2021-06-30,1587.0,1594.0,1577.0,1585.0,1319.637451171875,968600.0,1605.55,1607.28,1646.12,1689.97,38.62433862433863,1603.42,-14.760000000000218,5.535000000000082,-0.0922107674684994,1628.0,1619.0,1596.0,1618.0,888400.0
2021-07-01,1592.0,1603.0,1588.0,1591.0,1324.6328125,406000.0,1603.8,1607.44,1643.36,1691.01,42.24598930481283,1602.42,-13.840000000000146,5.414999999999964,-0.0887743413516609,1628.0,1594.0,1585.0,1587.0,968600.0
2021-07-02,1599.0,1617.0,1595.0,1617.0,1346.279541015625,653400.0,1603.35,1607.84,1640.9466666666667,1692.15,52.50000000000001,1602.34,-13.079999999999927,5.440000000000055,-0.0738831615120274,1628.0,1603.0,1591.0,1592.0,406000.0
2021-07-03,1599.0,1617.0,1595.0,1617.0,1346.279541015625,653400.0,1602.9,1608.24,1638.6933333333334,1693.41,52.50000000000001,1601.72,-12.946666666666715,5.5150000000001,-0.0738831615120274,1628.0,1617.0,1617.0,1599.0,653400.0
2021-07-04,1599.0,1617.0,1595.0,1617.0,1346.279541015625,653400.0,1602.8,1607.64,1636.7333333333331,1694.595,52.50000000000001,1601.1,-12.226666666666688,5.634999999999991,-0.0738831615120274,1628.0,1617.0,1617.0,1599.0,653400.0
2021-07-05,1625.0,1628.0,1608.0,1617.0,1346.279541015625,798000.0,1602.35,1606.8,1635.2266666666667,1695.83,58.98876404494382,1600.48,-10.893333333333205,5.8599999999999,-0.0397862232779097,1628.0,1617.0,1617.0,1599.0,653400.0
2021-07-06,1617.0,1624.0,1611.0,1617.0,1346.279541015625,438000.0,1601.8,1606.44,1633.76,1696.975,50.0,1599.7,-9.599999999999907,5.964999999999918,-0.0317365269461077,1620.0,1628.0,1617.0,1625.0,798000.0
2021-07-07,1611.0,1611.0,1591.0,1600.0,1332.1259765625,704600.0,1600.8,1605.4,1631.88,1698.035,63.47826086956522,1598.38,-9.066666666666606,5.884999999999991,-0.0419161676646706,1617.0,1624.0,1617.0,1617.0,438000.0
2021-07-08,1611.0,1614.0,1601.0,1606.0,1337.121337890625,724200.0,1600.75,1604.6,1630.08,1699.125,64.40677966101694,1597.78,-8.613333333333458,5.714999999999918,-0.0383233532934131,1617.0,1611.0,1600.0,1611.0,704600.0
2021-07-09,1592.0,1620.0,1581.0,1620.0,1348.77734375,966300.0,1601.4,1604.64,1628.4666666666667,1700.315,61.46788990825688,1597.54,-8.266666666666652,5.720000000000027,-0.0425531914893616,1620.0,1614.0,1606.0,1611.0,724200.0
2021-07-10,1592.0,1620.0,1581.0,1620.0,1348.77734375,966300.0,1602.05,1604.4,1626.986666666667,1701.635,61.46788990825688,1597.7,-8.240000000000009,5.805000000000064,-0.0357142857142857,1620.0,1620.0,1620.0,1592.0,966300.0
2021-07-11,1592.0,1620.0,1581.0,1620.0,1348.77734375,966300.0,1603.8,1604.08,1625.5333333333333,1702.91,61.46788990825688,1597.86,-8.226666666666688,5.935000000000173,-0.0127970749542961,1620.0,1620.0,1620.0,1592.0,966300.0
2021-07-12,1632.0,1642.0,1620.0,1624.0,1352.1077880859375,753700.0,1604.15,1604.24,1624.12,1704.085,57.14285714285714,1598.1,-7.760000000000218,6.0499999999999545,0.0018507094386182,1624.0,1620.0,1620.0,1592.0,966300.0
2021-07-13,1642.0,1650.0,1634.0,1647.0,1371.257080078125,793700.0,1608.05,1605.84,1623.013333333333,1705.315,73.83177570093459,1598.56,-7.066666666666606,6.190000000000055,-0.0006067961165048,1647.0,1642.0,1624.0,1632.0,753700.0
2021-07-14,1650.0,1676.0,1645.0,1670.0,1390.406494140625,906000.0,1612.95,1608.36,1622.0,1706.66,85.71428571428571,1600.32,-6.466666666666697,6.345000000000027,0.0133495145631068,1670.0,1650.0,1647.0,1642.0,793700.0
2021-07-15,1680.0,1692.0,1651.0,1657.0,1379.5831298828125,844400.0,1616.05,1610.36,1620.8133333333333,1707.94,76.19047619047619,1602.44,-6.173333333333403,6.305000000000064,0.0054611650485436,1670.0,1676.0,1670.0,1650.0,906000.0
2021-07-16,1653.0,1668.0,1642.0,1646.0,1370.424560546875,541100.0,1618.6,1612.8,1619.48,1709.22,63.06306306306307,1605.08,-6.053333333333285,6.309999999999945,-0.0060386473429951,1670.0,1692.0,1657.0,1680.0,844400.0
2021-07-17,1653.0,1668.0,1642.0,1646.0,1370.424560546875,541100.0,1621.15,1613.96,1618.1466666666668,1710.52,63.06306306306307,1606.9,-5.97333333333313,6.434999999999945,-0.0120048019207683,1670.0,1668.0,1646.0,1653.0,541100.0
2021-07-18,1653.0,1668.0,1642.0,1646.0,1370.424560546875,541100.0,1622.95,1617.04,1616.8133333333333,1711.645,63.06306306306307,1608.72,-6.2000000000000455,6.329999999999927,0.0061124694376528,1670.0,1668.0,1646.0,1653.0,541100.0
2021-07-19,1636.0,1639.0,1622.0,1635.0,1361.26611328125,444600.0,1624.9,1619.56,1615.3333333333333,1712.715,57.377049180327866,1610.32,-6.666666666666743,6.054999999999836,0.0018382352941177,1670.0,1668.0,1646.0,1653.0,541100.0
2021-07-20,1607.0,1643.0,1604.0,1638.0,1363.7640380859375,590100.0,1627.55,1621.28,1614.72,1713.8,58.4,1612.08,-6.093333333333248,5.8599999999999,0.0161290322580645,1670.0,1639.0,1635.0,1636.0,444600.0
2021-07-21,1650.0,1655.0,1625.0,1632.0,1358.7684326171875,514000.0,1629.6,1622.76,1614.2133333333334,1714.855,64.03508771929825,1613.64,-5.266666666666652,5.634999999999991,0.0124069478908188,1670.0,1643.0,1638.0,1607.0,590100.0
2021-07-22,1650.0,1655.0,1625.0,1632.0,1358.7684326171875,514000.0,1630.35,1624.24,1613.7066666666667,1715.91,62.03703703703704,1615.12,-4.440000000000055,5.3900000000001,0.0124069478908188,1670.0,1655.0,1632.0,1650.0,514000.0
2021-07-23,1650.0,1655.0,1625.0,1632.0,1358.7684326171875,514000.0,1631.1,1625.12,1613.2,1716.73,56.38297872340426,1616.06,-3.6133333333332303,5.085000000000036,0.0049261083743843,1670.0,1655.0,1632.0,1650.0,514000.0
2021-07-24,1650.0,1655.0,1625.0,1632.0,1358.7684326171875,514000.0,1631.85,1626.56,1612.4,1717.525,56.38297872340426,1616.96,-2.9333333333331666,4.810000000000173,0.0316055625790139,1670.0,1655.0,1632.0,1650.0,514000.0
2021-07-25,1650.0,1655.0,1625.0,1632.0,1358.7684326171875,514000.0,1632.6,1628.44,1611.76,1717.62,56.38297872340426,1617.86,-2.9600000000000364,3.819999999999936,0.0522243713733074,1670.0,1655.0,1632.0,1650.0,514000.0
2021-07-26,1645.0,1647.0,1619.0,1626.0,1353.77294921875,700500.0,1633.05,1629.84,1611.56,1717.8,51.04166666666667,1618.64,-2.6533333333334213,2.9449999999999363,0.0739762219286657,1670.0,1655.0,1632.0,1650.0,514000.0
2021-07-27,1639.0,1643.0,1625.0,1642.0,1367.09423828125,497300.0,1635.15,1630.84,1611.84,1717.535,47.19101123595505,1619.34,-1.866666666666788,1.625,0.0559485530546624,1670.0,1647.0,1626.0,1645.0,700500.0
2021-07-28,1645.0,1654.0,1638.0,1645.0,1369.592041015625,574200.0,1637.1,1631.96,1611.8,1717.285,31.8840579710145,1620.1,-1.400000000000091,0.5550000000000637,0.0578778135048232,1670.0,1643.0,1642.0,1639.0,497300.0
2021-07-29,1645.0,1645.0,1621.0,1629.0,1356.2706298828125,733200.0,1637.55,1632.44,1611.5466666666666,1716.955,30.55555555555556,1620.04,-0.8533333333334667,-0.5700000000001637,0.047588424437299,1670.0,1654.0,1645.0,1645.0,574200.0
2021-07-30,1621.0,1622.0,1594.0,1610.0,1340.4517822265625,1892900.0,1637.05,1632.16,1611.04,1716.53,27.5,1619.48,-0.7200000000000273,-1.089999999999918,0.0387096774193549,1670.0,1645.0,1629.0,1645.0,733200.0
2021-07-31,1621.0,1622.0,1594.0,1610.0,1340.4517822265625,1892900.0,1636.55,1631.88,1610.4266666666667,1715.68,27.5,1619.16,-1.133333333333212,-2.119999999999891,0.0360360360360361,1670.0,1622.0,1610.0,1621.0,1892900.0
2021-08-01,1621.0,1622.0,1594.0,1610.0,1340.4517822265625,1892900.0,1635.85,1632.28,1609.68,1715.43,27.5,1618.84,-2.1599999999998545,-2.105000000000018,0.0333761232349165,1670.0,1622.0,1610.0,1621.0,1892900.0
2021-08-02,1621.0,1665.0,1613.0,1656.0,1378.7501220703125,1262600.0,1636.3,1634.28,1609.9466666666667,1715.255,59.130434782608695,1619.44,-1.85333333333324,-2.0299999999999727,0.044794952681388,1670.0,1622.0,1610.0,1621.0,1892900.0
2021-08-03,1644.0,1649.0,1619.0,1622.0,1350.4425048828125,807100.0,1633.9,1634.36,1609.8133333333333,1715.215,44.52054794520548,1619.5,-1.7333333333333485,-1.740000000000009,0.0220541902961561,1657.0,1665.0,1656.0,1621.0,1262600.0
2021-08-04,1616.0,1625.0,1602.0,1608.0,1338.78662109375,631800.0,1631.45,1633.88,1609.76,1715.105,42.20779220779222,1619.14,-1.2799999999999727,-1.4249999999999543,0.0132325141776936,1656.0,1649.0,1622.0,1644.0,807100.0
2021-08-05,1602.0,1626.0,1601.0,1622.0,1350.4425048828125,332700.0,1630.25,1633.96,1609.8933333333334,1715.065,47.023809523809526,1619.02,-0.533333333333303,-0.6150000000000091,0.0220541902961561,1656.0,1625.0,1608.0,1616.0,631800.0
2021-08-06,1620.0,1627.0,1613.0,1626.0,1353.77294921875,356700.0,1629.25,1634.04,1610.08,1714.82,48.25581395348837,1619.14,0.3999999999998636,-0.6100000000001273,0.0118232731798382,1656.0,1626.0,1622.0,1602.0,332700.0
2021-08-07,1620.0,1627.0,1613.0,1626.0,1353.77294921875,356700.0,1628.25,1633.2,1610.1066666666666,1714.315,48.25581395348837,1619.52,0.1599999999998544,-0.9400000000000546,0.0118232731798382,1656.0,1627.0,1626.0,1620.0,356700.0
2021-08-08,1620.0,1627.0,1613.0,1626.0,1353.77294921875,356700.0,1627.8,1631.44,1610.6933333333334,1713.835,48.25581395348837,1619.9,0.8800000000001091,-1.3799999999998818,-0.0036764705882352,1656.0,1627.0,1626.0,1620.0,356700.0
2021-08-09,1620.0,1627.0,1613.0,1626.0,1353.77294921875,356700.0,1627.2,1630.2,1611.6933333333334,1713.405,50.0,1620.28,1.933333333333394,-1.7000000000000457,-0.0073260073260073,1656.0,1627.0,1626.0,1620.0,356700.0
2021-08-10,1628.0,1656.0,1626.0,1634.0,1360.43359375,648900.0,1627.3,1629.72,1613.2933333333333,1712.76,47.46835443037975,1621.26,3.399999999999864,-2.305000000000064,0.0049200492004919,1656.0,1627.0,1626.0,1620.0,356700.0
2021-08-11,1650.0,1655.0,1636.0,1654.0,1377.085205078125,565500.0,1628.4,1630.04,1614.6133333333332,1712.215,52.57142857142857,1622.0,4.533333333333303,-2.605000000000018,0.017220172201722,1656.0,1656.0,1634.0,1628.0,648900.0
2021-08-12,1663.0,1675.0,1653.0,1659.0,1381.2481689453125,500200.0,1629.75,1630.56,1616.0,1711.695,59.14634146341464,1623.8,5.89333333333343,-2.6200000000001182,0.0202952029520295,1659.0,1655.0,1654.0,1650.0,565500.0
2021-08-13,1661.0,1672.0,1658.0,1658.0,1380.4154052734375,375200.0,1631.05,1631.48,1617.3733333333332,1711.11,66.43835616438356,1625.52,6.679999999999836,-2.7250000000001364,0.0240889437924645,1659.0,1675.0,1659.0,1663.0,500200.0
2021-08-14,1661.0,1672.0,1658.0,1658.0,1380.4154052734375,375200.0,1632.35,1632.28,1618.8133333333333,1710.575,66.43835616438356,1626.78,7.119999999999891,-2.8299999999999272,0.0196801968019679,1659.0,1672.0,1658.0,1661.0,375200.0
2021-08-15,1661.0,1672.0,1658.0,1658.0,1380.4154052734375,375200.0,1633.95,1633.32,1620.2,1710.34,66.43835616438356,1628.04,6.906666666666752,-2.4200000000000728,0.0184275184275184,1659.0,1672.0,1658.0,1661.0,375200.0
2021-08-16,1652.0,1654.0,1634.0,1646.0,1370.424560546875,522100.0,1634.15,1633.88,1621.3733333333332,1709.995,45.535714285714285,1629.06,6.759999999999991,-2.220000000000028,0.0160493827160492,1659.0,1672.0,1658.0,1661.0,375200.0
2021-08-17,1656.0,1658.0,1634.0,1637.0,1362.9312744140625,484000.0,1633.75,1634.08,1622.0666666666666,1709.655,58.62068965517241,1629.6,6.066666666666606,-2.039999999999964,0.0186683260734288,1659.0,1654.0,1646.0,1652.0,522100.0
2021-08-18,1650.0,1654.0,1630.0,1630.0,1357.103271484375,628800.0,1633.8,1634.0,1622.64,1709.28,63.75,1630.28,5.266666666666879,-1.8299999999999272,0.0143123833229621,1659.0,1658.0,1637.0,1656.0,484000.0
2021-08-19,1611.0,1613.0,1603.0,1605.0,1336.28857421875,749300.0,1633.55,1632.92,1622.88,1708.78,40.65934065934066,1630.68,4.066666666666833,-1.7950000000000728,-0.0012445550715619,1659.0,1654.0,1630.0,1650.0,628800.0
2021-08-20,1614.0,1617.0,1603.0,1611.0,1341.2843017578125,596800.0,1633.6,1632.32,1623.2,1708.515,41.935483870967744,1631.08,3.0,-1.824999999999818,0.0164037854889589,1659.0,1613.0,1605.0,1611.0,749300.0
2021-08-21,1614.0,1617.0,1603.0,1611.0,1341.2843017578125,596800.0,1633.65,1631.08,1623.253333333333,1708.245,41.935483870967744,1630.96,1.8800000000001087,-1.75,-0.0037105751391465,1659.0,1617.0,1611.0,1614.0,596800.0
2021-08-22,1614.0,1617.0,1603.0,1611.0,1341.2843017578125,596800.0,1631.4,1629.72,1623.3066666666666,1707.89,41.935483870967744,1630.84,1.240000000000009,-1.764999999999873,0.0267686424474187,1659.0,1617.0,1611.0,1614.0,596800.0
2021-08-23,1625.0,1641.0,1624.0,1637.0,1362.9312744140625,499000.0,1632.15,1630.04,1623.3733333333332,1707.55,54.6218487394958,1631.24,0.7333333333331211,-1.7300000000000182,0.0413486005089058,1659.0,1617.0,1611.0,1614.0,596800.0
2021-08-24,1637.0,1654.0,1635.0,1649.0,1372.9222412109375,421000.0,1634.2,1631.6,1623.52,1707.24,56.09756097560975,1631.88,0.6399999999998727,-1.5399999999999636,0.0338557993730408,1659.0,1641.0,1637.0,1625.0,499000.0
2021-08-25,1633.0,1642.0,1625.0,1634.0,1360.43359375,492100.0,1634.8,1632.56,1623.6266666666668,1706.855,41.52542372881357,1632.22,0.4266666666667333,-1.660000000000082,0.0244514106583071,1659.0,1654.0,1649.0,1637.0,421000.0
2021-08-26,1644.0,1649.0,1637.0,1645.0,1369.592041015625,376400.0,1635.75,1633.96,1623.88,1706.525,44.354838709677416,1633.12,0.6266666666667788,-1.7199999999998,0.031347962382445,1659.0,1642.0,1634.0,1633.0,492100.0
2021-08-27,1643.0,1645.0,1630.0,1635.0,1361.26611328125,363700.0,1636.2,1633.12,1624.0,1705.925,41.35338345864663,1633.7,0.6933333333333849,-1.9650000000001453,0.0155279503105589,1659.0,1649.0,1645.0,1644.0,376400.0
2021-08-28,1643.0,1645.0,1630.0,1635.0,1361.26611328125,363700.0,1636.65,1633.64,1624.2133333333334,1705.425,41.35338345864663,1634.0,0.8400000000001455,-2.125,0.0244360902255638,1659.0,1645.0,1635.0,1643.0,363700.0
2021-08-29,1643.0,1645.0,1630.0,1635.0,1361.26611328125,363700.0,1637.1,1634.72,1624.3333333333333,1704.87,41.35338345864663,1634.3,0.8133333333332757,-2.3700000000001182,0.0315457413249211,1659.0,1645.0,1635.0,1643.0,363700.0
2021-08-30,1640.0,1660.0,1640.0,1660.0,1382.0806884765625,441700.0,1638.4,1636.24,1624.76,1704.44,54.7945205479452,1635.1,1.133333333333212,-2.414999999999964,0.0433689503456944,1660.0,1645.0,1635.0,1643.0,363700.0
2021-08-31,1650.0,1655.0,1642.0,1644.0,1368.7593994140625,664300.0,1637.9,1636.96,1625.08,1703.98,52.2875816993464,1635.5,1.199999999999818,-2.5450000000000728,0.0166975881261595,1660.0,1660.0,1660.0,1640.0,441700.0
2021-09-01,1648.0,1669.0,1648.0,1657.0,1379.5831298828125,415200.0,1637.8,1638.2,1625.746666666667,1703.585,58.49056603773585,1635.7,1.7466666666666697,-2.339999999999918,0.0247371675943104,1660.0,1655.0,1644.0,1650.0,664300.0
2021-09-02,1650.0,1669.0,1649.0,1669.0,1389.573974609375,659100.0,1638.35,1639.92,1626.5733333333333,1703.25,71.91780821917808,1635.68,2.3599999999999,-2.1749999999999545,0.0321583178726034,1669.0,1669.0,1657.0,1648.0,415200.0
2021-09-03,1670.0,1689.0,1665.0,1677.0,1396.234375,784000.0,1639.3,1641.96,1627.506666666667,1703.05,72.29729729729729,1636.08,3.173333333333403,-1.8199999999999363,0.0371057513914656,1677.0,1669.0,1669.0,1650.0,659100.0
2021-09-04,1670.0,1689.0,1665.0,1677.0,1396.234375,784000.0,1640.25,1643.68,1628.7333333333331,1702.845,72.29729729729729,1636.7,3.9733333333333576,-1.5950000000000273,0.0371057513914656,1677.0,1689.0,1677.0,1670.0,784000.0
2021-09-05,1670.0,1689.0,1665.0,1677.0,1396.234375,784000.0,1641.8,1644.6,1629.5333333333333,1702.33,72.29729729729729,1637.32,4.453333333333376,-1.650000000000091,0.0481249999999999,1677.0,1689.0,1677.0,1670.0,784000.0
2021-09-06,1671.0,1673.0,1632.0,1632.0,1358.7684326171875,1560100.0,1641.55,1643.52,1630.3733333333332,1701.62,48.50299401197604,1637.04,4.626666666666552,-1.9650000000001453,0.0161892901618929,1677.0,1689.0,1677.0,1670.0,784000.0
2021-09-07,1646.0,1662.0,1638.0,1646.0,1370.424560546875,822800.0,1642.35,1643.04,1631.36,1701.105,49.11242603550296,1637.26,4.786666666666633,-2.144999999999982,0.0160493827160492,1677.0,1673.0,1632.0,1671.0,1560100.0
2021-09-08,1646.0,1650.0,1636.0,1641.0,1366.2615966796875,749800.0,1644.15,1642.36,1631.9733333333334,1700.565,52.20125786163522,1637.32,4.466666666666697,-2.4849999999999,0.012962962962963,1677.0,1662.0,1646.0,1646.0,822800.0
2021-09-09,1645.0,1684.0,1645.0,1680.0,1398.7322998046875,1120200.0,1647.6,1643.24,1633.1066666666666,1700.22,59.35828877005347,1638.28,4.373333333333221,-2.625,0.0370370370370369,1680.0,1650.0,1641.0,1646.0,749800.0
2021-09-10,1685.0,1692.0,1669.0,1682.0,1400.3974609375,848600.0,1651.15,1644.68,1634.2666666666669,1699.825,63.12849162011173,1639.28,4.7333333333333485,-2.5049999999998818,0.0357142857142858,1682.0,1684.0,1680.0,1645.0,1120200.0
2021-09-11,1685.0,1692.0,1669.0,1682.0,1400.3974609375,848600.0,1654.7,1646.48,1635.2266666666667,1699.43,63.12849162011173,1640.28,4.853333333333467,-2.189999999999827,0.0212507589556769,1682.0,1692.0,1682.0,1685.0,848600.0
2021-09-12,1685.0,1692.0,1669.0,1682.0,1400.3974609375,848600.0,1656.95,1648.56,1636.3733333333332,1699.145,63.12849162011173,1641.28,5.013333333333321,-1.9600000000000364,0.0071856287425149,1682.0,1692.0,1682.0,1685.0,848600.0
2021-09-13,1675.0,1710.0,1672.0,1710.0,1423.7095947265625,1014700.0,1660.0,1652.76,1638.04,1698.95,63.73626373626374,1642.84,6.066666666666606,-1.615000000000009,0.031985515992758,1710.0,1692.0,1682.0,1685.0,848600.0
2021-09-14,1726.0,1726.0,1695.0,1707.0,1421.2120361328125,861100.0,1663.65,1656.6,1639.5866666666666,1698.805,68.63905325443787,1644.46,6.480000000000018,-1.4149999999999636,0.037059538274605,1710.0,1710.0,1710.0,1675.0,1014700.0
2021-09-15,1693.0,1694.0,1666.0,1666.0,1387.0760498046875,848600.0,1664.7,1658.8,1640.24,1698.455,52.28426395939086,1644.94,5.973333333333358,-1.3700000000001182,0.0121506682867558,1710.0,1726.0,1707.0,1726.0,861100.0
2021-09-16,1651.0,1681.0,1646.0,1679.0,1397.8995361328125,950500.0,1666.9,1661.52,1641.0666666666666,1698.17,52.52525252525253,1645.62,5.839999999999918,-1.259999999999991,0.020048602673147,1710.0,1694.0,1666.0,1693.0,848600.0
2021-09-17,1685.0,1717.0,1678.0,1712.0,1425.374755859375,1261800.0,1670.75,1664.52,1642.3333333333333,1697.805,57.847533632287,1647.28,5.960000000000036,-1.339999999999918,0.0470948012232415,1712.0,1681.0,1679.0,1651.0,950500.0
2021-09-18,1685.0,1717.0,1678.0,1712.0,1425.374755859375,1261800.0,1674.6,1667.04,1643.6,1697.475,57.847533632287,1649.32,5.559999999999945,-1.4750000000001364,0.0451770451770452,1712.0,1717.0,1712.0,1685.0,1261800.0
2021-09-19,1685.0,1717.0,1678.0,1712.0,1425.374755859375,1261800.0,1677.2,1670.16,1644.8666666666666,1697.135,57.847533632287,1651.36,5.279999999999973,-1.6700000000000728,0.0490196078431373,1712.0,1717.0,1712.0,1685.0,1261800.0
2021-09-20,1685.0,1717.0,1678.0,1712.0,1425.374755859375,1261800.0,1680.6,1672.84,1646.36,1696.95,72.47191011235955,1653.4,6.119999999999891,-1.5049999999998818,0.0490196078431373,1712.0,1717.0,1712.0,1685.0,1261800.0
2021-09-21,1649.0,1687.0,1646.0,1668.0,1388.7412109375,1478700.0,1681.15,1674.16,1647.1866666666667,1696.31,55.28846153846153,1653.64,6.120000000000118,-1.860000000000128,0.0220588235294116,1712.0,1717.0,1712.0,1685.0,1261800.0
2021-09-22,1666.0,1681.0,1648.0,1651.0,1374.5872802734375,893200.0,1680.25,1674.8,1647.6,1695.585,52.27272727272727,1654.22,5.266666666666652,-2.220000000000028,0.0116421568627451,1712.0,1687.0,1668.0,1649.0,1478700.0
2021-09-23,1666.0,1681.0,1648.0,1651.0,1374.5872802734375,893200.0,1678.95,1675.44,1648.013333333333,1694.86,41.988950276243095,1655.08,4.413333333333412,-2.615000000000009,0.0116421568627451,1712.0,1681.0,1651.0,1666.0,893200.0
2021-09-24,1667.0,1675.0,1661.0,1671.0,1391.2391357421875,864200.0,1678.65,1675.88,1648.6933333333334,1693.91,47.23618090452261,1656.06,3.826666666666824,-3.224999999999909,0.0276752767527674,1712.0,1681.0,1651.0,1666.0,893200.0
2021-09-25,1667.0,1675.0,1661.0,1671.0,1391.2391357421875,864200.0,1678.35,1676.96,1649.32,1692.665,47.23618090452261,1656.96,2.9600000000000364,-4.285000000000082,0.0176613885505481,1712.0,1675.0,1671.0,1667.0,864200.0
2021-09-26,1667.0,1675.0,1661.0,1671.0,1391.2391357421875,864200.0,1680.3,1677.52,1649.64,1691.535,47.23618090452261,1657.86,2.453333333333376,-4.774999999999864,0.01580547112462,1712.0,1675.0,1671.0,1667.0,864200.0
2021-09-27,1676.0,1694.0,1673.0,1686.0,1403.7276611328125,853500.0,1682.3,1678.2,1649.8533333333332,1690.38,43.54838709677419,1659.06,2.2533333333333303,-5.204999999999927,0.0349907918968692,1712.0,1675.0,1671.0,1667.0,864200.0
2021-09-28,1692.0,1693.0,1666.0,1679.0,1397.8995361328125,1116200.0,1684.2,1678.28,1650.1466666666668,1689.33,42.63157894736842,1660.12,2.1333333333334394,-5.529999999999973,0.0428571428571429,1712.0,1694.0,1686.0,1676.0,853500.0
2021-09-29,1638.0,1663.0,1626.0,1659.0,1410.654296875,1281800.0,1683.15,1677.56,1650.32,1688.18,47.92899408284024,1660.62,1.6266666666665517,-5.730000000000018,0.0304347826086957,1712.0,1693.0,1679.0,1692.0,1116200.0
2021-09-30,1660.0,1666.0,1617.0,1617.0,1374.9412841796875,1061600.0,1679.9,1675.16,1649.9333333333334,1686.82,34.34343434343434,1659.88,0.6133333333334576,-5.845000000000027,0.0043478260869564,1712.0,1663.0,1659.0,1638.0,1281800.0
2021-10-01,1605.0,1623.0,1593.0,1597.0,1357.9354248046875,892700.0,1675.65,1673.76,1649.28,1685.175,18.91891891891892,1658.64,-0.3600000000001273,-6.360000000000127,-0.0356280193236715,1712.0,1666.0,1617.0,1660.0,1061600.0
2021-10-02,1605.0,1623.0,1593.0,1597.0,1357.9354248046875,892700.0,1671.4,1671.8,1648.7733333333333,1683.55,18.91891891891892,1657.42,-1.0799999999999272,-6.830000000000155,-0.0154130702836005,1712.0,1623.0,1597.0,1605.0,892700.0
2021-10-03,1605.0,1623.0,1593.0,1597.0,1357.9354248046875,892700.0,1665.75,1670.04,1648.2266666666667,1682.045,18.91891891891892,1656.2,-1.9200000000000728,-7.2849999999998545,-0.0068407960199005,1712.0,1623.0,1597.0,1605.0,892700.0
2021-10-04,1608.0,1629.0,1608.0,1629.0,1385.14501953125,1266300.0,1661.85,1668.0,1648.1866666666667,1680.63,30.875576036866363,1655.62,-2.133333333333212,-7.549999999999954,0.004315659679408,1712.0,1623.0,1597.0,1605.0,892700.0
2021-10-05,1626.0,1627.0,1595.0,1612.0,1370.6900634765625,1014500.0,1659.15,1665.2,1647.92,1679.035,35.263157894736835,1654.94,-2.013333333333321,-7.7849999999998545,-0.008610086100861,1712.0,1629.0,1629.0,1608.0,1266300.0
2021-10-06,1625.0,1662.0,1617.0,1655.0,1407.2529296875,1310600.0,1657.95,1664.12,1648.2266666666667,1677.655,50.92592592592592,1655.3,-1.0533333333332848,-7.519999999999982,0.0178351783517836,1712.0,1627.0,1612.0,1626.0,1014500.0
2021-10-07,1658.0,1659.0,1635.0,1636.0,1391.0972900390625,748400.0,1654.15,1662.28,1648.28,1676.18,46.80851063829787,1655.42,-0.4933333333333394,-7.369999999999891,0.0061500615006149,1712.0,1662.0,1655.0,1625.0,1310600.0
2021-10-08,1660.0,1662.0,1628.0,1630.0,1385.9954833984375,716400.0,1650.05,1659.08,1648.253333333333,1674.59,40.72398190045249,1655.92,0.0266666666666424,-7.455000000000155,0.0024600246002459,1712.0,1659.0,1636.0,1658.0,748400.0
2021-10-09,1660.0,1662.0,1628.0,1630.0,1385.9954833984375,716400.0,1645.95,1656.0,1648.3066666666666,1672.695,40.72398190045249,1656.3,0.1199999999998908,-7.935000000000173,-0.0024479804161566,1712.0,1662.0,1630.0,1660.0,716400.0
2021-10-10,1660.0,1662.0,1628.0,1630.0,1385.9954833984375,716400.0,1641.85,1654.56,1648.1466666666668,1671.16,40.72398190045249,1656.68,0.2266666666666879,-7.875,-0.0145102781136639,1686.0,1662.0,1630.0,1660.0,716400.0
2021-10-11,1637.0,1644.0,1626.0,1640.0,1394.498291015625,755400.0,1640.45,1653.0,1648.08,1669.445,39.351851851851855,1657.26,-0.1466666666667606,-8.210000000000036,-0.0114526823387582,1686.0,1662.0,1630.0,1660.0,716400.0
2021-10-12,1639.0,1639.0,1608.0,1608.0,1367.288818359375,894000.0,1638.3,1648.84,1647.8,1667.515,35.26970954356845,1656.68,-0.4800000000000182,-8.664999999999964,-0.0301568154402894,1686.0,1644.0,1640.0,1637.0,755400.0
2021-10-13,1610.0,1616.0,1598.0,1606.0,1365.5880126953125,683100.0,1636.05,1644.6,1647.746666666667,1665.575,38.116591928251125,1655.82,-0.5066666666666606,-9.014999999999873,-0.0313630880579011,1686.0,1639.0,1608.0,1639.0,894000.0
2021-10-14,1598.0,1600.0,1582.0,1595.0,1356.23486328125,660000.0,1632.25,1639.92,1647.5466666666666,1663.58,44.270833333333336,1655.04,-0.7599999999999909,-9.115000000000007,-0.0379975874547647,1686.0,1616.0,1606.0,1610.0,683100.0
2021-10-15,1598.0,1609.0,1595.0,1595.0,1356.23486328125,661400.0,1628.45,1635.24,1647.3466666666666,1661.685,49.41860465116279,1654.04,-0.8000000000001819,-9.475000000000136,-0.0309842041312272,1686.0,1600.0,1595.0,1598.0,660000.0
2021-10-16,1598.0,1609.0,1595.0,1595.0,1356.23486328125,661400.0,1624.65,1632.32,1646.5333333333333,1659.97,49.41860465116279,1653.24,-1.5466666666666242,-9.474999999999907,-0.0256566890653634,1686.0,1609.0,1595.0,1598.0,661400.0
2021-10-17,1598.0,1609.0,1595.0,1595.0,1356.23486328125,661400.0,1620.1,1630.08,1646.1733333333334,1658.275,49.41860465116279,1652.44,-1.6266666666665517,-9.240000000000007,-0.0214723926380367,1679.0,1609.0,1595.0,1598.0,661400.0
2021-10-18,1599.0,1613.0,1593.0,1603.0,1363.037353515625,693200.0,1616.3,1628.16,1646.1066666666666,1656.995,41.21621621621621,1651.8,-1.6400000000001,-8.580000000000155,-0.001246105919003,1659.0,1609.0,1595.0,1598.0,661400.0
2021-10-19,1603.0,1613.0,1596.0,1598.0,1358.7857666015625,662400.0,1613.25,1625.24,1645.7866666666666,1655.945,44.852941176470594,1650.56,-1.759999999999991,-7.634999999999991,-0.0080695220360025,1655.0,1613.0,1603.0,1599.0,693200.0
2021-10-20,1608.0,1608.0,1591.0,1595.0,1356.23486328125,648700.0,1612.15,1622.2,1645.3733333333332,1654.88,18.75,1649.58,-1.9733333333333576,-6.804999999999836,-0.0099317194289261,1655.0,1613.0,1598.0,1603.0,662400.0
2021-10-21,1599.0,1606.0,1570.0,1570.0,1334.977294921875,1101700.0,1610.8,1618.16,1644.6266666666668,1653.69,17.64705882352942,1647.84,-1.906666666666524,-6.279999999999973,-0.0254500310366232,1655.0,1608.0,1595.0,1608.0,648700.0
2021-10-22,1559.0,1570.0,1546.0,1551.0,1318.8214111328125,957400.0,1608.5,1612.76,1643.6266666666668,1652.26,15.652173913043484,1645.48,-2.546666666666624,-6.0150000000001,-0.0525351252290775,1655.0,1606.0,1570.0,1599.0,1101700.0
2021-10-23,1559.0,1570.0,1546.0,1551.0,1318.8214111328125,957400.0,1606.2,1607.64,1642.6266666666668,1650.81,15.652173913043484,1642.96,-3.479999999999791,-6.184999999999945,-0.0594299575500303,1655.0,1570.0,1551.0,1559.0,957400.0
2021-10-24,1559.0,1570.0,1546.0,1551.0,1318.8214111328125,957400.0,1602.3,1603.32,1641.52,1649.16,15.652173913043484,1640.44,-4.266666666666652,-6.784999999999855,-0.0507955936352508,1655.0,1570.0,1551.0,1559.0,957400.0
2021-10-25,1551.0,1565.0,1550.0,1560.0,1326.47412109375,666100.0,1599.7,1601.04,1640.2666666666669,1647.755,14.912280701754383,1638.1,-5.10666666666657,-7.125,-0.0516717325227963,1655.0,1570.0,1551.0,1559.0,957400.0
2021-10-26,1570.0,1582.0,1554.0,1556.0,1323.0728759765625,672600.0,1594.75,1599.4,1638.8933333333334,1646.2,19.767441860465112,1636.58,-5.7333333333333485,-7.490000000000009,-0.0483180428134556,1640.0,1565.0,1560.0,1551.0,666100.0
2021-10-27,1562.0,1562.0,1528.0,1530.0,1300.9649658203125,976400.0,1589.45,1596.72,1637.1866666666667,1644.515,15.454545454545451,1634.26,-6.440000000000055,-7.744999999999891,-0.0642201834862384,1640.0,1582.0,1556.0,1570.0,672600.0
2021-10-28,1513.0,1520.0,1484.0,1498.0,1273.7552490234375,2867900.0,1582.85,1592.76,1635.0533333333333,1642.67,12.977099236641225,1631.4,-7.573333333333494,-8.139999999999873,-0.0837920489296636,1640.0,1562.0,1530.0,1562.0,976400.0
2021-10-29,1501.0,1505.0,1471.0,1502.0,1277.156494140625,1065000.0,1576.45,1587.68,1632.9733333333334,1640.825,15.555555555555545,1627.84,-8.546666666666624,-8.335000000000036,-0.0951807228915663,1640.0,1520.0,1498.0,1513.0,2867900.0
2021-10-30,1501.0,1505.0,1471.0,1502.0,1277.156494140625,1065000.0,1570.05,1583.28,1631.0533333333333,1639.17,15.555555555555545,1624.24,-9.213333333333368,-8.585000000000036,-0.0863746958637469,1640.0,1505.0,1502.0,1501.0,1065000.0
2021-10-31,1501.0,1505.0,1471.0,1502.0,1277.156494140625,1065000.0,1563.15,1577.16,1629.253333333333,1637.735,15.555555555555545,1620.64,-9.6400000000001,-8.465000000000146,-0.0935425467712733,1608.0,1505.0,1502.0,1501.0,1065000.0
2021-11-01,1477.0,1479.0,1425.0,1455.0,1237.1922607421875,3364100.0,1555.5,1569.92,1626.92,1636.025,7.47126436781609,1616.1,-10.266666666666652,-8.490000000000009,-0.1282204913121629,1606.0,1505.0,1502.0,1501.0,1065000.0
2021-11-02,1464.0,1475.0,1433.0,1439.0,1223.5872802734375,1804700.0,1547.15,1562.28,1624.7066666666667,1634.23,7.027027027027017,1610.68,-10.34666666666658,-8.440000000000055,-0.1419200954084675,1603.0,1479.0,1455.0,1477.0,3364100.0
2021-11-03,1464.0,1475.0,1433.0,1439.0,1223.5872802734375,1804700.0,1539.35,1554.64,1622.4133333333334,1632.435,7.142857142857139,1605.32,-10.559999999999944,-8.3900000000001,-0.1419200954084675,1603.0,1475.0,1439.0,1464.0,1804700.0
2021-11-04,1450.0,1455.0,1433.0,1435.0,1220.1861572265625,1409500.0,1531.35,1546.84,1620.0666666666666,1630.62,8.07453416149069,1600.7,-10.98666666666668,-8.550000000000182,-0.1443053070960047,1603.0,1475.0,1439.0,1464.0,1804700.0
2021-11-05,1437.0,1439.0,1413.0,1419.0,1206.581298828125,1327000.0,1522.55,1538.0,1617.506666666667,1628.785,8.22784810126582,1595.5,-11.74666666666667,-8.949999999999818,-0.1305147058823529,1603.0,1455.0,1435.0,1450.0,1409500.0
2021-11-06,1437.0,1439.0,1413.0,1419.0,1206.581298828125,1327000.0,1513.75,1530.44,1614.6,1627.06,8.22784810126582,1589.64,-12.320000000000164,-8.965000000000146,-0.137910085054678,1603.0,1439.0,1419.0,1437.0,1327000.0
2021-11-07,1437.0,1439.0,1413.0,1419.0,1206.581298828125,1327000.0,1504.55,1522.96,1611.5333333333333,1625.505,8.22784810126582,1583.78,-13.173333333333405,-8.724999999999909,-0.1352833638025594,1598.0,1439.0,1419.0,1437.0,1327000.0
2021-11-08,1428.0,1463.0,1427.0,1455.0,1237.1922607421875,1721600.0,1497.4,1517.36,1609.1466666666668,1624.145,21.621621621621628,1578.64,-13.266666666666652,-8.289999999999964,-0.1339285714285714,1595.0,1439.0,1419.0,1437.0,1327000.0
2021-11-09,1451.0,1465.0,1438.0,1439.0,1223.5872802734375,1020400.0,1489.6,1511.12,1606.4,1622.635,20.30456852791877,1573.18,-13.666666666666517,-7.9849999999999,-0.1444708680142687,1570.0,1463.0,1455.0,1428.0,1721600.0
2021-11-10,1446.0,1456.0,1436.0,1442.0,1226.1383056640625,683200.0,1483.2,1505.0,1603.8266666666666,1621.14,24.71264367816092,1568.66,-13.680000000000064,-7.644999999999982,-0.1426872770511296,1560.0,1465.0,1439.0,1451.0,1020400.0
2021-11-11,1443.0,1450.0,1431.0,1431.0,1216.784912109375,887200.0,1477.2,1498.44,1601.1066666666666,1619.59,28.10457516339869,1564.26,-13.49333333333334,-7.470000000000027,-0.1492271105826397,1560.0,1456.0,1442.0,1446.0,683200.0
2021-11-12,1431.0,1451.0,1431.0,1438.0,1222.737060546875,682100.0,1471.55,1491.84,1598.48,1618.125,29.48717948717949,1560.0,-13.053333333333285,-7.380000000000109,-0.1590643274853801,1560.0,1450.0,1431.0,1443.0,887200.0
2021-11-13,1431.0,1451.0,1431.0,1438.0,1222.737060546875,682100.0,1465.9,1485.44,1595.52,1616.67,29.48717948717949,1555.34,-13.62666666666678,-7.474999999999909,-0.1575864089045108,1560.0,1451.0,1438.0,1431.0,682100.0
2021-11-14,1431.0,1451.0,1431.0,1438.0,1222.737060546875,682100.0,1459.8,1479.16,1592.7733333333333,1615.21,29.48717948717949,1550.68,-13.62666666666678,-7.424999999999954,-0.1368547418967587,1556.0,1451.0,1438.0,1431.0,682100.0
2021-11-15,1447.0,1454.0,1429.0,1430.0,1215.9345703125,964600.0,1453.5,1473.56,1589.746666666667,1613.71,39.31623931623932,1545.86,-14.079999999999927,-7.430000000000064,-0.148302561048243,1530.0,1451.0,1438.0,1431.0,682100.0
2021-11-16,1438.0,1454.0,1430.0,1430.0,1215.9345703125,944500.0,1448.5,1468.72,1586.56,1612.13,45.54455445544555,1540.74,-14.546666666666624,-7.459999999999809,-0.1647196261682243,1502.0,1454.0,1430.0,1447.0,964600.0
2021-11-17,1430.0,1433.0,1413.0,1415.0,1203.179931640625,993400.0,1444.35,1463.28,1583.0666666666666,1610.475,39.655172413793096,1535.46,-15.413333333333412,-7.650000000000091,-0.173481308411215,1502.0,1454.0,1430.0,1438.0,944500.0
2021-11-18,1412.0,1424.0,1402.0,1420.0,1207.431640625,924700.0,1440.25,1458.04,1579.64,1608.845,43.58974358974359,1530.68,-15.879999999999882,-7.825000000000045,-0.1705607476635514,1502.0,1433.0,1415.0,1430.0,993400.0
2021-11-19,1424.0,1439.0,1419.0,1439.0,1223.5872802734375,833100.0,1437.1,1453.2,1576.4666666666667,1607.31,58.33333333333333,1527.12,-16.306666666666615,-7.900000000000091,-0.1594626168224299,1502.0,1424.0,1420.0,1412.0,924700.0
2021-11-20,1424.0,1439.0,1419.0,1439.0,1223.5872802734375,833100.0,1433.95,1448.52,1573.8933333333334,1605.775,58.33333333333333,1523.96,-15.85333333333324,-7.934999999999945,-0.1372901678657074,1455.0,1439.0,1439.0,1424.0,833100.0
2021-11-21,1424.0,1439.0,1419.0,1439.0,1223.5872802734375,833100.0,1433.15,1444.88,1571.1333333333334,1604.24,58.33333333333333,1520.8,-15.426666666666506,-7.8900000000001,-0.1284070260448213,1455.0,1439.0,1439.0,1424.0,833100.0
2021-11-22,1435.0,1449.0,1427.0,1447.0,1230.389892578125,635600.0,1433.55,1442.84,1568.5466666666666,1603.055,45.65217391304348,1517.8,-14.519999999999982,-7.419999999999845,-0.1235614778921865,1455.0,1439.0,1439.0,1424.0,833100.0
2021-11-23,1435.0,1449.0,1427.0,1447.0,1230.389892578125,635600.0,1433.95,1440.64,1565.44,1601.94,55.26315789473684,1514.16,-14.200000000000044,-6.904999999999973,-0.1340514661879114,1455.0,1449.0,1447.0,1435.0,635600.0
2021-11-24,1464.0,1477.0,1454.0,1463.0,1243.99462890625,802400.0,1435.35,1439.08,1562.52,1600.905,61.79775280898876,1511.18,-13.946666666666715,-6.404999999999973,-0.1244763614602034,1463.0,1449.0,1447.0,1435.0,635600.0
2021-11-25,1460.0,1483.0,1452.0,1481.0,1259.2999267578125,787400.0,1438.45,1438.24,1559.84,1599.96,76.04166666666667,1507.7,-14.053333333333512,-5.815000000000055,-0.113704368641532,1481.0,1477.0,1463.0,1464.0,802400.0
2021-11-26,1477.0,1481.0,1463.0,1469.0,1249.0965576171875,721600.0,1440.95,1438.8,1557.0,1598.845,65.34653465346534,1504.36,-14.13333333333344,-5.394999999999982,-0.1287069988137603,1481.0,1483.0,1481.0,1460.0,787400.0
2021-11-27,1477.0,1481.0,1463.0,1469.0,1249.0965576171875,721600.0,1443.45,1440.0,1553.7866666666666,1597.79,65.34653465346534,1501.14,-14.759999999999993,-5.2650000000001,-0.1250744490768314,1481.0,1481.0,1469.0,1477.0,721600.0
2021-11-28,1477.0,1481.0,1463.0,1469.0,1249.0965576171875,721600.0,1444.15,1441.2,1550.6133333333332,1596.93,65.34653465346534,1497.92,-14.826666666666824,-5.009999999999991,-0.1145268233875829,1481.0,1481.0,1469.0,1477.0,721600.0
2021-11-29,1448.0,1459.0,1436.0,1446.0,1229.53955078125,1095100.0,1444.5,1441.64,1547.68,1596.055,56.896551724137936,1494.24,-14.839999999999918,-4.849999999999909,-0.1057513914656771,1481.0,1481.0,1469.0,1477.0,721600.0
2021-11-30,1453.0,1473.0,1445.0,1445.0,1228.6890869140625,1807400.0,1444.65,1442.68,1544.56,1595.04,56.41025641025641,1490.34,-15.279999999999973,-4.920000000000073,-0.095178459611772,1481.0,1459.0,1446.0,1448.0,1095100.0
2021-12-01,1445.0,1459.0,1440.0,1444.0,1227.8389892578125,1231400.0,1445.3,1443.68,1540.986666666667,1594.02,64.07766990291262,1487.06,-16.01333333333332,-4.8250000000000455,-0.0958046336881652,1481.0,1473.0,1445.0,1453.0,1807400.0
2021-12-02,1443.0,1461.0,1442.0,1450.0,1232.940673828125,908100.0,1445.9,1444.92,1537.493333333333,1593.03,64.42307692307692,1483.94,-16.293333333333294,-4.759999999999991,-0.0920475892298059,1481.0,1459.0,1444.0,1445.0,1231400.0
2021-12-03,1459.0,1475.0,1448.0,1475.0,1254.1983642578125,788100.0,1447.75,1445.72,1534.3333333333333,1592.125,66.36363636363636,1481.54,-16.279999999999973,-4.805000000000064,-0.0945365254757519,1481.0,1461.0,1450.0,1443.0,908100.0
2021-12-04,1459.0,1475.0,1448.0,1475.0,1254.1983642578125,788100.0,1449.6,1447.16,1531.1733333333334,1591.17,66.36363636363636,1479.14,-16.50666666666666,-4.884999999999991,-0.0849875930521092,1481.0,1475.0,1475.0,1459.0,788100.0
2021-12-05,1459.0,1475.0,1448.0,1475.0,1254.1983642578125,788100.0,1451.85,1448.48,1528.6,1590.365,66.36363636363636,1476.74,-15.960000000000036,-4.6749999999999545,-0.1087613293051359,1481.0,1475.0,1475.0,1459.0,788100.0
2021-12-06,1486.0,1502.0,1478.0,1498.0,1273.7552490234375,797800.0,1455.25,1451.16,1526.56,1589.695,70.4,1474.8,-14.426666666666732,-4.3250000000000455,-0.0843520782396087,1498.0,1475.0,1475.0,1459.0,788100.0
2021-12-07,1502.0,1515.0,1494.0,1514.0,1287.360107421875,757700.0,1460.2,1454.2,1524.7333333333331,1589.205,73.75886524822695,1473.02,-12.759999999999993,-3.8250000000000455,-0.0711656441717791,1514.0,1502.0,1498.0,1486.0,797800.0
2021-12-08,1504.0,1517.0,1496.0,1496.0,1272.0548095703125,1330900.0,1464.0,1456.52,1522.4,1588.625,61.53846153846154,1470.98,-11.933333333333168,-3.5,-0.0822085889570551,1514.0,1515.0,1514.0,1502.0,757700.0
2021-12-09,1496.0,1505.0,1491.0,1496.0,1272.0548095703125,735700.0,1466.85,1458.84,1520.0666666666666,1588.045,55.99999999999999,1469.0,-11.106666666666795,-3.125,-0.0822085889570551,1514.0,1517.0,1496.0,1504.0,1330900.0
2021-12-10,1501.0,1509.0,1495.0,1508.0,1282.25830078125,1028600.0,1470.3,1461.96,1517.8933333333334,1587.465,65.6,1467.76,-10.70666666666648,-2.900000000000091,-0.0804878048780487,1514.0,1505.0,1496.0,1496.0,735700.0
2021-12-11,1501.0,1509.0,1495.0,1508.0,1282.25830078125,1028600.0,1473.75,1465.08,1515.52,1587.095,65.6,1466.9,-11.039999999999964,-2.599999999999909,-0.0621890547263681,1514.0,1509.0,1508.0,1501.0,1028600.0
2021-12-12,1501.0,1509.0,1495.0,1508.0,1282.25830078125,1028600.0,1476.8,1468.8,1513.24,1586.88,65.6,1466.04,-11.49333333333334,-2.324999999999818,-0.0610211706102117,1514.0,1509.0,1508.0,1501.0,1028600.0
2021-12-13,1520.0,1520.0,1487.0,1496.0,1272.0548095703125,1075600.0,1479.25,1471.84,1511.0666666666666,1586.79,71.9298245614035,1464.94,-11.333333333333483,-1.8350000000000364,-0.0620689655172413,1514.0,1509.0,1508.0,1501.0,1028600.0
2021-12-14,1504.0,1509.0,1494.0,1505.0,1279.7073974609375,680200.0,1481.35,1474.48,1509.5733333333333,1586.54,74.59016393442623,1463.84,-10.49333333333334,-1.5050000000001091,-0.0564263322884012,1514.0,1520.0,1496.0,1520.0,1075600.0
2021-12-15,1506.0,1523.0,1506.0,1522.0,1294.16259765625,775000.0,1483.4,1477.8,1508.5733333333333,1586.375,78.26086956521739,1463.16,-9.320000000000164,-1.089999999999918,-0.0457680250783698,1522.0,1509.0,1505.0,1504.0,680200.0
2021-12-16,1540.0,1548.0,1530.0,1548.0,1316.2703857421875,850700.0,1487.35,1482.16,1507.92,1586.34,81.0126582278481,1463.52,-7.599999999999909,-0.7550000000001091,-0.0294670846394984,1548.0,1523.0,1522.0,1506.0,775000.0
2021-12-17,1549.0,1563.0,1542.0,1558.0,1324.7735595703125,2247400.0,1491.8,1486.6,1507.4,1586.38,79.02097902097901,1464.72,-5.839999999999918,-0.5,-0.0280723643169058,1558.0,1548.0,1548.0,1540.0,850700.0
2021-12-18,1549.0,1563.0,1542.0,1558.0,1324.7735595703125,2247400.0,1496.25,1491.04,1506.4533333333334,1586.4,79.02097902097901,1465.84,-4.61333333333323,-0.3899999999998726,-0.0250312891113891,1558.0,1563.0,1558.0,1549.0,2247400.0
2021-12-19,1549.0,1563.0,1542.0,1558.0,1324.7735595703125,2247400.0,1501.85,1494.84,1505.7333333333331,1586.4,79.02097902097901,1466.96,-3.839999999999918,-0.1399999999998726,-0.0231974921630093,1558.0,1563.0,1558.0,1549.0,2247400.0
2021-12-20,1549.0,1554.0,1531.0,1547.0,1315.4202880859375,1273500.0,1506.95,1497.48,1504.2933333333333,1586.21,68.70229007633588,1467.86,-4.279999999999973,-0.1649999999999636,-0.0146496815286624,1558.0,1563.0,1558.0,1549.0,2247400.0
2021-12-21,1557.0,1558.0,1532.0,1533.0,1303.5159912109375,868300.0,1511.4,1500.04,1502.92,1585.94,57.36434108527132,1469.42,-5.0,-0.3999999999998636,-0.011605415860735,1558.0,1554.0,1547.0,1549.0,1273500.0
2021-12-22,1535.0,1543.0,1528.0,1532.0,1302.665771484375,576400.0,1515.5,1502.56,1501.6133333333332,1585.665,66.07142857142857,1471.28,-5.786666666666861,-0.7150000000001455,-0.0122501611863313,1558.0,1558.0,1533.0,1557.0,868300.0
2021-12-23,1538.0,1546.0,1532.0,1545.0,1313.719482421875,439000.0,1519.0,1505.6,1500.48,1585.455,69.6,1473.4,-5.973333333333358,-0.9450000000001636,-0.0038684719535783,1558.0,1543.0,1532.0,1535.0,576400.0
2021-12-24,1540.0,1544.0,1522.0,1528.0,1299.2645263671875,490200.0,1521.65,1508.88,1499.12,1585.06,57.692307692307686,1475.26,-6.613333333333458,-1.3400000000001455,-0.0205128205128205,1558.0,1546.0,1545.0,1538.0,439000.0
2021-12-25,1540.0,1544.0,1522.0,1528.0,1299.2645263671875,490200.0,1524.3,1512.2,1497.6266666666668,1584.665,57.692307692307686,1477.44,-6.666666666666515,-1.5450000000000728,-0.0179948586118251,1558.0,1544.0,1528.0,1540.0,490200.0
2021-12-26,1540.0,1544.0,1522.0,1528.0,1299.2645263671875,490200.0,1525.8,1515.56,1496.56,1584.145,57.692307692307686,1479.62,-6.360000000000127,-1.7950000000000728,-0.0013071895424836,1558.0,1544.0,1528.0,1540.0,490200.0
2021-12-27,1524.0,1534.0,1523.0,1531.0,1301.815185546875,677300.0,1526.65,1518.8,1495.56,1583.61,64.46280991735537,1481.86,-6.053333333333285,-2.055000000000064,0.0220293724966622,1558.0,1544.0,1528.0,1540.0,490200.0
2021-12-28,1542.0,1552.0,1536.0,1547.0,1315.4202880859375,762000.0,1529.2,1521.68,1494.92,1583.215,66.40625,1483.7,-5.559999999999945,-2.240000000000009,0.0299600532623169,1558.0,1534.0,1531.0,1524.0,677300.0
2021-12-29,1542.0,1551.0,1526.0,1535.0,1305.2166748046875,627500.0,1531.15,1524.08,1494.12,1582.76,55.28455284552845,1485.62,-5.0,-2.2999999999999545,0.021970705725699,1558.0,1552.0,1547.0,1542.0,762000.0
2021-12-30,1531.0,1535.0,1522.0,1527.0,1298.4141845703125,555200.0,1532.1,1526.16,1493.2133333333334,1582.265,39.99999999999999,1487.32,-4.413333333333412,-2.399999999999864,0.0166444740346205,1558.0,1551.0,1535.0,1542.0,627500.0
2021-12-31,1531.0,1535.0,1522.0,1527.0,1298.4141845703125,555200.0,1533.05,1527.32,1492.3066666666666,1581.805,33.684210526315795,1489.24,-4.25333333333333,-2.339999999999918,0.0494845360824742,1558.0,1535.0,1527.0,1531.0,555200.0
2022-01-01,1531.0,1535.0,1522.0,1527.0,1298.4141845703125,555200.0,1534.0,1527.84,1491.2933333333333,1581.31,33.684210526315795,1491.02,-4.266666666666652,-2.2999999999999545,0.0611535788742181,1558.0,1535.0,1527.0,1531.0,555200.0
2022-01-02,1531.0,1535.0,1522.0,1527.0,1298.4141845703125,555200.0,1535.55,1529.08,1490.3466666666666,1580.805,33.684210526315795,1492.8,-4.573333333333494,-2.4099999999998545,0.0611535788742181,1558.0,1535.0,1527.0,1531.0,555200.0
2022-01-03,1531.0,1535.0,1522.0,1527.0,1298.4141845703125,555200.0,1536.65,1530.32,1489.44,1580.34,38.095238095238095,1494.58,-4.679999999999836,-2.4200000000000728,0.0641114982578396,1558.0,1535.0,1527.0,1531.0,555200.0
2022-01-04,1529.0,1534.0,1492.0,1503.0,1278.0067138671875,2882200.0,1535.7,1530.12,1488.5466666666666,1579.82,34.04255319148936,1496.04,-4.666666666666743,-2.445000000000164,0.0591966173361522,1558.0,1535.0,1527.0,1531.0,555200.0
2022-01-05,1505.0,1517.0,1497.0,1502.0,1277.156494140625,2317900.0,1533.4,1529.88,1487.8933333333334,1579.295,34.04255319148936,1497.48,-4.413333333333185,-2.509999999999991,0.0584918957011979,1558.0,1534.0,1503.0,1529.0,2882200.0
2022-01-06,1497.0,1501.0,1472.0,1476.0,1255.048583984375,1552900.0,1529.3,1528.6,1486.8933333333334,1578.64,17.757009345794387,1498.7,-4.399999999999864,-2.6699999999998454,0.040169133192389,1558.0,1517.0,1502.0,1505.0,2317900.0
2022-01-07,1476.0,1488.0,1450.0,1462.0,1243.1444091796875,1927400.0,1524.5,1527.24,1485.7066666666667,1578.025,18.269230769230774,1499.54,-4.639999999999873,-2.7799999999999727,0.0048109965635738,1558.0,1501.0,1476.0,1497.0,1552900.0
2022-01-08,1476.0,1488.0,1450.0,1462.0,1243.1444091796875,1927400.0,1519.7,1525.52,1484.4,1577.25,18.269230769230774,1500.0,-5.039999999999964,-3.089999999999918,0.0159833217512161,1547.0,1488.0,1462.0,1476.0,1927400.0
2022-01-09,1476.0,1488.0,1450.0,1462.0,1243.1444091796875,1927400.0,1515.45,1523.12,1483.1466666666668,1576.715,18.269230769230774,1500.46,-5.399999999999864,-3.105000000000018,0.0138696255201109,1547.0,1488.0,1462.0,1476.0,1927400.0
2022-01-10,1476.0,1488.0,1450.0,1462.0,1243.1444091796875,1927400.0,1511.9,1519.68,1482.24,1576.165,15.84158415841584,1500.92,-5.653333333333421,-3.130000000000109,0.0216631726065688,1547.0,1488.0,1462.0,1476.0,1927400.0
2022-01-11,1458.0,1503.0,1457.0,1501.0,1276.306396484375,2423600.0,1510.35,1517.4,1482.28,1575.695,31.451612903225808,1502.0,-4.613333333333458,-2.945000000000164,0.0438108484005563,1547.0,1488.0,1462.0,1476.0,1927400.0
2022-01-12,1498.0,1508.0,1484.0,1486.0,1263.5517578125,1296400.0,1507.4,1514.52,1482.0666666666666,1575.15,30.70866141732283,1502.78,-3.6400000000001,-2.875,0.0333796940194714,1547.0,1503.0,1501.0,1458.0,2423600.0
2022-01-13,1487.0,1492.0,1481.0,1486.0,1263.5517578125,1342400.0,1505.3,1511.64,1481.8533333333332,1574.605,32.77310924369748,1503.24,-2.546666666666852,-2.644999999999982,0.0333796940194714,1547.0,1508.0,1486.0,1498.0,1296400.0
2022-01-14,1490.0,1497.0,1480.0,1495.0,1271.204345703125,1522500.0,1503.65,1509.56,1481.76,1574.03,37.5,1503.52,-1.3866666666667695,-2.684999999999945,0.0454545454545454,1547.0,1492.0,1486.0,1487.0,1342400.0
2022-01-15,1490.0,1497.0,1480.0,1495.0,1271.204345703125,1522500.0,1502.0,1508.04,1482.2933333333333,1573.525,37.5,1504.04,0.0533333333332848,-2.6399999999998727,0.0454545454545454,1547.0,1497.0,1495.0,1490.0,1522500.0
2022-01-16,1490.0,1497.0,1480.0,1495.0,1271.204345703125,1522500.0,1500.2,1506.56,1483.04,1573.075,37.5,1504.56,0.7599999999999909,-2.619999999999891,0.0565371024734981,1547.0,1497.0,1495.0,1490.0,1522500.0
2022-01-17,1496.0,1497.0,1489.0,1495.0,1271.204345703125,983800.0,1497.6,1504.56,1483.7866666666666,1572.595,37.5,1505.08,1.7200000000000273,-2.555000000000064,0.0528169014084507,1535.0,1497.0,1495.0,1490.0,1522500.0
2022-01-18,1501.0,1502.0,1484.0,1485.0,1262.7015380859375,1053500.0,1495.1,1502.84,1484.4533333333334,1571.935,42.10526315789473,1505.86,2.6000000000001364,-2.6700000000000728,0.0319666435024321,1527.0,1497.0,1495.0,1496.0,983800.0
2022-01-19,1479.0,1482.0,1462.0,1465.0,1245.6951904296875,1240200.0,1492.0,1500.32,1485.0666666666666,1571.175,36.090225563909776,1506.26,3.306666666666615,-2.855000000000018,0.0180681028492009,1527.0,1502.0,1485.0,1501.0,1053500.0
2022-01-20,1463.0,1485.0,1463.0,1475.0,1254.1983642578125,747600.0,1489.4,1498.2,1485.8133333333333,1570.465,49.57264957264957,1506.88,3.519999999999982,-3.060000000000173,0.0250173731758165,1527.0,1482.0,1465.0,1479.0,1240200.0
2022-01-21,1469.0,1501.0,1466.0,1501.0,1276.306396484375,859900.0,1488.1,1497.0,1486.9066666666668,1569.885,65.11627906976744,1507.9,3.866666666666788,-3.1900000000000546,0.0373185901865928,1527.0,1485.0,1475.0,1463.0,747600.0
2022-01-22,1469.0,1501.0,1466.0,1501.0,1276.306396484375,859900.0,1486.8,1495.16,1487.52,1569.305,65.11627906976744,1508.42,3.733333333333349,-3.289999999999964,0.0373185901865928,1527.0,1501.0,1501.0,1469.0,859900.0
2022-01-23,1469.0,1501.0,1466.0,1501.0,1276.306396484375,859900.0,1485.5,1493.8,1488.3466666666666,1568.81,65.11627906976744,1508.94,3.893333333333203,-3.125,0.0259740259740259,1503.0,1501.0,1501.0,1469.0,859900.0
2022-01-24,1495.0,1499.0,1486.0,1495.0,1271.204345703125,760300.0,1485.1,1492.52,1489.0533333333333,1568.255,62.22222222222222,1509.34,3.986666666666679,-2.9199999999998454,0.0094530722484806,1502.0,1501.0,1501.0,1469.0,859900.0
2022-01-25,1490.0,1502.0,1481.0,1501.0,1276.306396484375,926000.0,1485.05,1491.48,1489.986666666667,1567.66,50.0,1509.4,4.173333333333403,-2.8049999999998363,0.021783526208305,1501.0,1499.0,1495.0,1495.0,760300.0
2022-01-26,1502.0,1506.0,1490.0,1495.0,1271.204345703125,771000.0,1486.0,1490.2,1490.746666666667,1567.035,54.83870967741936,1509.02,3.839999999999918,-2.849999999999909,0.0176991150442478,1501.0,1502.0,1501.0,1490.0,926000.0
2022-01-27,1506.0,1541.0,1502.0,1536.0,1306.0667724609375,2598400.0,1489.7,1490.56,1492.0533333333333,1566.615,68.65671641791045,1509.82,4.533333333333303,-2.6900000000000546,0.0456092579986384,1536.0,1506.0,1495.0,1502.0,771000.0
2022-01-28,1540.0,1554.0,1515.0,1524.0,1295.86328125,1415300.0,1492.8,1490.44,1493.2,1566.115,60.58394160583942,1510.38,4.853333333333467,-2.6949999999999363,0.0539419087136929,1536.0,1541.0,1536.0,1506.0,2598400.0
2022-01-29,1540.0,1554.0,1515.0,1524.0,1295.86328125,1415300.0,1495.9,1491.28,1494.4533333333334,1565.5,60.58394160583942,1510.7,5.400000000000091,-2.755000000000109,0.0546712802768165,1536.0,1554.0,1524.0,1540.0,1415300.0
2022-01-30,1540.0,1554.0,1515.0,1524.0,1295.86328125,1415300.0,1499.0,1492.16,1495.7066666666667,1564.77,60.58394160583942,1511.02,5.720000000000027,-2.8900000000001,0.0554016620498614,1536.0,1554.0,1524.0,1540.0,1415300.0
2022-01-31,1501.0,1517.0,1486.0,1501.0,1276.306396484375,1942400.0,1499.0,1493.16,1496.8533333333332,1563.99,51.87499999999999,1510.88,6.10666666666657,-3.0450000000000728,0.0351724137931035,1536.0,1554.0,1524.0,1540.0,1415300.0
2022-02-01,1621.0,1739.0,1611.0,1738.0,1477.828125,6735800.0,1511.6,1504.2,1501.0933333333332,1564.45,82.68733850129199,1515.72,9.039999999999964,-2.164999999999964,0.1783050847457628,1738.0,1517.0,1501.0,1501.0,1942400.0
2022-02-02,1734.0,1771.0,1715.0,1731.0,1471.8760986328125,3106300.0,1523.85,1514.96,1504.986666666667,1564.875,85.56149732620321,1520.24,11.786666666666632,-1.240000000000009,0.1735593220338982,1738.0,1739.0,1738.0,1621.0,6735800.0
2022-02-03,1735.0,1849.0,1733.0,1847.0,1570.5113525390625,4205600.0,1541.45,1530.36,1510.4266666666667,1565.88,88.75,1526.74,15.973333333333358,0.3800000000001091,0.2522033898305085,1847.0,1771.0,1731.0,1734.0,3106300.0
2022-02-04,1847.0,1907.0,1843.0,1881.0,1599.4217529296875,3666900.0,1560.75,1547.12,1516.32,1567.11,88.93442622950819,1533.4,20.61333333333323,2.339999999999918,0.2556742323097463,1881.0,1849.0,1847.0,1735.0,4205600.0
2022-02-05,1847.0,1907.0,1843.0,1881.0,1599.4217529296875,3666900.0,1580.05,1562.32,1522.1066666666666,1568.325,88.93442622950819,1539.86,25.25333333333333,4.335000000000036,0.2424042272126816,1881.0,1907.0,1881.0,1847.0,3666900.0
2022-02-06,1847.0,1907.0,1843.0,1881.0,1599.4217529296875,3666900.0,1599.35,1578.12,1527.8933333333334,1569.57,88.93442622950819,1546.32,26.800000000000185,5.119999999999891,0.2573529411764705,1881.0,1907.0,1881.0,1847.0,3666900.0
2022-02-07,1904.0,1982.0,1897.0,1970.0,1675.0987548828125,4101300.0,1623.6,1597.48,1534.6533333333334,1571.26,91.59369527145358,1554.56,29.666666666666742,6.384999999999991,0.3168449197860963,1970.0,1907.0,1881.0,1847.0,3666900.0
2022-02-08,1930.0,1950.0,1872.0,1883.0,1601.1221923828125,2849400.0,1644.5,1613.0,1540.013333333333,1572.515,79.29447852760737,1561.28,29.586666666666588,6.634999999999991,0.2486737400530503,1970.0,1982.0,1970.0,1904.0,4101300.0
2022-02-09,1877.0,1908.0,1844.0,1869.0,1589.218017578125,1885000.0,1664.2,1627.96,1545.3466666666666,1573.7,78.33333333333334,1568.0,29.02666666666664,6.5900000000001455,0.2393899204244032,1970.0,1950.0,1883.0,1930.0,2849400.0
2022-02-10,1863.0,1883.0,1853.0,1874.0,1593.4696044921875,1063500.0,1682.85,1643.12,1550.746666666667,1574.91,77.08333333333333,1574.84,28.6400000000001,6.585000000000036,0.242705570291777,1970.0,1908.0,1869.0,1877.0,1885000.0
2022-02-11,1863.0,1883.0,1853.0,1874.0,1593.4696044921875,1063500.0,1701.5,1658.28,1556.1466666666668,1576.15,78.59477124183006,1581.42,28.25333333333333,6.580000000000155,0.2526737967914438,1970.0,1883.0,1874.0,1863.0,1063500.0
2022-02-12,1863.0,1883.0,1853.0,1874.0,1593.4696044921875,1063500.0,1720.15,1673.84,1561.8533333333332,1577.31,78.59477124183006,1588.34,27.19999999999981,6.0499999999999545,0.2451827242524917,1970.0,1883.0,1874.0,1863.0,1063500.0
2022-02-13,1863.0,1883.0,1853.0,1874.0,1593.4696044921875,1063500.0,1739.1,1690.2,1567.5733333333333,1578.455,78.59477124183006,1595.26,27.559999999999945,5.939999999999827,0.231274638633377,1970.0,1883.0,1874.0,1863.0,1063500.0
2022-02-14,1851.0,1897.0,1848.0,1890.0,1607.074462890625,1452700.0,1758.55,1706.8,1573.52,1579.76,82.14876033057851,1602.5,28.173333333333403,6.059999999999945,0.2209302325581394,1970.0,1883.0,1874.0,1863.0,1063500.0
2022-02-15,1900.0,1926.0,1868.0,1882.0,1600.2720947265625,1537100.0,1777.9,1722.04,1579.28,1581.12,69.14893617021276,1609.52,28.533333333333303,6.209999999999809,0.2079589216944801,1970.0,1897.0,1890.0,1851.0,1452700.0
2022-02-16,1873.0,1908.0,1873.0,1903.0,1618.128173828125,892300.0,1796.25,1738.12,1584.986666666667,1582.585,72.05128205128206,1616.64,28.83999999999992,6.434999999999945,0.2214377406931964,1970.0,1926.0,1882.0,1900.0,1537100.0
2022-02-17,1887.0,1912.0,1875.0,1896.0,1612.17626953125,1075100.0,1814.85,1753.92,1590.6,1584.015,58.718861209964416,1623.86,28.74666666666667,6.705000000000155,0.2169448010269576,1970.0,1908.0,1903.0,1873.0,892300.0
2022-02-18,1903.0,1912.0,1879.0,1880.0,1598.5714111328125,718400.0,1832.65,1769.32,1596.0,1585.135,49.80988593155894,1630.92,28.426666666666733,6.680000000000064,0.2152553329023916,1970.0,1912.0,1896.0,1887.0,1075100.0
2022-02-19,1903.0,1912.0,1879.0,1880.0,1598.5714111328125,718400.0,1850.45,1784.48,1601.0933333333332,1586.425,49.80988593155894,1637.98,27.573333333333267,6.664999999999964,0.2263535551206783,1970.0,1912.0,1880.0,1903.0,718400.0
2022-02-20,1903.0,1912.0,1879.0,1880.0,1598.5714111328125,718400.0,1869.4,1799.88,1605.9733333333334,1587.785,49.80988593155894,1645.04,26.693333333333385,6.665000000000191,0.2271540469973889,1970.0,1912.0,1880.0,1903.0,718400.0
2022-02-21,1877.0,1877.0,1841.0,1852.0,1574.762939453125,848900.0,1875.1,1812.52,1610.72,1588.935,20.7920792079208,1651.54,25.73333333333335,6.349999999999909,0.1987055016181229,1970.0,1912.0,1880.0,1903.0,718400.0
2022-02-22,1839.0,1850.0,1825.0,1839.0,1563.708984375,1027200.0,1880.5,1825.12,1615.2933333333333,1590.0,32.8125,1657.78,24.693333333333385,5.9849999999999,0.2035340314136124,1970.0,1877.0,1852.0,1877.0,848900.0
2022-02-23,1839.0,1850.0,1825.0,1839.0,1563.708984375,1027200.0,1880.1,1837.72,1619.7066666666667,1591.065,36.84210526315789,1664.5,23.706666666666703,5.930000000000064,0.2035340314136124,1970.0,1850.0,1839.0,1839.0,1027200.0
2022-02-24,1830.0,1840.0,1770.0,1797.0,1527.9962158203125,1425700.0,1875.9,1848.64,1623.56,1591.92,24.503311258278146,1670.4,22.466666666666697,5.495000000000118,0.176047120418848,1970.0,1850.0,1839.0,1839.0,1027200.0
2022-02-25,1796.0,1809.0,1766.0,1780.0,1513.5408935546875,1264100.0,1870.85,1859.8,1627.1866666666667,1592.69,22.02380952380952,1676.48,21.213333333333367,4.904999999999973,0.1626387981711299,1970.0,1840.0,1797.0,1830.0,1425700.0
2022-02-26,1796.0,1809.0,1766.0,1780.0,1513.5408935546875,1264100.0,1865.8,1861.48,1630.9733333333334,1593.42,22.02380952380952,1682.84,20.25333333333333,4.485000000000127,0.1506140917905623,1970.0,1809.0,1780.0,1796.0,1264100.0
2022-02-27,1796.0,1809.0,1766.0,1780.0,1513.5408935546875,1264100.0,1856.3,1863.44,1634.64,1594.05,22.02380952380952,1689.2,19.34666666666681,4.0499999999999545,0.1596091205211727,1903.0,1809.0,1780.0,1796.0,1264100.0
2022-02-28,1780.0,1828.0,1779.0,1825.0,1551.8048095703125,1019700.0,1853.4,1862.56,1638.68,1594.88,33.502538071065985,1696.46,18.97333333333336,3.815000000000055,0.1951538965291421,1903.0,1809.0,1780.0,1796.0,1264100.0
2022-03-01,1849.0,1854.0,1829.0,1838.0,1562.858642578125,976000.0,1851.85,1860.84,1642.5466666666666,1595.78,39.1089108910891,1703.98,18.98666666666668,3.8599999999999,0.203667321545514,1903.0,1828.0,1825.0,1780.0,1019700.0
2022-03-02,1822.0,1853.0,1811.0,1845.0,1568.810791015625,943100.0,1850.4,1859.4,1646.3733333333332,1596.715,34.574468085106375,1710.86,19.186666666666497,4.024999999999864,0.2082514734774065,1903.0,1854.0,1838.0,1849.0,976000.0
2022-03-03,1885.0,1911.0,1874.0,1881.0,1599.4217529296875,1054700.0,1850.75,1859.4,1650.68,1597.83,46.54377880184332,1718.76,19.706666666666703,4.409999999999855,0.2318271119842829,1903.0,1853.0,1845.0,1822.0,943100.0
2022-03-04,1891.0,1899.0,1836.0,1856.0,1578.163818359375,1345300.0,1849.85,1854.84,1654.6533333333334,1598.88,44.69026548672566,1726.16,20.01333333333332,4.830000000000155,0.2154551407989522,1903.0,1911.0,1881.0,1885.0,1054700.0
2022-03-05,1891.0,1899.0,1836.0,1856.0,1578.163818359375,1345300.0,1848.95,1853.76,1658.7733333333333,1599.975,44.69026548672566,1733.38,20.09333333333325,5.0949999999998,0.2348636061210911,1903.0,1899.0,1856.0,1891.0,1345300.0
2022-03-06,1891.0,1899.0,1836.0,1856.0,1578.163818359375,1345300.0,1847.25,1853.24,1663.08,1601.105,44.69026548672566,1740.6,20.533333333333303,5.3250000000000455,0.2356857523302262,1903.0,1899.0,1856.0,1891.0,1345300.0
2022-03-07,1844.0,1896.0,1843.0,1895.0,1611.3260498046875,1337400.0,1847.9,1854.08,1667.92,1602.555,59.07172995780592,1748.6,21.54666666666685,5.8400000000001455,0.2838753387533874,1903.0,1899.0,1856.0,1891.0,1345300.0
2022-03-08,1840.0,1863.0,1818.0,1843.0,1567.1102294921875,1263300.0,1844.9,1852.84,1671.8933333333334,1603.715,50.724637681159415,1755.56,21.213333333333367,5.884999999999991,0.2606019151846785,1896.0,1896.0,1895.0,1844.0,1337400.0
2022-03-09,1835.0,1843.0,1802.0,1827.0,1553.50537109375,1425800.0,1841.45,1850.96,1675.88,1604.795,47.945205479452056,1762.4,21.226666666666688,5.914999999999964,0.249658002735978,1895.0,1863.0,1843.0,1840.0,1263300.0
2022-03-10,1837.0,1879.0,1823.0,1855.0,1577.313720703125,1229700.0,1840.2,1850.2,1680.24,1606.015,60.431654676258994,1770.2,21.466666666666697,6.040000000000191,0.2688098495212039,1895.0,1843.0,1827.0,1835.0,1425800.0
2022-03-11,1849.0,1874.0,1842.0,1849.0,1572.2120361328125,884000.0,1838.65,1848.56,1684.52,1607.075,62.921348314606746,1777.68,21.44000000000005,5.970000000000027,0.2647058823529411,1895.0,1879.0,1855.0,1837.0,1229700.0
2022-03-12,1849.0,1874.0,1842.0,1849.0,1572.2120361328125,884000.0,1837.1,1847.24,1688.76,1608.075,62.921348314606746,1784.64,20.83999999999992,5.519999999999982,0.2318454363757494,1895.0,1874.0,1849.0,1849.0,884000.0
2022-03-13,1849.0,1874.0,1842.0,1849.0,1572.2120361328125,884000.0,1836.95,1845.08,1692.7866666666666,1609.15,62.921348314606746,1791.6,20.893333333333203,5.435000000000173,0.2442799461641991,1895.0,1874.0,1849.0,1849.0,884000.0
2022-03-14,1861.0,1861.0,1819.0,1836.0,1561.1580810546875,760600.0,1836.8,1842.68,1696.8,1610.105,52.34042553191489,1798.3,20.919999999999845,5.309999999999945,0.2355316285329745,1895.0,1874.0,1849.0,1849.0,884000.0
2022-03-15,1840.0,1857.0,1823.0,1853.0,1575.6131591796875,646200.0,1837.5,1841.6,1701.1466666666668,1611.195,53.138075313807526,1805.46,20.90666666666675,5.179999999999836,0.2394648829431438,1895.0,1861.0,1836.0,1861.0,760600.0
2022-03-16,1855.0,1894.0,1855.0,1875.0,1594.3199462890625,769300.0,1841.4,1841.4,1705.7866666666666,1612.395,55.90551181102362,1812.94,21.26666666666665,5.319999999999936,0.254180602006689,1895.0,1857.0,1853.0,1840.0,646200.0
2022-03-17,1883.0,1883.0,1845.0,1852.0,1574.762939453125,1049200.0,1845.0,1840.28,1710.12,1613.48,43.98340248962656,1820.08,21.3599999999999,5.404999999999973,0.2387959866220736,1895.0,1894.0,1875.0,1855.0,769300.0
2022-03-18,1844.0,1861.0,1835.0,1853.0,1575.6131591796875,1452200.0,1848.65,1840.32,1714.4666666666667,1614.445,49.30875576036866,1826.42,21.680000000000064,5.294999999999845,0.2394648829431438,1895.0,1883.0,1852.0,1883.0,1049200.0
2022-03-19,1844.0,1861.0,1835.0,1853.0,1575.6131591796875,1452200.0,1852.3,1840.88,1718.8133333333333,1615.49,49.30875576036866,1833.0,22.01333333333332,5.384999999999991,0.2478114478114477,1895.0,1861.0,1853.0,1844.0,1452200.0
2022-03-20,1844.0,1861.0,1835.0,1853.0,1575.6131591796875,1452200.0,1853.7,1841.44,1723.48,1616.47,49.30875576036866,1839.58,22.333333333333258,5.275000000000091,0.2648464163822526,1895.0,1861.0,1853.0,1844.0,1452200.0
2022-03-21,1844.0,1861.0,1835.0,1853.0,1575.6131591796875,1452200.0,1854.45,1843.68,1728.16,1617.39,38.20224719101124,1846.16,22.37333333333345,4.995000000000118,0.2562711864406779,1895.0,1861.0,1853.0,1844.0,1452200.0
2022-03-22,1888.0,1936.0,1865.0,1931.0,1641.9368896484375,2081600.0,1858.75,1849.72,1734.2266666666667,1618.66,71.56862745098039,1854.76,24.1066666666668,5.180000000000064,0.2864756828780812,1931.0,1861.0,1853.0,1844.0,1452200.0
2022-03-23,1829.0,1844.0,1745.0,1834.0,1559.4573974609375,4064800.0,1856.4,1851.88,1739.1866666666667,1619.445,51.22807017543859,1856.68,24.720000000000027,5.0,0.2218520986009327,1931.0,1936.0,1931.0,1888.0,2081600.0
2022-03-24,1821.0,1861.0,1818.0,1849.0,1572.2120361328125,1832900.0,1856.05,1854.64,1744.3466666666666,1620.305,48.897058823529406,1859.04,25.533333333333303,4.815000000000055,0.2318454363757494,1931.0,1844.0,1834.0,1829.0,4064800.0
2022-03-25,1849.0,1855.0,1816.0,1818.0,1545.8524169921875,1079200.0,1854.15,1854.36,1749.0933333333332,1621.235,44.78114478114478,1858.46,25.61333333333323,4.764999999999873,0.2160535117056856,1931.0,1861.0,1849.0,1821.0,1832900.0
2022-03-26,1849.0,1855.0,1816.0,1818.0,1545.8524169921875,1079200.0,1852.25,1853.56,1753.84,1622.095,44.78114478114478,1857.2,25.67999999999984,4.704999999999927,0.2111925383077948,1931.0,1855.0,1818.0,1849.0,1079200.0
2022-03-27,1849.0,1855.0,1816.0,1818.0,1545.8524169921875,1079200.0,1848.4,1852.48,1758.0666666666666,1622.98,44.78114478114478,1855.94,23.83999999999992,4.319999999999936,0.2160535117056856,1931.0,1855.0,1818.0,1849.0,1079200.0
2022-03-28,1823.0,1826.0,1802.0,1817.0,1545.0023193359375,713200.0,1847.1,1849.92,1762.48,1623.665,46.66666666666666,1854.66,23.29333333333329,4.220000000000027,0.1829427083333332,1931.0,1855.0,1818.0,1849.0,1079200.0
2022-03-29,1811.0,1829.0,1807.0,1820.0,1547.55322265625,1167300.0,1846.75,1848.48,1766.9333333333334,1624.355,43.91143911439114,1851.66,22.58666666666681,4.0499999999999545,0.1942257217847769,1931.0,1826.0,1817.0,1823.0,713200.0
2022-03-30,1770.0,1790.0,1749.0,1783.0,1550.1612548828125,1110400.0,1843.15,1845.56,1770.7733333333333,1624.86,33.91608391608392,1849.66,21.680000000000064,3.625,0.1699475065616797,1931.0,1829.0,1820.0,1811.0,1167300.0
2022-03-31,1778.0,1779.0,1745.0,1748.0,1519.73193359375,1000400.0,1838.1,1841.24,1774.1466666666668,1625.19,32.5503355704698,1847.24,20.306666666666843,3.095000000000028,0.146981627296588,1931.0,1790.0,1783.0,1770.0,1110400.0
2022-04-01,1739.0,1765.0,1725.0,1764.0,1533.6427001953125,640000.0,1833.85,1836.0,1777.7333333333331,1625.46,35.78274760383387,1845.04,19.666666666666742,2.480000000000018,0.1752165223184543,1931.0,1779.0,1748.0,1778.0,1000400.0
2022-04-02,1739.0,1765.0,1725.0,1764.0,1533.6427001953125,640000.0,1829.6,1832.84,1781.32,1625.745,35.78274760383387,1842.84,18.83999999999992,2.0799999999999272,0.0149597238204832,1931.0,1765.0,1764.0,1739.0,640000.0
2022-04-03,1739.0,1765.0,1725.0,1764.0,1533.6427001953125,640000.0,1826.0,1830.32,1785.04,1626.235,35.78274760383387,1840.64,18.10666666666657,1.879999999999881,0.0190641247833622,1931.0,1765.0,1764.0,1739.0,640000.0
2022-04-04,1772.0,1780.0,1760.0,1762.0,1531.9036865234375,364300.0,1821.45,1826.6,1789.0,1626.65,35.55555555555556,1838.4,18.226666666666688,1.790000000000191,-0.0460205739036274,1931.0,1765.0,1764.0,1739.0,640000.0
2022-04-05,1770.0,1776.0,1750.0,1750.0,1521.4708251953125,562000.0,1815.2,1822.64,1792.6666666666667,1626.84,13.654618473895582,1835.6,18.519999999999985,1.6499999999998636,-0.0696438064859117,1931.0,1780.0,1762.0,1772.0,364300.0
2022-04-06,1749.0,1760.0,1718.0,1719.0,1494.51904296875,643000.0,1808.55,1817.44,1795.5733333333333,1626.875,18.579234972677583,1832.34,17.839999999999918,1.4149999999999636,-0.0861244019138756,1931.0,1776.0,1750.0,1770.0,562000.0
2022-04-07,1718.0,1726.0,1694.0,1706.0,1483.216552734375,802900.0,1801.2,1811.72,1798.3066666666666,1626.845,10.497237569060786,1828.4,16.98666666666668,1.1000000000001364,-0.0930356193514088,1931.0,1760.0,1719.0,1749.0,643000.0
2022-04-08,1695.0,1709.0,1681.0,1709.0,1485.824951171875,754200.0,1794.0,1806.64,1801.08,1626.83,14.379084967320267,1824.66,16.039999999999964,0.5950000000000273,-0.13248730964467,1931.0,1726.0,1706.0,1718.0,802900.0
2022-04-09,1695.0,1709.0,1681.0,1709.0,1485.824951171875,754200.0,1786.8,1800.88,1803.9333333333327,1627.035,14.379084967320267,1821.24,14.933333333333394,0.3849999999999909,-0.0924057355284121,1931.0,1709.0,1709.0,1695.0,754200.0
2022-04-10,1695.0,1709.0,1681.0,1709.0,1485.824951171875,754200.0,1779.6,1794.24,1806.7066666666667,1627.325,14.379084967320267,1817.82,14.039999999999964,0.4850000000001273,-0.0856072766185125,1931.0,1709.0,1709.0,1695.0,754200.0
2022-04-11,1731.0,1736.0,1711.0,1724.0,1498.865966796875,1113000.0,1769.25,1789.12,1809.76,1627.69,22.15568862275448,1814.7,14.186666666666724,0.8150000000000546,-0.0800426894343649,1849.0,1709.0,1709.0,1695.0,754200.0
2022-04-12,1722.0,1742.0,1708.0,1726.0,1500.60498046875,757200.0,1763.85,1784.04,1812.2933333333333,1627.965,21.686746987951807,1812.18,13.98666666666668,1.1199999999998909,-0.0789754535752401,1849.0,1736.0,1724.0,1731.0,1113000.0
2022-04-13,1743.0,1754.0,1725.0,1749.0,1520.6014404296875,929200.0,1758.85,1779.88,1815.2933333333333,1628.355,38.815789473684205,1810.38,14.213333333333368,1.525000000000091,-0.0667022411953042,1820.0,1742.0,1726.0,1722.0,757200.0
2022-04-14,1753.0,1772.0,1746.0,1772.0,1540.597900390625,688700.0,1756.55,1776.64,1818.6,1628.86,58.57142857142857,1809.04,14.666666666666517,1.824999999999818,-0.0544290288153681,1820.0,1754.0,1749.0,1743.0,929200.0
2022-04-15,1776.0,1781.0,1765.0,1767.0,1536.250732421875,479400.0,1754.0,1773.2,1821.84,1629.265,51.16279069767442,1808.44,15.133333333333212,1.9400000000000543,-0.065079365079365,1820.0,1772.0,1772.0,1753.0,688700.0
2022-04-16,1776.0,1781.0,1765.0,1767.0,1536.250732421875,479400.0,1751.45,1766.64,1825.3866666666668,1629.705,51.16279069767442,1808.18,15.62666666666678,2.0149999999998727,-0.0611052072263549,1820.0,1781.0,1767.0,1776.0,479400.0
2022-04-17,1776.0,1781.0,1765.0,1767.0,1536.250732421875,479400.0,1748.95,1763.96,1825.7733333333333,1630.245,51.16279069767442,1807.92,13.480000000000018,2.2799999999999727,-0.071466106148187,1820.0,1781.0,1767.0,1776.0,479400.0
2022-04-18,1765.0,1787.0,1765.0,1786.0,1552.7696533203125,612100.0,1747.25,1761.44,1826.506666666667,1631.09,58.21917808219178,1808.04,11.213333333333368,2.7349999999999,-0.0580168776371308,1786.0,1781.0,1767.0,1776.0,479400.0
2022-04-19,1801.0,1833.0,1795.0,1827.0,1588.41552734375,929500.0,1749.45,1761.8,1826.24,1632.24,72.0,1808.08,7.6400000000001,3.380000000000109,-0.0281914893617021,1827.0,1787.0,1786.0,1765.0,612100.0
2022-04-20,1827.0,1828.0,1809.0,1820.0,1582.3297119140625,639700.0,1753.05,1761.88,1825.4266666666667,1633.355,83.44370860927152,1807.72,3.586666666666815,4.089999999999918,-0.0319148936170212,1827.0,1833.0,1827.0,1801.0,929500.0
2022-04-21,1840.0,1845.0,1797.0,1800.0,1564.94140625,847700.0,1754.85,1761.16,1824.3466666666664,1634.37,79.74683544303798,1806.82,-1.040000000000191,4.664999999999964,-0.0425531914893616,1827.0,1828.0,1820.0,1827.0,639700.0
2022-04-22,1787.0,1795.0,1768.0,1785.0,1551.9002685546875,614300.0,1755.9,1759.88,1823.0666666666664,1635.15,72.3529411764706,1804.9,-2.706666666666706,4.9050000000002,-0.0361771058315334,1827.0,1845.0,1800.0,1840.0,847700.0
2022-04-23,1787.0,1795.0,1768.0,1785.0,1551.9002685546875,614300.0,1756.95,1758.48,1820.6,1636.015,72.3529411764706,1803.48,-5.906666666666752,4.925000000000182,-0.029363784665579,1827.0,1795.0,1785.0,1787.0,614300.0
2022-04-24,1787.0,1795.0,1768.0,1785.0,1551.9002685546875,614300.0,1758.1,1758.56,1819.2933333333333,1636.665,72.3529411764706,1802.06,-6.946666666666715,4.4249999999999545,-0.029363784665579,1827.0,1795.0,1785.0,1787.0,614300.0
2022-04-25,1764.0,1781.0,1760.0,1779.0,1546.683837890625,554200.0,1759.55,1759.8,1818.0933333333328,1637.38,67.08074534161491,1800.52,-7.333333333333485,4.025000000000091,-0.0100166944908179,1827.0,1795.0,1785.0,1787.0,614300.0
2022-04-26,1765.0,1793.0,1765.0,1787.0,1553.6390380859375,630500.0,1762.95,1760.72,1816.9333333333327,1638.165,68.26347305389221,1798.36,-7.413333333333185,3.7950000000000728,0.0039325842696629,1827.0,1781.0,1779.0,1764.0,554200.0
2022-04-27,1780.0,1783.0,1740.0,1757.0,1527.5567626953125,1415200.0,1765.5,1760.44,1815.3733333333328,1638.8,52.29885057471264,1796.64,-7.693333333333385,3.649999999999864,-0.0129213483146067,1827.0,1793.0,1787.0,1765.0,630500.0
2022-04-28,1755.0,1789.0,1741.0,1787.0,1553.6390380859375,1047900.0,1769.4,1761.36,1814.213333333333,1639.585,54.14364640883978,1795.84,-6.386666666666542,3.5699999999999363,0.0039325842696629,1827.0,1783.0,1757.0,1780.0,1415200.0
2022-04-29,1755.0,1789.0,1741.0,1787.0,1553.6390380859375,1047900.0,1773.3,1762.36,1813.0533333333333,1640.32,55.68181818181818,1794.48,-6.240000000000009,3.6549999999999727,-0.0208219178082191,1827.0,1789.0,1787.0,1755.0,1047900.0
2022-04-30,1755.0,1789.0,1741.0,1787.0,1553.6390380859375,1047900.0,1777.2,1763.84,1811.68,1641.215,55.68181818181818,1793.24,-6.413333333333185,3.834999999999809,-0.0277475516866159,1827.0,1789.0,1787.0,1755.0,1047900.0
2022-05-01,1755.0,1789.0,1741.0,1787.0,1553.6390380859375,1047900.0,1780.35,1766.56,1810.4133333333327,1642.12,55.68181818181818,1792.0,-6.519999999999982,3.9549999999999272,-0.0314363143631436,1827.0,1789.0,1787.0,1755.0,1047900.0
2022-05-02,1780.0,1804.0,1770.0,1797.0,1562.333251953125,761800.0,1783.9,1770.2,1809.0,1643.13,53.293413173652695,1790.96,-6.373333333333221,4.330000000000155,-0.0446570972886762,1827.0,1789.0,1787.0,1755.0,1047900.0
2022-05-03,1780.0,1804.0,1770.0,1797.0,1562.333251953125,761800.0,1786.3,1773.72,1807.68,1644.14,38.095238095238095,1790.18,-6.533333333333303,4.555000000000064,-0.0317887931034482,1827.0,1804.0,1797.0,1780.0,761800.0
2022-05-04,1780.0,1804.0,1770.0,1797.0,1562.333251953125,761800.0,1787.55,1777.24,1806.5733333333333,1645.15,40.33613445378151,1789.06,-6.480000000000018,4.830000000000155,-0.0317887931034482,1827.0,1804.0,1797.0,1780.0,761800.0
2022-05-05,1780.0,1804.0,1770.0,1797.0,1562.333251953125,761800.0,1789.05,1780.76,1805.4666666666667,1646.16,48.48484848484848,1787.5,-6.213333333333367,4.945000000000164,-0.0317887931034482,1827.0,1804.0,1797.0,1780.0,761800.0
2022-05-06,1805.0,1829.0,1790.0,1822.0,1584.068359375,1484200.0,1791.8,1784.68,1804.6933333333327,1647.255,66.97247706422019,1786.9,-5.720000000000027,5.135000000000218,-0.0385224274406332,1827.0,1804.0,1797.0,1780.0,761800.0
2022-05-07,1805.0,1829.0,1790.0,1822.0,1584.068359375,1484200.0,1794.55,1788.52,1804.2933333333333,1648.375,66.97247706422019,1786.28,-4.706666666666706,5.244999999999891,-0.0113944655453065,1827.0,1829.0,1822.0,1805.0,1484200.0
2022-05-08,1805.0,1829.0,1790.0,1822.0,1584.068359375,1484200.0,1796.35,1791.44,1804.0666666666664,1649.51,66.97247706422019,1785.66,-3.6133333333334576,5.369999999999891,-0.0027367268746578,1827.0,1829.0,1822.0,1805.0,1484200.0
2022-05-09,1830.0,1855.0,1822.0,1852.0,1610.1507568359375,920000.0,1797.6,1794.64,1804.24,1650.92,77.44360902255639,1785.64,-2.333333333333257,5.769999999999982,-0.0016172506738544,1852.0,1829.0,1822.0,1805.0,1484200.0
2022-05-10,1848.0,1853.0,1820.0,1830.0,1591.023681640625,914100.0,1798.1,1797.16,1804.68,1652.315,64.62585034013605,1785.18,-0.7866666666666333,6.154999999999973,-0.0102758247701459,1852.0,1855.0,1852.0,1830.0,920000.0
2022-05-11,1844.0,1852.0,1813.0,1829.0,1590.1541748046875,925600.0,1799.55,1799.64,1805.3333333333333,1653.705,80.50847457627118,1783.14,0.6399999999998727,6.449999999999818,-0.0108166576527852,1852.0,1853.0,1830.0,1848.0,914100.0
2022-05-12,2006.0,2164.0,2000.0,2144.0,1864.01904296875,5368400.0,1817.5,1814.72,1810.1866666666667,1656.67,94.29280397022332,1789.34,5.89333333333343,8.295000000000073,0.1595457003785829,2144.0,1852.0,1829.0,1844.0,925600.0
2022-05-13,2102.0,2124.0,2044.0,2115.0,1838.80615234375,2283700.0,1834.0,1827.88,1814.6533333333327,1659.445,87.96296296296296,1794.66,10.586666666666815,9.934999999999944,0.1519607843137254,2144.0,2164.0,2144.0,2006.0,5368400.0
2022-05-14,2102.0,2124.0,2044.0,2115.0,1838.80615234375,2283700.0,1850.5,1839.4,1818.52,1662.24,87.96296296296296,1800.6,14.279999999999973,11.319999999999936,0.1413923367512142,2144.0,2124.0,2115.0,2102.0,2283700.0
2022-05-15,2102.0,2124.0,2044.0,2115.0,1838.80615234375,2283700.0,1867.3,1851.2,1822.213333333333,1665.165,87.96296296296296,1806.54,17.533333333333303,12.849999999999907,0.1279999999999999,2144.0,2124.0,2115.0,2102.0,2283700.0
2022-05-16,2091.0,2119.0,2048.0,2107.0,1831.8507080078125,1377800.0,1883.3,1863.48,1825.7066666666667,1668.21,86.04651162790698,1812.32,20.37333333333345,14.50500000000011,0.1376889848812095,2144.0,2124.0,2115.0,2102.0,2283700.0
2022-05-17,2110.0,2175.0,2102.0,2134.0,1855.324951171875,1275900.0,1902.15,1877.44,1829.08,1671.37,86.87089715536105,1818.66,18.893333333333203,14.699999999999818,0.1516459794927145,2144.0,2119.0,2107.0,2091.0,1377800.0
2022-05-18,2120.0,2149.0,2088.0,2146.0,1865.7579345703125,978800.0,1920.1,1891.88,1832.9466666666667,1674.59,87.20682302771856,1825.18,18.29333333333329,15.144999999999982,0.158121964382083,2146.0,2175.0,2134.0,2110.0,1275900.0
2022-05-19,2133.0,2165.0,2121.0,2160.0,1877.9296875,907800.0,1938.75,1906.88,1837.0,1677.88,87.5776397515528,1832.72,18.48000000000001,15.6400000000001,0.1656772800863464,2160.0,2149.0,2146.0,2120.0,978800.0
2022-05-20,2161.0,2161.0,2118.0,2127.0,1849.2392578125,966800.0,1955.75,1920.8,1840.6133333333328,1681.24,81.05906313645622,1840.3,18.399999999999864,16.075000000000045,0.1478683216405829,2160.0,2165.0,2160.0,2133.0,907800.0
2022-05-21,2161.0,2161.0,2118.0,2127.0,1849.2392578125,966800.0,1972.75,1934.4,1843.7066666666667,1684.68,81.05906313645622,1847.56,18.0,16.470000000000027,0.1015018125323665,2160.0,2161.0,2127.0,2161.0,966800.0
2022-05-22,2161.0,2161.0,2118.0,2127.0,1849.2392578125,966800.0,1989.25,1949.2,1847.493333333333,1688.12,81.05906313645622,1854.82,18.41333333333341,16.75,0.1597600872410032,2160.0,2161.0,2127.0,2161.0,966800.0
2022-05-23,2132.0,2133.0,2078.0,2081.0,1809.2462158203125,1017200.0,2003.45,1960.96,1850.88,1691.35,72.58382642998028,1861.16,17.933333333333394,16.75999999999999,0.1254732287723092,2160.0,2161.0,2127.0,2161.0,966800.0
2022-05-24,2095.0,2097.0,2048.0,2078.0,1806.637939453125,885200.0,2017.5,1972.6,1853.8533333333328,1694.645,75.40983606557377,1867.48,16.85333333333324,16.764999999999873,0.143014301430143,2160.0,2133.0,2081.0,2132.0,1017200.0
2022-05-25,2103.0,2129.0,2088.0,2104.0,1829.24267578125,823800.0,2032.85,1985.28,1857.253333333333,1698.07,76.80311890838206,1874.56,16.6400000000001,16.829999999999927,0.1573157315731572,2160.0,2097.0,2078.0,2095.0,885200.0
2022-05-26,2080.0,2116.0,2078.0,2110.0,1834.4588623046875,525500.0,2047.25,1998.2,1860.733333333333,1701.525,41.66666666666667,1882.38,17.026666666666642,16.845000000000027,0.1606160616061607,2160.0,2129.0,2104.0,2103.0,823800.0
2022-05-27,2082.0,2103.0,2070.0,2083.0,1810.9849853515625,632000.0,2060.3,2009.64,1863.8533333333328,1704.665,42.07920792079208,1889.92,16.3599999999999,16.545000000000073,0.1463951568519537,2160.0,2116.0,2110.0,2080.0,525500.0
2022-05-28,2082.0,2103.0,2070.0,2083.0,1810.9849853515625,632000.0,2073.35,2021.08,1867.1466666666668,1707.885,42.07920792079208,1897.4,16.26666666666665,16.535000000000082,0.1445054945054944,2160.0,2103.0,2083.0,2082.0,632000.0
2022-05-29,2082.0,2103.0,2070.0,2083.0,1810.9849853515625,632000.0,2084.9,2032.52,1870.213333333333,1711.09,42.07920792079208,1904.88,16.360000000000127,16.444999999999936,0.1682557487380818,2160.0,2103.0,2083.0,2082.0,632000.0
2022-05-30,2085.0,2092.0,2047.0,2056.0,1787.5108642578125,1381700.0,2096.2,2042.88,1872.6266666666668,1714.215,38.46153846153846,1911.82,15.373333333333449,16.144999999999982,0.1762013729977116,2160.0,2103.0,2083.0,2082.0,632000.0
2022-05-31,2058.0,2071.0,2023.0,2036.0,1770.1226806640625,2025000.0,2106.55,2051.44,1875.08,1717.205,27.10280373831776,1918.06,14.34666666666658,15.679999999999836,0.1541950113378685,2160.0,2092.0,2056.0,2085.0,1381700.0
2022-06-01,2036.0,2043.0,2004.0,2032.0,1766.6448974609375,1173900.0,2100.95,2059.84,1877.4666666666667,1720.175,22.330097087378647,1924.18,13.613333333333458,15.509999999999993,0.1519274376417234,2160.0,2071.0,2036.0,2058.0,2025000.0
2022-06-02,2047.0,2082.0,2026.0,2051.0,1783.1636962890625,710200.0,2097.75,2069.0,1880.1066666666663,1723.24,24.170616113744074,1930.22,12.959999999999807,15.355000000000018,0.1626984126984128,2160.0,2043.0,2032.0,2036.0,1173900.0
2022-06-03,2047.0,2047.0,2021.0,2028.0,1763.167236328125,530200.0,2093.4,2076.04,1882.44,1726.23,25.37313432835822,1935.34,12.226666666666688,15.1400000000001,0.1509648127128262,2160.0,2082.0,2051.0,2047.0,710200.0
2022-06-04,2047.0,2047.0,2021.0,2028.0,1763.167236328125,530200.0,2089.05,2083.96,1884.7733333333333,1729.22,25.37313432835822,1940.56,12.146666666666531,15.00500000000011,0.1588571428571428,2160.0,2047.0,2028.0,2047.0,530200.0
2022-06-05,2047.0,2047.0,2021.0,2028.0,1763.167236328125,530200.0,2085.1,2091.92,1886.0666666666664,1732.285,25.37313432835822,1945.78,10.98666666666668,15.080000000000156,0.1797556719022688,2160.0,2047.0,2028.0,2047.0,530200.0
2022-06-06,2020.0,2043.0,2016.0,2035.0,1769.2532958984375,448000.0,2080.15,2087.56,1888.746666666667,1735.36,35.80246913580247,1951.14,11.279999999999973,15.184999999999944,0.1928487690504103,2160.0,2047.0,2028.0,2047.0,530200.0
2022-06-07,2135.0,2215.0,2095.0,2205.0,1917.05322265625,2419200.0,2083.1,2091.16,1893.493333333333,1739.19,69.30091185410333,1959.52,13.38666666666677,15.950000000000044,0.2902282036278525,2205.0,2043.0,2035.0,2020.0,448000.0
2022-06-08,2268.0,2277.0,2211.0,2230.0,1938.7884521484373,1854200.0,2086.6,2095.76,1898.986666666667,1743.145,69.20731707317074,1967.58,16.546666666666624,16.914999999999964,0.3048566413107081,2230.0,2215.0,2205.0,2135.0,2419200.0
2022-06-09,2216.0,2216.0,2170.0,2179.0,1894.44873046875,1215400.0,2089.2,2098.32,1903.8,1746.845,59.24932975871314,1974.76,19.02666666666664,17.625,0.2750146284376829,2230.0,2277.0,2230.0,2268.0,1854200.0
2022-06-10,2163.0,2181.0,2152.0,2168.0,1884.8848876953125,791700.0,2091.25,2100.76,1908.4666666666667,1750.45,61.90476190476191,1982.12,22.40000000000009,18.164999999999964,0.2575406032482599,2230.0,2216.0,2179.0,2216.0,1215400.0
2022-06-11,2163.0,2181.0,2152.0,2168.0,1884.8848876953125,791700.0,2093.3,2102.12,1913.1466666666668,1754.055,61.90476190476191,1989.78,24.40000000000009,18.695000000000164,0.2560834298957126,2230.0,2181.0,2168.0,2163.0,791700.0
2022-06-12,2163.0,2181.0,2152.0,2168.0,1884.8848876953125,791700.0,2097.65,2103.0,1917.7866666666664,1757.58,61.90476190476191,1997.44,24.29333333333329,18.38999999999988,0.2395654659805604,2230.0,2181.0,2168.0,2163.0,791700.0
2022-06-13,2164.0,2184.0,2135.0,2144.0,1864.01904296875,770900.0,2100.95,2102.36,1922.6,1760.895,62.42937853107345,2004.62,23.61333333333323,17.75,0.2099322799097065,2230.0,2181.0,2168.0,2163.0,791700.0
2022-06-14,2100.0,2130.0,2099.0,2116.0,1839.6754150390625,563200.0,2101.55,2101.92,1927.506666666667,1764.13,61.04972375690608,2011.36,23.706666666666703,17.285000000000082,0.1975099037917373,2230.0,2184.0,2144.0,2164.0,770900.0
2022-06-15,2100.0,2100.0,2049.0,2059.0,1790.119140625,860700.0,2099.0,2099.2,1931.44,1767.08,53.25301204819277,2016.8,22.97333333333336,16.62999999999988,0.1652518392756083,2230.0,2130.0,2116.0,2100.0,563200.0
2022-06-16,2067.0,2119.0,2066.0,2088.0,1815.33203125,881500.0,2099.25,2097.64,1935.76,1770.175,54.352941176470594,2023.42,22.61333333333323,16.11999999999989,0.1816638370118846,2230.0,2100.0,2059.0,2100.0,860700.0
2022-06-17,2050.0,2069.0,2027.0,2068.0,1797.94384765625,1279200.0,2098.5,2097.12,1939.8133333333333,1773.285,54.73933649289099,2029.04,22.02666666666664,15.705000000000156,0.1578947368421053,2230.0,2119.0,2088.0,2067.0,881500.0
2022-06-18,2050.0,2069.0,2027.0,2068.0,1797.94384765625,1279200.0,2097.75,2096.72,1943.8933333333327,1776.4,54.73933649289099,2034.66,21.29333333333352,15.50500000000011,0.1319102353585113,2230.0,2069.0,2068.0,2050.0,1279200.0
2022-06-19,2050.0,2069.0,2027.0,2068.0,1797.94384765625,1279200.0,2098.35,2095.28,1948.1333333333328,1779.52,54.73933649289099,2040.28,20.62666666666678,15.389999999999873,0.1362637362637362,2230.0,2069.0,2068.0,2050.0,1279200.0
2022-06-20,2035.0,2039.0,2001.0,2015.0,1751.865234375,836200.0,2097.3,2091.48,1952.08,1782.345,47.86324786324786,2044.84,20.63999999999988,15.2650000000001,0.1194444444444444,2230.0,2069.0,2068.0,2050.0,1279200.0
2022-06-21,2018.0,2045.0,2010.0,2037.0,1770.9920654296875,736800.0,2097.55,2089.64,1956.493333333333,1785.155,23.75000000000001,2049.64,20.73333333333335,14.980000000000018,0.1411764705882352,2230.0,2039.0,2015.0,2035.0,836200.0
2022-06-22,2041.0,2045.0,2010.0,2016.0,1752.7342529296875,1126500.0,2095.8,2086.96,1960.5866666666664,1787.86,16.139240506329116,2054.02,20.773333333333312,14.574999999999818,0.1294117647058823,2230.0,2045.0,2037.0,2018.0,736800.0
2022-06-23,2024.0,2045.0,2013.0,2040.0,1773.6002197265625,579900.0,2096.4,2085.24,1965.0,1790.685,25.95155709342561,2058.88,21.10666666666657,14.284999999999854,0.1428571428571428,2230.0,2045.0,2016.0,2041.0,1126500.0
2022-06-24,2027.0,2027.0,2007.0,2019.0,1755.3426513671875,781300.0,2095.95,2083.76,1969.1333333333328,1793.29,25.083612040133787,2063.32,21.0,13.769999999999982,0.1349072512647555,2230.0,2045.0,2040.0,2024.0,579900.0
2022-06-25,2027.0,2027.0,2007.0,2019.0,1755.3426513671875,781300.0,2095.5,2083.08,1973.0666666666664,1795.815,25.083612040133787,2067.26,20.98666666666668,13.470000000000027,0.1298265249020704,2230.0,2027.0,2019.0,2027.0,781300.0
2022-06-26,2027.0,2027.0,2007.0,2019.0,1755.3426513671875,781300.0,2094.7,2082.56,1976.973333333333,1798.43,25.083612040133787,2071.2,20.48000000000001,13.275000000000093,0.1491178144564597,2230.0,2027.0,2019.0,2027.0,781300.0
2022-06-27,2053.0,2072.0,2044.0,2060.0,1790.988525390625,825100.0,2087.45,2082.92,1981.12,1801.25,36.70886075949368,2075.96,20.533333333333303,13.3900000000001,0.1527700055959708,2230.0,2027.0,2019.0,2027.0,781300.0
2022-06-28,2083.0,2160.0,2070.0,2156.0,1874.4520263671875,1473400.0,2083.75,2088.04,1986.24,1804.49,55.208333333333336,2082.04,21.24000000000001,13.805000000000064,0.2064913262451035,2179.0,2072.0,2060.0,2053.0,825100.0
2022-06-29,2186.0,2299.0,2186.0,2225.0,1934.4415283203125,3190900.0,2086.05,2095.92,1992.3466666666664,1808.075,70.95959595959596,2089.94,23.21333333333314,14.785000000000082,0.2451035254616675,2225.0,2160.0,2156.0,2083.0,1473400.0
2022-06-30,2239.0,2281.0,2218.0,2244.0,1950.9603271484373,1916300.0,2089.85,2104.56,1998.7066666666667,1811.755,70.20725388601036,2098.24,25.6400000000001,15.940000000000056,0.2557358701734751,2244.0,2299.0,2225.0,2186.0,3190900.0
2022-07-01,2283.0,2288.0,2206.0,2224.0,1933.5721435546875,1590300.0,2092.65,2112.12,2004.8,1815.395,70.20725388601036,2099.84,27.8266666666666,16.964999999999918,0.2376182526432944,2244.0,2281.0,2244.0,2239.0,1916300.0
2022-07-02,2283.0,2288.0,2206.0,2224.0,1933.5721435546875,1590300.0,2095.45,2112.88,2010.64,1818.99,70.20725388601036,2102.02,29.52000000000021,17.74000000000001,0.2376182526432944,2244.0,2288.0,2224.0,2283.0,1590300.0
2022-07-03,2283.0,2288.0,2206.0,2224.0,1933.5721435546875,1590300.0,2099.45,2112.64,2015.9333333333327,1822.5,70.20725388601036,2104.2,29.693333333333385,18.00999999999999,0.2376182526432944,2244.0,2288.0,2224.0,2283.0,1590300.0
2022-07-04,2227.0,2295.0,2222.0,2278.0,1980.5203857421875,1299600.0,2107.55,2116.6,2022.04,1826.15,83.97932816537468,2107.46,29.693333333333385,18.075000000000045,0.2676683361157483,2278.0,2288.0,2224.0,2283.0,1590300.0
2022-07-05,2280.0,2314.0,2235.0,2285.0,1986.6060791015625,1301200.0,2118.85,2121.28,2028.506666666667,1829.785,83.33333333333333,2111.02,29.799999999999955,18.029999999999973,0.2541163556531285,2285.0,2295.0,2278.0,2227.0,1299600.0
2022-07-06,2224.0,2232.0,2167.0,2212.0,1923.1390380859373,1655900.0,2125.05,2123.04,2034.2,1833.055,73.11320754716981,2112.58,29.40000000000009,17.660000000000082,0.2140504939626784,2285.0,2314.0,2285.0,2280.0,1301200.0
2022-07-07,2237.0,2268.0,2223.0,2249.0,1955.3072509765625,1152900.0,2134.1,2126.28,2040.3866666666668,1836.51,73.91304347826087,2114.64,29.74666666666667,17.519999999999982,0.2343578485181119,2285.0,2232.0,2212.0,2224.0,1655900.0
2022-07-08,2254.0,2261.0,2231.0,2253.0,1958.7850341796875,914100.0,2143.35,2130.64,2046.6266666666668,1840.04,77.85714285714286,2116.5,30.693333333333385,17.539999999999964,0.2165226781857452,2285.0,2268.0,2249.0,2237.0,1152900.0
2022-07-09,2254.0,2261.0,2231.0,2253.0,1958.7850341796875,914100.0,2152.6,2136.12,2052.9466666666667,1843.64,77.85714285714286,2119.02,30.90666666666675,17.49000000000001,0.2311475409836065,2285.0,2261.0,2253.0,2254.0,914100.0
2022-07-10,2254.0,2261.0,2231.0,2253.0,1958.7850341796875,914100.0,2164.5,2143.88,2059.16,1847.245,77.85714285714286,2121.54,30.6533333333332,17.45999999999981,0.2318206670311646,2285.0,2261.0,2253.0,2254.0,914100.0
2022-07-11,2270.0,2290.0,2253.0,2279.0,1981.3892822265625,799900.0,2176.6,2151.52,2066.12,1850.915,77.03703703703704,2124.58,31.919999999999845,17.8599999999999,0.0629664179104476,2285.0,2261.0,2253.0,2254.0,914100.0
2022-07-12,2296.0,2353.0,2278.0,2288.0,1989.214111328125,1335600.0,2190.2,2160.32,2072.8,1854.715,70.75471698113208,2128.72,32.41333333333341,18.204999999999927,0.0817966903073286,2288.0,2290.0,2279.0,2270.0,799900.0
2022-07-13,2289.0,2306.0,2265.0,2299.0,1998.7779541015625,712600.0,2203.15,2169.56,2079.6266666666666,1858.57,64.23076923076923,2133.14,32.99999999999977,18.529999999999973,0.086997635933806,2299.0,2353.0,2288.0,2296.0,1335600.0
2022-07-14,2300.0,2308.0,2261.0,2283.0,1984.8675537109373,607000.0,2216.35,2178.16,2086.24,1862.345,57.58754863813229,2136.72,33.29333333333307,18.704999999999927,0.079432624113475,2299.0,2306.0,2299.0,2289.0,712600.0
2022-07-15,2310.0,2330.0,2274.0,2295.0,1995.30029296875,711500.0,2230.15,2189.36,2093.0133333333333,1866.165,64.2570281124498,2140.42,33.85333333333347,18.92000000000008,0.0892263882297104,2299.0,2308.0,2283.0,2300.0,607000.0
2022-07-16,2310.0,2330.0,2274.0,2295.0,1995.30029296875,711500.0,2243.95,2199.68,2099.653333333333,1869.905,64.2570281124498,2144.66,33.5333333333333,18.99000000000001,0.0754451733833176,2299.0,2330.0,2295.0,2310.0,711500.0
2022-07-17,2310.0,2330.0,2274.0,2295.0,1995.30029296875,711500.0,2255.7,2210.84,2106.293333333333,1873.705,64.2570281124498,2148.9,33.49333333333334,18.99000000000001,0.0694315004659831,2299.0,2330.0,2295.0,2310.0,711500.0
2022-07-18,2310.0,2330.0,2274.0,2295.0,1995.30029296875,711500.0,2262.65,2221.04,2112.9333333333334,1877.545,54.35897435897436,2153.14,33.30666666666684,18.975000000000136,0.0625,2299.0,2330.0,2295.0,2310.0,711500.0
2022-07-19,2302.0,2306.0,2254.0,2257.0,1962.2625732421875,656000.0,2264.25,2230.56,2119.0666666666666,1881.195,43.80530973451327,2157.16,32.826666666666824,18.84999999999991,0.0611189468735307,2299.0,2330.0,2295.0,2310.0,711500.0
2022-07-20,2274.0,2275.0,2240.0,2256.0,1961.393310546875,600700.0,2264.85,2240.04,2124.853333333333,1884.84,64.28571428571428,2161.56,31.840000000000146,18.674999999999955,0.0606488011283496,2299.0,2306.0,2257.0,2302.0,656000.0
2022-07-21,2216.0,2242.0,2211.0,2233.0,1941.396728515625,627800.0,2265.3,2248.6,2130.333333333333,1888.37,44.285714285714285,2165.58,30.68000000000029,18.46499999999992,0.0498354489891865,2299.0,2275.0,2256.0,2274.0,600700.0
2022-07-22,2222.0,2240.0,2195.0,2199.0,1911.836669921875,752100.0,2264.05,2254.16,2135.36,1891.73,34.11764705882352,2168.54,29.06666666666661,18.02500000000009,0.0567035079288802,2299.0,2242.0,2233.0,2216.0,627800.0
2022-07-23,2222.0,2240.0,2195.0,2199.0,1911.836669921875,752100.0,2262.8,2255.88,2139.9866666666667,1895.21,34.11764705882352,2171.96,27.053333333333285,17.664999999999964,0.0582290664100095,2299.0,2240.0,2199.0,2222.0,752100.0
2022-07-24,2222.0,2240.0,2195.0,2199.0,1911.836669921875,752100.0,2258.85,2254.84,2144.9066666666668,1898.695,34.11764705882352,2175.38,25.840000000000146,17.5,0.0451520912547529,2299.0,2240.0,2199.0,2222.0,752100.0
2022-07-25,2209.0,2244.0,2205.0,2232.0,1940.52734375,713600.0,2256.2,2254.36,2150.28,1902.475,36.72316384180791,2179.46,25.426666666666733,17.63499999999999,0.0578199052132701,2299.0,2240.0,2199.0,2222.0,752100.0
2022-07-26,2246.0,2252.0,2231.0,2237.0,1944.874267578125,705000.0,2257.45,2254.88,2151.52,1906.35,35.260115606936424,2183.5,21.186666666666497,17.980000000000018,0.0739318290926547,2299.0,2244.0,2232.0,2209.0,713600.0
2022-07-27,2233.0,2248.0,2205.0,2208.0,1919.6614990234373,767600.0,2255.4,2254.24,2152.76,1910.08,26.17801047120419,2183.56,17.40000000000009,18.34999999999991,0.0600096015362459,2299.0,2252.0,2237.0,2246.0,705000.0
2022-07-28,2210.0,2268.0,2190.0,2261.0,1965.740234375,1059400.0,2255.8,2255.72,2154.7066666666665,1914.075,45.175438596491226,2184.18,14.7199999999998,18.86500000000001,0.085453672587614,2299.0,2248.0,2208.0,2233.0,767600.0
2022-07-29,2249.0,2251.0,2217.0,2242.0,1949.2218017578125,988600.0,2255.25,2254.28,2156.4,1917.975,38.723404255319146,2185.44,11.49333333333334,19.279999999999973,0.0904669260700388,2299.0,2268.0,2261.0,2210.0,1059400.0
2022-07-30,2249.0,2251.0,2217.0,2242.0,1949.2218017578125,988600.0,2254.7,2252.56,2158.2,1921.68,38.723404255319146,2186.92,7.919999999999618,19.205000000000155,0.1011787819253438,2299.0,2251.0,2242.0,2249.0,988600.0
2022-07-31,2249.0,2251.0,2217.0,2242.0,1949.2218017578125,988600.0,2252.85,2253.76,2159.64,1925.46,38.723404255319146,2188.4,8.11999999999989,19.110000000000127,0.1033464566929134,2299.0,2251.0,2242.0,2249.0,988600.0
2022-08-01,2092.0,2124.0,2054.0,2070.0,1799.6824951171875,3146800.0,2241.95,2246.6,2158.6266666666666,1928.38,22.35872235872236,2186.44,5.866666666666333,18.300000000000185,0.0092637737688932,2299.0,2251.0,2242.0,2249.0,988600.0
2022-08-02,2065.0,2093.0,2042.0,2042.0,1775.339111328125,1636400.0,2229.1,2238.16,2157.0533333333333,1931.115,22.921914357682624,2184.4,2.346666666666806,17.039999999999964,0.0069033530571991,2295.0,2124.0,2070.0,2092.0,3146800.0
2022-08-03,2048.0,2050.0,2020.0,2030.0,1764.9061279296875,972100.0,2216.45,2229.24,2155.76,1933.79,22.303921568627445,2182.68,-0.6399999999998727,15.815000000000056,0.0009861932938854,2295.0,2093.0,2042.0,2065.0,1636400.0
2022-08-04,2010.0,2016.0,1941.0,1942.0,1688.3978271484375,2246800.0,2198.8,2216.8,2153.293333333333,1936.025,19.238900634249475,2180.34,-4.906666666666297,14.345000000000027,-0.0424063116370808,2295.0,2050.0,2030.0,2048.0,972100.0
2022-08-05,1936.0,1962.0,1929.0,1952.0,1697.0921630859375,972200.0,2181.65,2203.72,2150.96,1938.31,22.4944320712695,2177.62,-8.679999999999836,12.849999999999907,-0.0407862407862408,2295.0,2016.0,1942.0,2010.0,2246800.0
2022-08-06,1936.0,1962.0,1929.0,1952.0,1697.0921630859375,972200.0,2164.5,2190.28,2149.24,1940.645,22.4944320712695,2175.3,-9.38666666666677,12.264999999999873,-0.1147392290249432,2295.0,1962.0,1952.0,1936.0,972200.0
2022-08-07,1936.0,1962.0,1929.0,1952.0,1697.0921630859375,972200.0,2147.35,2176.4,2147.56,1943.08,22.4944320712695,2172.98,-9.49333333333334,11.964999999999918,-0.1246636771300448,2261.0,1962.0,1952.0,1936.0,972200.0
2022-08-08,1953.0,1994.0,1951.0,1974.0,1716.2191162109375,1185300.0,2133.2,2164.04,2145.826666666667,1945.575,20.54794520547945,2171.1,-9.933333333333394,11.785000000000082,-0.0940798531436438,2261.0,1962.0,1952.0,1936.0,972200.0
2022-08-09,1989.0,1999.0,1977.0,1981.0,1722.304931640625,537000.0,2119.45,2151.48,2144.1066666666666,1947.975,20.909090909090907,2170.42,-9.186666666666952,11.949999999999818,-0.0862546125461254,2261.0,1994.0,1974.0,1953.0,1185300.0
2022-08-10,1995.0,2004.0,1984.0,1993.0,1732.7381591796875,543500.0,2107.45,2139.4,2142.9066666666668,1950.435,24.586288416075647,2169.54,-8.053333333333285,12.125,-0.080719557195572,2261.0,1999.0,1981.0,1989.0,537000.0
2022-08-11,1995.0,2004.0,1984.0,1993.0,1732.7381591796875,543500.0,2097.15,2127.32,2141.7066666666665,1952.895,13.78378378378379,2169.08,-7.533333333333303,12.25,-0.080719557195572,2261.0,2004.0,1993.0,1995.0,543500.0
2022-08-12,2019.0,2019.0,1993.0,2008.0,1745.7791748046875,778300.0,2087.6,2115.84,2140.7066666666665,1955.46,18.032786885245898,2168.44,-6.853333333333467,12.38000000000011,-0.0634328358208955,2261.0,2004.0,1993.0,1995.0,543500.0
2022-08-13,2019.0,2019.0,1993.0,2008.0,1745.7791748046875,778300.0,2078.05,2105.88,2140.0666666666666,1957.995,18.032786885245898,2168.22,-5.760000000000218,12.419999999999844,-0.0510396975425331,2261.0,2019.0,2008.0,2019.0,778300.0
2022-08-14,2019.0,2019.0,1993.0,2008.0,1745.7791748046875,778300.0,2066.85,2095.96,2139.693333333333,1960.56,18.032786885245898,2168.0,-4.413333333333412,12.585000000000036,-0.0247693054881009,2261.0,2019.0,2008.0,2019.0,778300.0
2022-08-15,2008.0,2019.0,1992.0,1998.0,1737.0849609375,987400.0,2054.9,2086.56,2139.24,1962.87,32.35294117647058,2167.58,-3.66666666666697,12.434999999999944,-0.0431034482758621,2261.0,2019.0,2008.0,2019.0,778300.0
2022-08-16,2000.0,2016.0,1992.0,2013.0,1750.1260986328125,554100.0,2045.15,2079.12,2138.733333333333,1965.315,42.40837696335078,2166.64,-2.9733333333333576,12.420000000000073,-0.026595744680851,2261.0,2019.0,1998.0,2008.0,987400.0
2022-08-17,2023.0,2049.0,2019.0,2048.0,1780.5555419921875,749400.0,2034.5,2073.08,2139.0,1967.935,54.20560747663552,2164.48,-1.7066666666664787,12.474999999999907,-0.0096711798839458,2242.0,2016.0,2013.0,2000.0,554100.0
2022-08-18,2048.0,2060.0,2036.0,2048.0,1780.5555419921875,478300.0,2024.8,2067.04,2139.266666666667,1970.555,92.06349206349206,2160.94,-0.7999999999997272,12.560000000000173,-0.0096711798839458,2242.0,2049.0,2048.0,2023.0,749400.0
2022-08-19,2058.0,2065.0,2044.0,2062.0,1792.7274169921875,579100.0,2015.8,2060.24,2139.72,1973.36,92.3076923076923,2157.3,0.0266666666666424,12.799999999999956,0.0233250620347393,2242.0,2060.0,2048.0,2048.0,478300.0
2022-08-20,2058.0,2065.0,2044.0,2062.0,1792.7274169921875,579100.0,2006.8,2053.24,2140.08,1974.98,92.3076923076923,2154.06,0.8400000000001455,12.110000000000127,0.0122729504172802,2070.0,2065.0,2062.0,2058.0,579100.0
2022-08-21,2058.0,2065.0,2044.0,2062.0,1792.7274169921875,579100.0,2006.4,2047.4,2138.173333333333,1976.635,92.3076923076923,2150.82,-0.5599999999999454,11.319999999999936,0.0228174603174602,2062.0,2065.0,2062.0,2058.0,579100.0
2022-08-22,2075.0,2082.0,2056.0,2074.0,1803.1602783203125,535700.0,2008.0,2039.92,2136.093333333333,1977.77,91.66666666666669,2147.82,-2.906666666666752,9.835000000000036,0.0166666666666666,2074.0,2065.0,2062.0,2058.0,579100.0
2022-08-23,2074.0,2080.0,2064.0,2079.0,1807.50732421875,678900.0,2010.45,2033.4,2134.76,1978.76,91.52542372881356,2143.84,-4.506666666666661,8.204999999999927,0.0297176820208022,2079.0,2082.0,2074.0,2075.0,535700.0
2022-08-24,2079.0,2146.0,2071.0,2121.0,1844.0225830078125,1287700.0,2019.4,2028.56,2134.133333333333,1979.96,93.24324324324324,2140.56,-5.586666666666588,6.600000000000136,0.050520059435364,2121.0,2080.0,2079.0,2074.0,678900.0
2022-08-25,2132.0,2145.0,2105.0,2137.0,1857.93310546875,1210900.0,2028.65,2024.36,2133.72,1981.24,93.90243902439023,2139.06,-6.360000000000127,6.259999999999991,0.0584447746409113,2137.0,2146.0,2121.0,2079.0,1287700.0
2022-08-26,2134.0,2169.0,2128.0,2169.0,1885.754638671875,860900.0,2039.5,2028.32,2133.733333333333,1982.235,94.47513812154696,2137.46,-4.440000000000055,5.599999999999909,0.0529126213592232,2169.0,2145.0,2137.0,2132.0,1210900.0
2022-08-27,2134.0,2169.0,2128.0,2169.0,1885.754638671875,860900.0,2050.35,2033.4,2134.0666666666666,1983.665,94.47513812154696,2135.78,-2.0266666666666424,5.894999999999982,0.0060296846011131,2169.0,2169.0,2169.0,2134.0,860900.0
2022-08-28,2134.0,2169.0,2128.0,2169.0,1885.754638671875,860900.0,2060.1,2038.96,2134.773333333333,1985.165,94.47513812154696,2134.1,0.0133333333333212,6.404999999999973,-0.0251685393258427,2169.0,2169.0,2169.0,2134.0,860900.0
2022-08-29,2150.0,2155.0,2122.0,2136.0,1857.063720703125,802200.0,2067.85,2046.72,2135.8,1986.475,83.82352941176471,2131.76,1.6666666666669698,6.514999999999873,-0.0481283422459892,2169.0,2169.0,2169.0,2134.0,860900.0
2022-08-30,2152.0,2171.0,2143.0,2165.0,1882.2767333984373,551100.0,2076.45,2055.24,2136.826666666667,1987.93,84.86238532110092,2129.48,3.1066666666670244,6.690000000000055,-0.0265287769784172,2169.0,2155.0,2136.0,2150.0,802200.0
2022-08-31,2132.0,2150.0,2121.0,2144.0,1864.01904296875,1184400.0,2084.0,2062.92,2137.84,1989.28,73.52941176470588,2126.6,4.106666666667024,7.045000000000073,-0.0359712230215827,2169.0,2171.0,2165.0,2152.0,551100.0
2022-09-01,2150.0,2153.0,2119.0,2129.0,1850.9779052734373,734900.0,2090.05,2070.0,2138.653333333333,1990.555,68.4931506849315,2123.2,4.586666666666588,6.8900000000001,-0.0427158273381295,2169.0,2150.0,2144.0,2132.0,1184400.0
2022-09-02,2125.0,2138.0,2088.0,2096.0,1822.287353515625,886500.0,2094.45,2074.88,2139.026666666666,1991.585,57.14285714285714,2119.46,4.253333333333103,6.420000000000073,-0.0798946444249341,2169.0,2153.0,2129.0,2150.0,734900.0
2022-09-03,2125.0,2138.0,2088.0,2096.0,1822.287353515625,886500.0,2098.85,2079.48,2140.1066666666666,1992.655,57.14285714285714,2115.48,4.306666666666388,6.180000000000064,-0.0827133479212254,2169.0,2138.0,2096.0,2125.0,886500.0
2022-09-04,2125.0,2138.0,2088.0,2096.0,1822.287353515625,886500.0,2103.75,2083.6,2140.893333333333,1993.62,57.14285714285714,2111.5,4.066666666666606,5.689999999999827,-0.0524412296564195,2169.0,2138.0,2096.0,2125.0,886500.0
2022-09-05,2101.0,2111.0,2088.0,2099.0,1824.8953857421875,486300.0,2108.05,2087.84,2142.0,1994.635,55.45851528384279,2107.58,4.159999999999855,5.355000000000018,-0.0666963094708759,2169.0,2138.0,2096.0,2125.0,886500.0
2022-09-06,2088.0,2106.0,2082.0,2100.0,1825.76513671875,346000.0,2110.65,2091.52,2142.8,1995.735,54.66666666666667,2103.68,4.146666666666988,5.179999999999836,-0.0679094540612517,2169.0,2111.0,2099.0,2101.0,486300.0
2022-09-07,2096.0,2096.0,2062.0,2089.0,1816.2012939453125,485100.0,2112.7,2094.76,2143.733333333333,1996.78,41.75257731958763,2100.32,4.706666666666479,5.194999999999936,-0.072791833111407,2169.0,2106.0,2100.0,2088.0,346000.0
2022-09-08,2099.0,2129.0,2090.0,2118.0,1841.414306640625,575500.0,2115.5,2099.16,2145.0533333333333,1997.97,45.41062801932367,2097.56,4.946666666666715,5.315000000000055,-0.0599201065246338,2169.0,2096.0,2089.0,2096.0,485100.0
2022-09-09,2114.0,2145.0,2113.0,2145.0,1864.8885498046875,551900.0,2119.65,2105.04,2146.733333333333,1999.435,44.05940594059406,2095.8,5.839999999999691,5.815000000000055,-0.0587977182974989,2169.0,2129.0,2118.0,2099.0,575500.0
2022-09-10,2114.0,2145.0,2113.0,2145.0,1864.8885498046875,551900.0,2123.8,2110.32,2147.866666666667,2000.965,44.05940594059406,2094.72,5.866666666666788,6.329999999999927,-0.0625,2169.0,2145.0,2145.0,2114.0,551900.0
2022-09-11,2114.0,2145.0,2113.0,2145.0,1864.8885498046875,551900.0,2127.35,2114.2,2147.72,2002.495,44.05940594059406,2093.64,4.919999999999618,6.759999999999991,-0.0669856459330143,2169.0,2145.0,2145.0,2114.0,551900.0
2022-09-12,2153.0,2155.0,2123.0,2128.0,1850.1083984375,382700.0,2129.8,2117.4,2146.4266666666667,2004.15,47.84946236559139,2092.22,2.693333333333612,7.370000000000118,-0.0678931230836618,2169.0,2145.0,2145.0,2114.0,551900.0
2022-09-13,2129.0,2139.0,2117.0,2127.0,1849.2392578125,463400.0,2130.1,2120.0,2144.866666666667,2005.885,37.9746835443038,2090.12,-0.1866666666664969,7.914999999999964,-0.0732026143790849,2169.0,2155.0,2128.0,2153.0,382700.0
2022-09-14,2130.0,2130.0,2096.0,2103.0,1828.373291015625,598300.0,2128.4,2121.64,2143.2533333333336,2007.5,37.267080745341616,2087.44,-3.4799999999995634,8.065000000000055,-0.0836601307189542,2169.0,2139.0,2127.0,2129.0,463400.0
2022-09-15,2105.0,2106.0,2077.0,2097.0,1823.15673828125,508400.0,2124.8,2123.04,2141.56,2009.085,39.47368421052632,2085.22,-6.3066666666668425,8.120000000000118,-0.0862745098039216,2169.0,2130.0,2103.0,2130.0,598300.0
2022-09-16,2080.0,2127.0,2078.0,2127.0,1849.2392578125,874600.0,2122.7,2125.16,2140.266666666667,2010.595,60.40268456375839,2082.54,-7.453333333332921,8.100000000000136,-0.0732026143790849,2169.0,2106.0,2097.0,2105.0,508400.0
2022-09-17,2080.0,2127.0,2078.0,2127.0,1849.2392578125,874600.0,2120.6,2127.08,2138.2533333333336,2012.04,60.40268456375839,2080.24,-8.173333333333176,7.889999999999873,-0.0575985821887461,2165.0,2127.0,2127.0,2080.0,874600.0
2022-09-18,2080.0,2127.0,2078.0,2127.0,1849.2392578125,874600.0,2120.15,2127.32,2136.1466666666665,2013.45,60.40268456375839,2077.94,-8.720000000000255,7.565000000000055,-0.0571808510638297,2165.0,2127.0,2127.0,2080.0,874600.0
2022-09-19,2080.0,2127.0,2078.0,2127.0,1849.2392578125,874600.0,2118.25,2126.92,2135.0133333333333,2014.68,59.589041095890416,2075.64,-8.240000000000236,7.180000000000064,-0.0474697716077026,2145.0,2127.0,2127.0,2080.0,874600.0
2022-09-20,2140.0,2144.0,2108.0,2124.0,1846.6309814453125,413700.0,2117.25,2125.12,2133.346666666667,2016.02,58.10810810810811,2076.72,-8.21333333333314,6.934999999999945,-0.034106412005457,2145.0,2127.0,2127.0,2080.0,874600.0
2022-09-21,2105.0,2118.0,2097.0,2104.0,1829.24267578125,457000.0,2116.0,2122.52,2131.36,2017.26,54.77707006369427,2077.96,-8.906666666666752,6.664999999999964,-0.0432014552069122,2145.0,2144.0,2124.0,2140.0,413700.0
2022-09-22,2109.0,2148.0,2096.0,2140.0,1860.5413818359373,793300.0,2118.2,2121.36,2129.853333333333,2018.68,56.707317073170735,2080.16,-8.400000000000091,6.6400000000001,-0.0268303774442928,2145.0,2118.0,2104.0,2105.0,457000.0
2022-09-23,2109.0,2148.0,2096.0,2140.0,1860.5413818359373,793300.0,2120.4,2121.52,2128.346666666667,2019.905,48.17518248175183,2084.12,-7.799999999999727,6.454999999999927,-0.0412186379928315,2145.0,2148.0,2140.0,2109.0,793300.0
2022-09-24,2109.0,2148.0,2096.0,2140.0,1860.5413818359373,793300.0,2122.6,2120.52,2126.4933333333333,2021.39,48.17518248175183,2087.88,-8.519999999999982,6.710000000000036,-0.0433616450603486,2145.0,2148.0,2140.0,2109.0,793300.0
2022-09-25,2109.0,2148.0,2096.0,2140.0,1860.5413818359373,793300.0,2124.65,2120.36,2124.52,2022.955,48.17518248175183,2091.64,-8.826666666666824,6.934999999999945,-0.0307971014492753,2145.0,2148.0,2140.0,2109.0,793300.0
2022-09-26,2134.0,2170.0,2114.0,2128.0,1850.1083984375,1298600.0,2126.05,2120.32,2122.24,2024.32,50.0,2095.16,-9.120000000000346,7.059999999999945,-0.0588235294117647,2145.0,2148.0,2140.0,2109.0,793300.0
2022-09-27,2132.0,2169.0,2128.0,2150.0,1869.235595703125,940500.0,2129.1,2122.48,2120.4666666666667,2025.825,57.51633986928104,2098.68,-9.38666666666677,7.144999999999982,-0.0410347903657448,2150.0,2170.0,2128.0,2134.0,1298600.0
2022-09-28,2135.0,2142.0,2073.0,2132.0,1853.5859375,1177300.0,2129.8,2123.92,2118.293333333333,2027.24,59.863945578231295,2101.7,-10.053333333333285,7.335000000000036,-0.0490633363068688,2150.0,2169.0,2150.0,2132.0,940500.0
2022-09-29,2100.0,2119.0,2073.0,2112.0,1871.3070068359373,831100.0,2128.15,2124.56,2115.853333333333,2028.555,54.6583850931677,2104.08,-10.639999999999873,7.164999999999964,-0.0579839429081177,2150.0,2142.0,2132.0,2135.0,1177300.0
2022-09-30,2090.0,2104.0,2021.0,2048.0,1814.6005859375,1132500.0,2123.3,2122.52,2112.56,2029.615,29.743589743589737,2105.18,-11.960000000000036,6.660000000000082,-0.0106280193236715,2150.0,2119.0,2112.0,2100.0,831100.0
2022-10-01,2090.0,2104.0,2021.0,2048.0,1814.6005859375,1132500.0,2118.45,2120.44,2109.266666666667,2030.59,29.743589743589737,2105.98,-12.973333333332905,6.269999999999982,0.0029382957884427,2150.0,2104.0,2048.0,2090.0,1132500.0
2022-10-02,2090.0,2104.0,2021.0,2048.0,1814.6005859375,1132500.0,2114.45,2118.8,2106.48,2031.455,29.743589743589737,2106.78,-13.98666666666668,5.629999999999882,0.0088669950738915,2150.0,2104.0,2048.0,2090.0,1132500.0
2022-10-03,2025.0,2029.0,1960.0,1974.0,1749.0340576171875,944700.0,2106.8,2113.04,2102.72,2032.065,21.56133828996282,2106.1,-15.57333333333372,4.8250000000000455,0.0164778578784758,2150.0,2104.0,2048.0,2090.0,1132500.0
2022-10-04,2014.0,2080.0,2013.0,2046.0,1812.8284912109373,896700.0,2103.95,2109.08,2100.2266666666665,2033.03,38.46153846153846,2107.06,-15.626666666667006,4.474999999999909,0.0481557377049179,2150.0,2029.0,1974.0,2025.0,944700.0
2022-10-05,2063.0,2070.0,2022.0,2027.0,1795.993896484375,583200.0,2100.45,2104.36,2097.9333333333334,2033.9,38.575667655786354,2107.34,-14.626666666666551,4.285000000000082,0.038422131147541,2150.0,2080.0,2046.0,2014.0,896700.0
2022-10-06,2012.0,2039.0,2004.0,2006.0,1777.38720703125,698400.0,2094.4,2098.8,2095.36,2034.665,29.19254658385094,2106.5,-13.906666666666752,4.0750000000000455,0.0276639344262294,2150.0,2070.0,2027.0,2063.0,583200.0
2022-10-07,1996.0,2023.0,1992.0,2015.0,1785.3616943359375,535300.0,2088.8,2094.28,2092.9066666666668,2035.475,31.1178247734139,2105.84,-13.573333333333268,4.019999999999982,0.0207700101317123,2150.0,2039.0,2006.0,2012.0,698400.0
2022-10-08,1996.0,2023.0,1992.0,2015.0,1785.3616943359375,535300.0,2083.2,2089.8,2090.0133333333333,2035.895,31.1178247734139,2104.9,-12.70666666666648,3.8299999999999272,0.017163048965169,2150.0,2023.0,2015.0,1996.0,535300.0
2022-10-09,1996.0,2023.0,1992.0,2015.0,1785.3616943359375,535300.0,2077.6,2086.28,2087.0533333333333,2036.8,31.1178247734139,2103.96,-13.173333333333176,3.769999999999982,0.0110386352232814,2150.0,2023.0,2015.0,1996.0,535300.0
2022-10-10,1996.0,2023.0,1992.0,2015.0,1785.3616943359375,535300.0,2072.15,2083.0,2084.48,2037.63,32.288401253918494,2103.02,-13.453333333333376,3.730000000000018,0.0110386352232814,2150.0,2023.0,2015.0,1996.0,535300.0
2022-10-11,2015.0,2042.0,2014.0,2032.0,1800.4239501953125,872400.0,2068.55,2079.2,2081.4266666666667,2038.7,31.210191082802552,2102.18,-13.933333333333394,4.035000000000082,0.0119521912350597,2150.0,2023.0,2015.0,1996.0,535300.0
2022-10-12,2025.0,2029.0,2001.0,2020.0,1789.7916259765625,657400.0,2062.55,2074.92,2078.4666666666667,2039.71,31.818181818181827,2101.0,-14.440000000000056,4.235000000000127,0.0059760956175298,2150.0,2042.0,2032.0,2015.0,872400.0
2022-10-13,1997.0,2009.0,1978.0,2002.0,1773.843017578125,631100.0,2055.65,2069.92,2075.266666666667,2040.63,32.02614379084967,2098.62,-14.746666666666442,4.735000000000127,-0.0029880478087649,2150.0,2029.0,2020.0,2025.0,657400.0
2022-10-14,2042.0,2053.0,2029.0,2037.0,1804.854248046875,872100.0,2050.5,2066.32,2072.5333333333333,2041.73,48.014440433213,2096.62,-14.519999999999982,4.930000000000064,0.0195195195195194,2150.0,2009.0,2002.0,1997.0,631100.0
2022-10-15,2042.0,2053.0,2029.0,2037.0,1804.854248046875,872100.0,2045.35,2062.84,2072.093333333333,2042.815,48.014440433213,2093.98,-12.38666666666677,5.184999999999945,0.0119225037257824,2150.0,2053.0,2037.0,2042.0,872100.0
2022-10-16,2042.0,2053.0,2029.0,2037.0,1804.854248046875,872100.0,2040.8,2060.16,2072.026666666666,2044.085,48.014440433213,2091.34,-9.400000000000093,5.384999999999991,-0.00537109375,2150.0,2053.0,2037.0,2042.0,872100.0
2022-10-17,2037.0,2047.0,2028.0,2040.0,1807.5123291015625,586100.0,2035.3,2056.16,2072.16,2045.545,66.01941747572815,2088.76,-6.3066666666668425,5.835000000000036,-0.00390625,2132.0,2053.0,2037.0,2042.0,872100.0
2022-10-18,2050.0,2053.0,2023.0,2030.0,1798.6519775390625,520700.0,2030.2,2051.76,2073.333333333333,2046.875,44.44444444444444,2086.64,-1.933333333333394,6.244999999999891,-0.0155189136760426,2112.0,2047.0,2040.0,2037.0,586100.0
2022-10-19,2050.0,2127.0,2043.0,2105.0,1865.104736328125,1251300.0,2029.85,2050.36,2075.373333333333,2048.58,69.5,2085.44,2.840000000000145,6.849999999999909,0.0208535402521823,2105.0,2053.0,2030.0,2050.0,520700.0
2022-10-20,2107.0,2109.0,2065.0,2104.0,1864.2186279296875,893900.0,2032.65,2048.92,2077.4,2050.28,77.22222222222223,2084.64,5.3066666666668425,7.4650000000001455,0.020368574199806,2105.0,2127.0,2105.0,2050.0,1251300.0
2022-10-21,2074.0,2098.0,2066.0,2070.0,1834.09326171875,628200.0,2033.75,2046.6,2078.9733333333334,2051.82,63.41463414634146,2083.46,6.946666666666715,7.735000000000127,-0.0019286403085824,2105.0,2109.0,2104.0,2107.0,893900.0
2022-10-22,2074.0,2098.0,2066.0,2070.0,1834.09326171875,628200.0,2034.85,2043.4,2080.2533333333336,2053.42,63.41463414634146,2082.94,8.093333333333703,7.875,-0.0043290043290042,2105.0,2098.0,2070.0,2074.0,628200.0
2022-10-23,2074.0,2098.0,2066.0,2070.0,1834.09326171875,628200.0,2039.65,2040.92,2081.44,2055.175,63.41463414634146,2082.42,8.10666666666657,8.300000000000182,-0.0240452616690241,2105.0,2098.0,2070.0,2074.0,628200.0
2022-10-24,2083.0,2086.0,2054.0,2065.0,1829.6632080078125,510200.0,2040.6,2039.04,2082.4,2056.97,61.90476190476191,2081.8,7.026666666666642,8.389999999999873,-0.0336920917173607,2105.0,2098.0,2070.0,2074.0,628200.0
2022-10-25,2077.0,2093.0,2061.0,2083.0,1845.6119384765625,545200.0,2043.4,2040.44,2083.6,2058.84,62.08530805687204,2081.48,6.199999999999818,8.559999999999945,-0.0396496081143383,2105.0,2086.0,2065.0,2083.0,510200.0
2022-10-26,2093.0,2113.0,2082.0,2092.0,1853.5860595703125,562400.0,2047.7,2042.2,2084.72,2060.755,67.30769230769232,2081.32,5.746666666666442,8.934999999999945,-0.0355002305209773,2105.0,2093.0,2083.0,2077.0,545200.0
2022-10-27,2085.0,2119.0,2064.0,2095.0,1856.244140625,641300.0,2051.7,2044.08,2085.88,2062.685,74.09326424870466,2081.44,5.626666666666552,9.264999999999873,-0.0341171046565237,2105.0,2113.0,2092.0,2093.0,562400.0
2022-10-28,2083.0,2088.0,2030.0,2038.0,1805.7403564453125,2755200.0,2052.85,2046.64,2086.28,2064.255,50.23255813953487,2079.84,4.8400000000001455,9.079999999999927,-0.045880149812734,2105.0,2119.0,2095.0,2085.0,641300.0
2022-10-29,2083.0,2088.0,2030.0,2038.0,1805.7403564453125,2755200.0,2054.0,2046.32,2086.813333333333,2065.815,50.23255813953487,2077.7,4.413333333333412,8.845000000000255,-0.0586605080831408,2105.0,2088.0,2038.0,2083.0,2755200.0
2022-10-30,2083.0,2088.0,2030.0,2038.0,1805.7403564453125,2755200.0,2055.15,2046.76,2087.1466666666665,2067.26,50.23255813953487,2075.56,3.546666666666624,8.420000000000073,-0.0494402985074626,2105.0,2088.0,2038.0,2083.0,2755200.0
2022-10-31,2059.0,2071.0,2032.0,2068.0,1832.3214111328125,806800.0,2056.95,2049.24,2087.4133333333334,2068.74,55.78512396694214,2074.02,2.693333333333612,7.984999999999673,-0.0286519492719586,2105.0,2088.0,2038.0,2083.0,2755200.0
2022-11-01,2268.0,2290.0,2179.0,2180.0,1931.557373046875,3499700.0,2064.95,2055.84,2089.173333333333,2070.805,71.80232558139535,2075.06,3.2933333333330665,8.11999999999989,0.0400763358778626,2180.0,2071.0,2068.0,2059.0,806800.0
2022-11-02,2179.0,2191.0,2142.0,2150.0,1904.976318359375,1556800.0,2072.35,2061.24,2090.346666666667,2072.72,57.52508361204014,2075.52,4.066666666666606,8.46499999999969,0.0257633587786259,2180.0,2290.0,2180.0,2268.0,3499700.0
2022-11-03,2179.0,2191.0,2142.0,2150.0,1904.976318359375,1556800.0,2078.0,2066.64,2091.52,2074.635,57.718120805369125,2076.46,4.706666666666479,8.820000000000164,0.0257633587786259,2180.0,2191.0,2150.0,2179.0,1556800.0
2022-11-04,2155.0,2170.0,2117.0,2119.0,1877.5091552734373,1073300.0,2082.1,2070.8,2092.28,2076.3,58.30508474576271,2076.9,5.133333333333667,9.039999999999964,0.0095283468318245,2180.0,2191.0,2150.0,2179.0,1556800.0
2022-11-05,2155.0,2170.0,2117.0,2119.0,1877.5091552734373,1073300.0,2086.2,2074.28,2092.88,2077.76,58.30508474576271,2076.74,5.466666666666697,9.020000000000437,0.0090476190476189,2180.0,2170.0,2119.0,2155.0,1073300.0
2022-11-06,2155.0,2170.0,2117.0,2119.0,1877.5091552734373,1073300.0,2090.15,2078.24,2093.4133333333334,2079.255,58.30508474576271,2076.58,4.2400000000002365,8.450000000000273,0.0143609382479654,2180.0,2170.0,2119.0,2155.0,1073300.0
2022-11-07,2134.0,2144.0,2107.0,2108.0,1867.7626953125,944500.0,2094.05,2082.48,2093.24,2080.795,57.142857142857146,2076.2,2.893333333332976,8.075000000000273,-0.0047214353163361,2180.0,2170.0,2119.0,2155.0,1073300.0
2022-11-08,2120.0,2129.0,2103.0,2112.0,1871.3070068359373,977200.0,2094.4,2085.48,2092.9066666666668,2082.43,55.05226480836238,2075.9,1.3866666666667695,7.794999999999618,-0.0153846153846153,2180.0,2144.0,2108.0,2134.0,944500.0
2022-11-09,2105.0,2132.0,2092.0,2126.0,1883.7113037109373,811400.0,2095.5,2089.04,2092.333333333333,2084.135,55.821917808219176,2075.94,0.0533333333332848,7.835000000000036,-0.0088578088578088,2180.0,2129.0,2112.0,2120.0,977200.0
2022-11-10,2127.0,2173.0,2121.0,2163.0,1916.4947509765625,707800.0,2100.15,2094.08,2092.2533333333336,2086.025,60.42944785276074,2077.12,-0.6266666666665515,8.264999999999873,0.0083916083916084,2180.0,2132.0,2126.0,2105.0,811400.0
2022-11-11,2170.0,2175.0,2128.0,2130.0,1887.2554931640625,740100.0,2103.15,2097.68,2091.733333333333,2087.78,65.23178807947019,2076.92,-1.680000000000291,8.525000000000091,0.0009398496240602,2180.0,2173.0,2163.0,2127.0,707800.0
2022-11-12,2170.0,2175.0,2128.0,2130.0,1887.2554931640625,740100.0,2106.15,2101.68,2091.653333333333,2089.495,65.23178807947019,2076.72,-1.5866666666665878,8.699999999999818,0.001410437235543,2180.0,2175.0,2130.0,2170.0,740100.0
2022-11-13,2170.0,2175.0,2128.0,2130.0,1887.2554931640625,740100.0,2109.4,2102.68,2091.1866666666665,2091.36,65.23178807947019,2076.52,-1.7200000000002549,8.930000000000291,0.0128388017118401,2180.0,2175.0,2130.0,2170.0,740100.0
2022-11-14,2108.0,2117.0,2053.0,2055.0,1820.802978515625,1417500.0,2108.0,2100.72,2090.0,2092.7,48.12680115273776,2074.82,-2.333333333333485,8.5649999999996,-0.0200286123032904,2180.0,2175.0,2130.0,2170.0,740100.0
2022-11-15,2046.0,2061.0,2028.0,2031.0,1799.5379638671875,840100.0,2104.95,2099.16,2088.693333333333,2093.92,21.23552123552124,2072.88,-3.5600000000004,7.894999999999982,-0.0451339915373766,2180.0,2117.0,2055.0,2108.0,1417500.0
2022-11-16,2045.0,2047.0,2030.0,2038.0,1805.7403564453125,676700.0,2102.1,2097.88,2087.92,2095.175,26.271186440677965,2070.64,-3.813333333333048,7.394999999999982,-0.0418429713211095,2180.0,2061.0,2031.0,2046.0,840100.0
2022-11-17,2038.0,2057.0,2035.0,2035.0,1803.082275390625,493200.0,2101.95,2096.48,2087.1066666666666,2096.415,25.941422594142267,2068.7,-4.546666666666624,6.920000000000073,-0.0432534085566526,2180.0,2047.0,2038.0,2045.0,676700.0
2022-11-18,2050.0,2067.0,2026.0,2037.0,1804.854248046875,843500.0,2101.9,2095.36,2086.32,2097.615,30.47619047619048,2067.2,-4.866666666666333,6.254999999999654,-0.0423131170662905,2180.0,2057.0,2035.0,2038.0,493200.0
2022-11-19,2050.0,2067.0,2026.0,2037.0,1804.854248046875,843500.0,2101.85,2093.52,2085.4933333333333,2098.815,30.47619047619048,2066.98,-4.506666666666661,6.1150000000002365,-0.0409604519774011,2180.0,2067.0,2037.0,2050.0,843500.0
2022-11-20,2050.0,2067.0,2026.0,2037.0,1804.854248046875,843500.0,2100.3,2091.32,2084.653333333333,2100.015,30.47619047619048,2066.76,-4.039999999999964,6.0949999999998,-0.0318441064638783,2180.0,2067.0,2037.0,2050.0,843500.0
2022-11-21,2050.0,2083.0,2050.0,2073.0,1836.75146484375,596200.0,2094.95,2090.44,2084.44,2101.395,42.55319148936171,2067.26,-3.480000000000018,6.2199999999998,-0.0313084112149533,2163.0,2067.0,2037.0,2050.0,843500.0
2022-11-22,2086.0,2114.0,2080.0,2101.0,1861.560546875,902000.0,2092.5,2092.96,2084.213333333333,2102.79,47.87644787644788,2069.8,-2.8933333333334303,6.375,-0.0182242990654205,2163.0,2083.0,2073.0,2050.0,596200.0
2022-11-23,2086.0,2114.0,2080.0,2101.0,1861.560546875,902000.0,2090.05,2095.48,2083.6266666666666,2104.185,44.89795918367347,2070.9,-2.693333333333612,6.570000000000164,-0.0182242990654205,2163.0,2114.0,2101.0,2086.0,902000.0
2022-11-24,2101.0,2134.0,2097.0,2119.0,1877.5091552734373,730800.0,2090.05,2098.72,2083.28,2105.67,40.26548672566371,2072.74,-2.21333333333314,6.855000000000018,-0.0098130841121495,2163.0,2114.0,2101.0,2086.0,902000.0
2022-11-25,2125.0,2159.0,2125.0,2134.0,1890.7996826171875,766400.0,2090.8,2101.36,2083.133333333333,2107.08,50.96153846153846,2075.3,-1.5199999999999818,7.065000000000055,0.0028195488721804,2163.0,2134.0,2119.0,2101.0,730800.0
2022-11-26,2125.0,2159.0,2125.0,2134.0,1890.7996826171875,766400.0,2091.55,2099.52,2083.213333333333,2108.6,50.96153846153846,2077.68,-1.2266666666669153,7.204999999999927,-0.0074418604651163,2163.0,2159.0,2134.0,2125.0,766400.0
2022-11-27,2125.0,2159.0,2125.0,2134.0,1890.7996826171875,766400.0,2092.85,2098.88,2083.306666666667,2110.125,50.96153846153846,2080.06,-0.9066666666662968,7.335000000000036,0.0009380863039398,2163.0,2159.0,2134.0,2125.0,766400.0
2022-11-28,2150.0,2168.0,2130.0,2159.0,1912.9505615234373,824400.0,2095.2,2099.24,2084.0533333333333,2110.2,82.9113924050633,2082.94,0.4266666666667333,6.014999999999873,0.0222537878787878,2163.0,2159.0,2134.0,2125.0,766400.0
2022-11-29,2150.0,2159.0,2114.0,2119.0,1877.5091552734373,774300.0,2094.85,2099.24,2084.346666666667,2110.22,75.28735632183908,2085.02,1.066666666666606,4.549999999999727,0.03466796875,2163.0,2168.0,2159.0,2150.0,824400.0
2022-11-30,2116.0,2135.0,2105.0,2118.0,1876.623046875,845600.0,2092.6,2099.2,2084.2266666666665,2110.235,73.80952380952381,2086.74,1.0933333333332484,3.1550000000002,0.0341796875,2159.0,2159.0,2119.0,2150.0,774300.0
2022-12-01,2112.0,2113.0,2090.0,2092.0,1853.5860595703125,835400.0,2090.7,2098.12,2083.76,2110.12,64.92146596858639,2088.18,0.546666666667079,1.5199999999999818,0.021484375,2159.0,2135.0,2118.0,2116.0,845600.0
2022-12-02,2080.0,2085.0,2052.0,2076.0,1839.4095458984373,788000.0,2088.0,2096.84,2083.08,2109.965,59.512195121951216,2089.66,-0.2266666666669152,-0.1599999999998544,0.0516717325227964,2159.0,2113.0,2092.0,2112.0,835400.0
2022-12-03,2080.0,2085.0,2052.0,2076.0,1839.4095458984373,788000.0,2085.3,2095.4,2082.4,2109.675,59.512195121951216,2090.44,-1.653333333333194,-0.5249999999996362,0.0146627565982404,2159.0,2085.0,2076.0,2080.0,788000.0
2022-12-04,2080.0,2085.0,2052.0,2076.0,1839.4095458984373,788000.0,2086.35,2093.4,2081.76,2109.325,59.512195121951216,2091.22,-2.586666666666588,-0.8949999999999818,0.0241736556487419,2159.0,2085.0,2076.0,2080.0,788000.0
2022-12-05,2072.0,2073.0,2042.0,2065.0,1829.6632080078125,637700.0,2088.05,2089.48,2081.24,2108.85,47.77777777777777,2091.78,-2.986666666666679,-1.3850000000002185,0.0294117647058822,2159.0,2085.0,2076.0,2080.0,788000.0
2022-12-06,2067.0,2085.0,2065.0,2085.0,1847.3839111328125,626700.0,2090.4,2087.68,2080.5066666666667,2108.64,45.34883720930232,2092.68,-3.2533333333335577,-1.4800000000000182,0.0347394540942929,2159.0,2073.0,2065.0,2072.0,637700.0
2022-12-07,2085.0,2108.0,2081.0,2102.0,1862.446533203125,575000.0,2093.75,2086.56,2080.0,2108.515,50.26455026455026,2094.12,-3.0799999999999272,-1.4500000000002728,0.0431761786600495,2159.0,2085.0,2085.0,2067.0,626700.0
2022-12-08,2095.0,2095.0,2055.0,2064.0,1828.7772216796875,625400.0,2095.1,2083.92,2078.9866666666667,2108.2,36.8421052631579,2093.3,-3.413333333333412,-1.4750000000003638,0.0243176178660049,2159.0,2108.0,2102.0,2085.0,575000.0
2022-12-09,2065.0,2099.0,2063.0,2075.0,1838.5235595703125,673500.0,2097.0,2084.72,2078.12,2108.17,35.609756097560975,2092.72,-3.640000000000328,-1.1549999999997451,0.0297766749379653,2159.0,2095.0,2064.0,2095.0,625400.0
2022-12-10,2065.0,2099.0,2063.0,2075.0,1838.5235595703125,673500.0,2098.9,2086.48,2077.4133333333334,2108.155,35.609756097560975,2092.82,-3.8266666666663696,-0.694999999999709,0.0211614173228347,2159.0,2099.0,2075.0,2065.0,673500.0
2022-12-11,2065.0,2099.0,2063.0,2075.0,1838.5235595703125,673500.0,2099.0,2087.96,2076.4133333333334,2108.01,35.609756097560975,2092.92,-4.093333333333248,-0.6299999999996544,0.0272277227722772,2159.0,2099.0,2075.0,2065.0,673500.0
2022-12-12,2078.0,2095.0,2077.0,2086.0,1848.2698974609373,589700.0,2098.25,2090.0,2075.8,2107.89,30.890052356020945,2093.24,-4.199999999999818,-0.625,0.0419580419580418,2159.0,2099.0,2075.0,2065.0,673500.0
2022-12-13,2089.0,2098.0,2075.0,2085.0,1847.3839111328125,622000.0,2097.45,2091.92,2075.44,2107.9,38.815789473684205,2093.64,-3.546666666666624,-0.2999999999997271,0.0235640648011781,2159.0,2095.0,2086.0,2078.0,589700.0
2022-12-14,2075.0,2100.0,2070.0,2092.0,1853.5860595703125,414200.0,2096.1,2094.12,2076.026666666666,2107.945,41.77215189873418,2093.82,-2.0933333333332484,-0.224999999999909,0.0270004909180165,2159.0,2098.0,2085.0,2089.0,622000.0
2022-12-15,2104.0,2121.0,2094.0,2120.0,1878.3953857421875,551200.0,2095.4,2097.44,2076.9866666666667,2108.13,58.75,2094.38,-0.4266666666667333,-0.0250000000000909,0.0407461953853707,2159.0,2100.0,2092.0,2075.0,414200.0
2022-12-16,2129.0,2132.0,2105.0,2105.0,1865.104736328125,830000.0,2093.95,2098.72,2077.7466666666664,2108.375,59.11949685534592,2094.58,1.3333333333330302,0.3649999999997817,0.0318627450980393,2159.0,2121.0,2120.0,2104.0,551200.0
2022-12-17,2129.0,2132.0,2105.0,2105.0,1865.104736328125,830000.0,2092.5,2098.88,2079.4933333333333,2108.72,59.11949685534592,2095.92,3.6933333333331575,0.8299999999999272,0.0369458128078816,2159.0,2132.0,2105.0,2129.0,830000.0
2022-12-18,2129.0,2132.0,2105.0,2105.0,1865.104736328125,830000.0,2089.8,2099.04,2080.28,2109.085,59.11949685534592,2097.26,4.8400000000001455,1.1849999999999454,0.0,2120.0,2132.0,2105.0,2129.0,830000.0
2022-12-19,2104.0,2108.0,2088.0,2088.0,1850.0421142578125,471900.0,2088.25,2097.8,2081.093333333333,2109.27,56.96969696969697,2098.26,5.066666666666606,1.324999999999818,-0.0076045627376425,2120.0,2132.0,2105.0,2129.0,830000.0
2022-12-20,2111.0,2134.0,2076.0,2105.0,1865.104736328125,901900.0,2087.6,2096.64,2082.4133333333334,2109.655,56.17283950617284,2099.0,5.426666666666733,1.525000000000091,0.0169082125603865,2120.0,2108.0,2088.0,2104.0,471900.0
2022-12-21,2099.0,2104.0,2078.0,2081.0,1843.83984375,603900.0,2087.05,2094.52,2083.293333333333,2109.92,43.78698224852071,2097.02,5.546666666667079,1.5450000000000728,0.0053140096618358,2120.0,2134.0,2105.0,2111.0,901900.0
2022-12-22,2075.0,2102.0,2068.0,2098.0,1858.9024658203125,505400.0,2088.15,2093.08,2084.4,2110.27,61.48648648648648,2095.98,4.906666666666752,1.550000000000182,0.0135265700483091,2120.0,2104.0,2081.0,2099.0,603900.0
2022-12-23,2101.0,2139.0,2098.0,2118.0,1876.623046875,1020900.0,2090.25,2091.44,2085.773333333333,2110.685,63.69426751592357,2095.34,5.493333333333339,1.599999999999909,0.0256658595641645,2120.0,2102.0,2098.0,2075.0,505400.0
2022-12-24,2101.0,2139.0,2098.0,2118.0,1876.623046875,1020900.0,2092.35,2091.4,2087.1466666666665,2110.25,63.69426751592357,2095.32,6.053333333333285,0.9800000000000182,0.0168026884301488,2120.0,2139.0,2118.0,2101.0,1020900.0
2022-12-25,2101.0,2139.0,2098.0,2118.0,1876.623046875,1020900.0,2095.0,2091.4,2088.293333333333,2109.69,63.69426751592357,2095.3,5.880000000000109,0.0349999999998544,0.0124282982791585,2120.0,2139.0,2118.0,2101.0,1020900.0
2022-12-26,2129.0,2137.0,2100.0,2106.0,1865.99072265625,508600.0,2096.05,2091.96,2089.44,2109.325,56.32911392405063,2095.04,6.146666666666533,-0.5950000000002547,0.0052505966587113,2120.0,2139.0,2118.0,2101.0,1020900.0
2022-12-27,2110.0,2116.0,2084.0,2087.0,1849.156005859375,525700.0,2095.3,2092.4,2090.5733333333333,2108.92,50.56818181818182,2094.62,6.173333333333176,-1.349999999999909,0.0240431795878313,2120.0,2137.0,2106.0,2129.0,508600.0
2022-12-28,2091.0,2116.0,2077.0,2116.0,1874.8509521484373,514600.0,2097.9,2094.0,2091.6266666666666,2108.66,56.06060606060606,2094.7,5.853333333333012,-2.025000000000091,0.0382728164867516,2120.0,2116.0,2087.0,2110.0,525700.0
2022-12-29,2090.0,2111.0,2086.0,2098.0,1858.9024658203125,540400.0,2099.05,2094.88,2092.44,2108.31,44.14893617021277,2094.14,5.293333333333521,-1.9400000000000543,0.029440628066732,2120.0,2116.0,2116.0,2091.0,514600.0
2022-12-30,2094.0,2104.0,2088.0,2096.0,1857.13037109375,296400.0,2100.1,2096.12,2093.2266666666665,2108.07,47.42857142857144,2092.8,4.933333333332939,-1.6199999999998909,0.0135396518375241,2120.0,2111.0,2098.0,2090.0,540400.0
2022-12-31,2094.0,2104.0,2088.0,2096.0,1857.13037109375,296400.0,2101.15,2096.56,2093.9733333333334,2107.97,47.42857142857144,2092.12,4.533333333333303,-1.3550000000000182,-0.038532110091743,2120.0,2104.0,2096.0,2094.0,296400.0
2023-01-01,2094.0,2104.0,2088.0,2096.0,1857.13037109375,296400.0,2101.65,2096.32,2094.853333333333,2108.155,47.42857142857144,2091.44,4.2800000000002,-0.7649999999998727,-0.0251162790697674,2120.0,2104.0,2096.0,2094.0,296400.0
2023-01-02,2094.0,2104.0,2088.0,2096.0,1857.13037109375,296400.0,2102.2,2097.6,2094.733333333333,2108.195,52.531645569620245,2090.76,3.1066666666665697,-0.4649999999996907,-0.0251162790697674,2120.0,2104.0,2096.0,2094.0,296400.0
2023-01-03,2094.0,2104.0,2088.0,2096.0,1857.13037109375,296400.0,2102.4,2098.44,2094.6266666666666,2108.335,46.80851063829788,2091.58,2.186666666666497,0.0250000000000909,-0.0108541764983483,2120.0,2104.0,2096.0,2094.0,296400.0
2023-01-04,2090.0,2094.0,2031.0,2031.0,1799.5379638671875,1062400.0,2097.95,2096.68,2094.1066666666666,2108.15,36.26373626373626,2091.58,0.8800000000001091,0.0799999999999272,-0.0415290231241151,2118.0,2104.0,2096.0,2094.0,296400.0
2023-01-05,2038.0,2045.0,2020.0,2023.0,1792.4498291015625,684400.0,2093.85,2094.6,2093.48,2107.925,28.32369942196532,2091.28,-0.4933333333333394,-0.044999999999618,-0.045304388862671,2118.0,2094.0,2031.0,2090.0,1062400.0
2023-01-06,2013.0,2017.0,1992.0,2008.0,1779.1593017578125,584200.0,2089.0,2091.48,2092.653333333333,2107.89,17.26190476190476,2090.74,-2.200000000000273,-0.2650000000003274,-0.047438330170778,2118.0,2045.0,2023.0,2038.0,684400.0
2023-01-07,2013.0,2017.0,1992.0,2008.0,1779.1593017578125,584200.0,2084.15,2088.4,2091.893333333333,2107.745,17.26190476190476,2090.16,-2.8399999999996908,-0.4500000000002728,-0.0492424242424242,2118.0,2017.0,2008.0,2013.0,584200.0
2023-01-08,2013.0,2017.0,1992.0,2008.0,1779.1593017578125,584200.0,2080.15,2085.04,2090.893333333333,2107.705,17.26190476190476,2089.58,-3.733333333333121,-0.6300000000001091,-0.0555032925682031,2118.0,2017.0,2008.0,2013.0,584200.0
2023-01-09,2013.0,2017.0,1992.0,2008.0,1779.1593017578125,584200.0,2075.3,2080.56,2089.773333333333,2107.545,18.58974358974359,2089.0,-4.33333333333303,-0.6050000000000182,-0.0716597318539066,2118.0,2017.0,2008.0,2013.0,584200.0
2023-01-10,2015.0,2020.0,1990.0,1990.0,1763.210693359375,717500.0,2070.75,2075.96,2088.373333333333,2107.4,18.709677419354847,2087.34,-5.10666666666657,-0.525000000000091,-0.0657276995305163,2118.0,2017.0,2008.0,2013.0,584200.0
2023-01-11,2000.0,2036.0,1998.0,2028.0,1796.8798828125,702100.0,2067.25,2072.88,2088.24,2107.445,23.17073170731708,2085.88,-4.413333333333412,-0.4449999999997089,-0.047887323943662,2118.0,2020.0,1990.0,2015.0,717500.0
2023-01-12,2026.0,2026.0,1997.0,2001.0,1772.9569091796875,766600.0,2061.4,2068.72,2087.7466666666664,2107.355,21.965317919075147,2083.88,-4.146666666666988,-0.3899999999998726,-0.0605633802816901,2118.0,2036.0,2028.0,2000.0,702100.0
2023-01-13,1995.0,2021.0,1992.0,2005.0,1776.5010986328125,704900.0,2055.75,2065.4,2087.306666666667,2107.08,24.0,2081.6,-3.586666666666588,-0.625,-0.0243309002433089,2118.0,2026.0,2001.0,2026.0,766600.0
2023-01-14,1995.0,2021.0,1992.0,2005.0,1776.5010986328125,704900.0,2050.1,2061.4,2086.4666666666667,2106.325,24.0,2079.02,-3.3066666666668425,-1.2200000000002549,-0.0128015755785327,2116.0,2021.0,2005.0,1995.0,704900.0
2023-01-15,1995.0,2021.0,1992.0,2005.0,1776.5010986328125,704900.0,2045.05,2058.36,2084.133333333333,2105.225,24.0,2076.44,-4.2400000000002365,-2.175000000000182,-0.0161923454367026,2116.0,2021.0,2005.0,1995.0,704900.0
2023-01-16,1998.0,2016.0,1997.0,2002.0,1773.843017578125,507200.0,2040.8,2054.52,2082.16,2104.015,23.595505617977523,2073.8,-6.079999999999927,-3.430000000000291,-0.0162162162162161,2116.0,2021.0,2005.0,1995.0,704900.0
2023-01-17,2002.0,2019.0,2002.0,2009.0,1780.045166015625,462300.0,2035.45,2050.16,2080.28,2102.94,26.486486486486484,2070.8,-7.466666666666242,-4.414999999999964,-0.0137457044673539,2098.0,2016.0,2002.0,1998.0,507200.0
2023-01-18,2004.0,2036.0,2001.0,2023.0,1792.4498291015625,701400.0,2031.7,2046.36,2079.0,2101.935,47.01492537313433,2068.88,-8.306666666666843,-5.144999999999982,-0.0068728522336769,2096.0,2019.0,2009.0,2002.0,462300.0
2023-01-19,2018.0,2027.0,2007.0,2008.0,1779.1593017578125,362400.0,2027.3,2041.96,2077.52,2100.855,44.680851063829785,2066.68,-8.946666666666715,-5.4699999999998,-0.0142366224840451,2096.0,2036.0,2023.0,2004.0,701400.0
2023-01-20,2014.0,2037.0,2006.0,2035.0,1803.082275390625,552400.0,2024.25,2039.12,2076.4,2099.64,58.82352941176471,2065.54,-7.733333333333121,-5.585000000000036,-0.0183309213699951,2096.0,2027.0,2008.0,2018.0,362400.0
2023-01-21,2014.0,2037.0,2006.0,2035.0,1803.082275390625,552400.0,2021.2,2037.04,2075.4266666666667,2098.39,58.82352941176471,2064.72,-6.733333333333121,-5.625,-0.031413612565445,2096.0,2037.0,2035.0,2014.0,552400.0
2023-01-22,2014.0,2037.0,2006.0,2035.0,1803.082275390625,552400.0,2018.15,2033.8,2074.4,2097.505,58.82352941176471,2063.9,-5.880000000000109,-5.434999999999945,-0.031413612565445,2096.0,2037.0,2035.0,2014.0,552400.0
2023-01-23,2052.0,2058.0,2040.0,2042.0,1809.284423828125,601400.0,2015.45,2031.56,2073.28,2096.47,60.625,2063.22,-5.7199999999998,-5.4650000000001455,-0.0363378952336007,2042.0,2037.0,2035.0,2014.0,552400.0
2023-01-24,2050.0,2055.0,2036.0,2049.0,1815.4866943359373,895500.0,2016.35,2029.68,2071.76,2095.45,69.79865771812081,2062.9,-5.759999999999764,-5.4050000000002,-0.0398313027179006,2049.0,2058.0,2042.0,2052.0,601400.0
2023-01-25,2050.0,2077.0,2045.0,2066.0,1830.54931640625,803600.0,2018.5,2028.48,2070.9066666666668,2094.515,64.84375,2062.52,-5.493333333333339,-5.125,-0.0318650421743205,2066.0,2055.0,2049.0,2050.0,895500.0
2023-01-26,2063.0,2068.0,2052.0,2067.0,1831.435302734375,673700.0,2021.45,2027.32,2070.0666666666666,2093.585,82.35294117647058,2061.82,-5.360000000000127,-4.804999999999836,-0.0313964386129335,2067.0,2077.0,2066.0,2050.0,803600.0
2023-01-27,2060.0,2075.0,2048.0,2068.0,1832.3214111328125,1012900.0,2024.45,2026.2,2069.24,2092.53,81.81818181818181,2061.9,-5.160000000000309,-4.974999999999909,-0.0421491431218156,2068.0,2068.0,2067.0,2063.0,673700.0
2023-01-28,2060.0,2075.0,2048.0,2068.0,1832.3214111328125,1012900.0,2027.45,2025.08,2069.4133333333334,2091.43,81.81818181818181,2061.76,-3.866666666666788,-5.039999999999964,-0.0240679565832939,2068.0,2075.0,2068.0,2060.0,1012900.0
2023-01-29,2060.0,2075.0,2048.0,2068.0,1832.3214111328125,1012900.0,2030.45,2026.56,2069.9066666666668,2090.275,81.81818181818181,2061.62,-1.8533333333334667,-5.174999999999727,-0.0236071765816808,2068.0,2075.0,2068.0,2060.0,1012900.0
2023-01-30,2061.0,2073.0,2054.0,2058.0,1823.4610595703125,1011400.0,2033.85,2027.96,2070.173333333333,2089.15,76.41509433962264,2061.28,-0.7333333333335759,-5.364999999999782,-0.0162523900573613,2068.0,2075.0,2068.0,2060.0,1012900.0
2023-01-31,2065.0,2097.0,2048.0,2094.0,1855.3582763671875,3382200.0,2037.15,2031.4,2070.96,2088.145,81.48148148148148,2061.44,0.8933333333334303,-5.440000000000055,0.0086705202312138,2094.0,2073.0,2058.0,2061.0,1011400.0
2023-02-01,2096.0,2113.0,2062.0,2106.0,1865.99072265625,1931000.0,2042.4,2035.32,2071.88,2087.2,81.203007518797,2061.86,2.6400000000003274,-5.330000000000382,0.0144508670520231,2106.0,2097.0,2094.0,2065.0,3382200.0
2023-02-02,2097.0,2180.0,2084.0,2174.0,1926.240966796875,1891600.0,2050.85,2041.96,2073.7066666666665,2086.595,94.6236559139785,2063.5,4.2933333333330665,-4.835000000000036,0.0472061657032756,2174.0,2113.0,2106.0,2096.0,1931000.0
2023-02-03,2153.0,2173.0,2115.0,2127.0,1884.59765625,1036100.0,2056.95,2046.72,2074.9066666666668,2085.755,72.33009708737865,2063.64,5.0,-4.519999999999982,0.0300242130750605,2174.0,2180.0,2174.0,2097.0,1891600.0
2023-02-04,2153.0,2173.0,2115.0,2127.0,1884.59765625,1036100.0,2063.05,2052.2,2075.6266666666666,2085.105,72.33009708737865,2064.08,5.453333333333376,-4.045000000000073,0.0201438848920862,2174.0,2173.0,2127.0,2153.0,1036100.0
2023-02-05,2153.0,2173.0,2115.0,2127.0,1884.59765625,1036100.0,2069.3,2056.16,2075.9733333333334,2084.46,72.33009708737865,2064.52,5.013333333333321,-3.6849999999999454,0.0118934348239772,2174.0,2173.0,2127.0,2153.0,1036100.0
2023-02-06,2127.0,2153.0,2126.0,2145.0,1900.546142578125,685700.0,2076.1,2061.92,2076.56,2084.02,73.73271889400922,2065.32,4.679999999999836,-3.1799999999998363,0.0392441860465115,2174.0,2173.0,2127.0,2153.0,1036100.0
2023-02-07,2156.0,2172.0,2134.0,2137.0,1893.4576416015625,647800.0,2081.8,2067.2,2076.8,2083.71,70.18348623853211,2066.3,3.093333333333703,-2.8849999999997635,0.029879518072289,2174.0,2153.0,2145.0,2127.0,685700.0
2023-02-08,2133.0,2146.0,2123.0,2130.0,1887.2554931640625,620700.0,2087.9,2072.2,2076.7466666666664,2083.365,65.38461538461539,2066.8,1.8399999999996908,-2.3900000000003274,0.0265060240963854,2174.0,2172.0,2137.0,2156.0,647800.0
2023-02-09,2114.0,2122.0,2105.0,2110.0,1869.53466796875,485400.0,2091.65,2076.4,2076.4266666666667,2082.92,59.47136563876652,2067.38,0.8000000000001819,-2.184999999999945,0.0168674698795181,2174.0,2146.0,2130.0,2133.0,620700.0
2023-02-10,2102.0,2121.0,2097.0,2109.0,1868.64892578125,594100.0,2095.35,2080.68,2076.093333333333,2082.305,59.03083700440528,2067.6,0.1199999999998908,-2.1550000000002,0.0110258868648129,2174.0,2122.0,2110.0,2114.0,485400.0
2023-02-11,2102.0,2121.0,2097.0,2109.0,1868.64892578125,594100.0,2099.05,2084.68,2075.4266666666667,2081.665,59.03083700440528,2067.42,-1.133333333333212,-2.355000000000018,0.0115107913669065,2174.0,2121.0,2109.0,2102.0,594100.0
2023-02-12,2102.0,2121.0,2097.0,2109.0,1868.64892578125,594100.0,2102.4,2088.12,2075.293333333333,2081.17,59.03083700440528,2067.24,-1.5066666666666606,-2.539999999999964,0.0081261950286806,2174.0,2121.0,2109.0,2102.0,594100.0
2023-02-13,2128.0,2128.0,2109.0,2118.0,1876.623046875,577000.0,2105.85,2092.52,2075.293333333333,2080.455,63.27433628318584,2067.24,-1.453333333332921,-2.9099999999998545,-0.0009433962264151,2174.0,2121.0,2109.0,2102.0,594100.0
2023-02-14,2127.0,2149.0,2122.0,2149.0,1904.090087890625,724500.0,2110.0,2097.08,2076.0533333333333,2079.99,62.44343891402716,2068.1,-0.3733333333334485,-2.930000000000291,0.0209026128266032,2174.0,2128.0,2118.0,2128.0,577000.0
2023-02-15,2148.0,2150.0,2137.0,2146.0,1901.43212890625,493500.0,2113.95,2101.52,2076.9866666666667,2079.51,59.43396226415094,2069.28,0.8933333333334303,-2.794999999999618,0.0194774346793349,2174.0,2149.0,2149.0,2127.0,724500.0
2023-02-16,2147.0,2158.0,2141.0,2151.0,1905.8623046875,523900.0,2118.1,2106.16,2077.9866666666667,2079.055,42.28187919463088,2069.98,2.559999999999945,-2.610000000000128,0.0218527315914489,2174.0,2150.0,2146.0,2148.0,493500.0
2023-02-17,2140.0,2143.0,2112.0,2127.0,1884.59765625,918900.0,2121.05,2109.56,2078.6666666666665,2079.34,50.0,2070.56,3.373333333332994,-1.8299999999999272,0.0186781609195403,2174.0,2158.0,2151.0,2147.0,523900.0
2023-02-18,2140.0,2143.0,2112.0,2127.0,1884.59765625,918900.0,2124.0,2112.68,2079.4933333333333,2079.765,50.0,2071.18,4.199999999999818,-0.6900000000000546,0.0104513064133016,2174.0,2143.0,2127.0,2140.0,918900.0
2023-02-19,2140.0,2143.0,2112.0,2127.0,1884.59765625,918900.0,2127.45,2115.12,2080.0533333333333,2080.25,50.0,2071.8,4.0,0.2600000000002183,0.0221047573282076,2174.0,2143.0,2127.0,2140.0,918900.0
2023-02-20,2145.0,2170.0,2130.0,2154.0,1908.5205078125,922800.0,2130.45,2118.6,2080.7466666666664,2081.31,53.33333333333334,2072.96,3.759999999999764,1.7999999999997272,0.0266920877025738,2174.0,2143.0,2127.0,2140.0,918900.0
2023-02-21,2155.0,2174.0,2151.0,2171.0,1923.5830078125,787800.0,2133.7,2122.72,2082.173333333333,2082.405,61.80555555555556,2074.46,4.186666666666497,3.350000000000364,0.0250236071765816,2174.0,2170.0,2154.0,2145.0,922800.0
2023-02-22,2168.0,2174.0,2130.0,2144.0,1899.6600341796875,906300.0,2132.2,2125.76,2083.093333333333,2083.365,54.26829268292683,2075.42,4.426666666666733,4.024999999999636,0.0122757318224739,2171.0,2174.0,2171.0,2155.0,787800.0
2023-02-23,2168.0,2174.0,2130.0,2144.0,1899.6600341796875,906300.0,2133.05,2128.8,2084.0133333333333,2084.325,61.80555555555556,2077.68,4.519999999999982,4.559999999999945,0.0122757318224739,2171.0,2174.0,2144.0,2168.0,906300.0
2023-02-24,2150.0,2156.0,2135.0,2155.0,1909.4061279296875,682500.0,2134.45,2132.68,2085.08,2085.23,64.93506493506493,2080.32,5.026666666666642,4.980000000000018,0.0232668566001899,2171.0,2174.0,2144.0,2168.0,906300.0
2023-02-25,2150.0,2156.0,2135.0,2155.0,1909.4061279296875,682500.0,2135.85,2135.12,2086.0,2086.1,64.93506493506493,2083.26,5.253333333333558,4.789999999999964,0.0325826545280307,2171.0,2156.0,2155.0,2150.0,682500.0
2023-02-26,2150.0,2156.0,2135.0,2155.0,1909.4061279296875,682500.0,2136.35,2137.08,2086.9333333333334,2086.91,64.93506493506493,2086.2,4.760000000000218,4.504999999999654,0.018431001890359,2171.0,2156.0,2155.0,2150.0,682500.0
2023-02-27,2157.0,2230.0,2146.0,2223.0,1969.6568603515625,1564400.0,2140.65,2139.04,2088.68,2088.06,74.64788732394366,2090.5,5.586666666666588,4.695000000000164,0.059580552907531,2223.0,2156.0,2155.0,2150.0,682500.0
2023-02-28,2217.0,2230.0,2174.0,2174.0,1926.240966796875,1693800.0,2142.85,2140.92,2089.4,2088.89,55.41125541125541,2093.82,5.38666666666677,4.565000000000055,0.0372137404580152,2223.0,2230.0,2223.0,2157.0,1564400.0
2023-03-01,2157.0,2189.0,2155.0,2185.0,1935.9874267578125,892600.0,2146.6,2143.24,2090.4666666666667,2089.775,58.15899581589957,2097.72,5.38666666666677,4.545000000000073,0.0424618320610687,2223.0,2230.0,2174.0,2217.0,1693800.0
2023-03-02,2190.0,2192.0,2151.0,2155.0,1909.4061279296875,757200.0,2148.9,2144.36,2091.133333333333,2090.51,50.75757575757576,2100.26,5.133333333333212,4.410000000000309,0.028148854961832,2223.0,2189.0,2185.0,2157.0,892600.0
2023-03-03,2161.0,2169.0,2155.0,2158.0,1912.064453125,681100.0,2151.35,2144.88,2091.84,2091.31,56.37860082304528,2103.4,4.906666666666752,4.400000000000091,0.0295801526717556,2223.0,2192.0,2155.0,2190.0,757200.0
2023-03-04,2161.0,2169.0,2155.0,2158.0,1912.064453125,681100.0,2153.8,2145.72,2092.773333333333,2092.035,56.37860082304528,2106.46,4.093333333333703,3.974999999999909,0.0295801526717556,2223.0,2169.0,2158.0,2161.0,681100.0
2023-03-05,2161.0,2169.0,2155.0,2158.0,1912.064453125,681100.0,2155.8,2146.84,2093.48,2092.585,56.37860082304528,2109.52,4.079999999999927,3.695000000000164,0.0625307730182176,2223.0,2169.0,2158.0,2161.0,681100.0
2023-03-06,2170.0,2182.0,2161.0,2166.0,1919.15283203125,614600.0,2156.65,2149.08,2094.613333333333,2093.175,52.67857142857143,2112.74,4.146666666666533,3.400000000000091,0.0706870983687593,2223.0,2169.0,2158.0,2161.0,681100.0
2023-03-07,2172.0,2186.0,2169.0,2185.0,1935.9874267578125,525400.0,2158.6,2152.12,2095.773333333333,2093.79,53.09734513274336,2116.4,4.640000000000327,3.2799999999997453,0.0881474103585657,2223.0,2182.0,2166.0,2170.0,614600.0
2023-03-08,2190.0,2220.0,2188.0,2219.0,1966.112548828125,717300.0,2162.0,2156.52,2097.12,2094.575,66.09442060085837,2120.6,5.279999999999745,3.2649999999998727,0.1050796812749004,2223.0,2186.0,2185.0,2172.0,525400.0
2023-03-09,2220.0,2257.0,2211.0,2242.0,1986.4918212890625,1006300.0,2167.75,2161.84,2098.773333333333,2095.475,69.140625,2124.98,6.0,3.4400000000000546,0.1165338645418325,2242.0,2220.0,2219.0,2190.0,717300.0
2023-03-10,2220.0,2243.0,2215.0,2220.0,1966.9989013671875,874800.0,2172.4,2165.92,2100.133333333333,2096.205,62.17228464419476,2129.22,6.653333333333194,3.619999999999891,0.1055776892430278,2242.0,2257.0,2242.0,2220.0,1006300.0
2023-03-11,2220.0,2243.0,2215.0,2220.0,1966.9989013671875,874800.0,2177.05,2168.76,2101.653333333333,2096.91,62.17228464419476,2132.92,7.039999999999964,3.7349999999996726,0.1155778894472361,2242.0,2243.0,2220.0,2220.0,874800.0
2023-03-12,2220.0,2243.0,2215.0,2220.0,1966.9989013671875,874800.0,2180.35,2171.72,2103.4266666666667,2097.405,62.17228464419476,2136.62,7.653333333333194,3.615000000000237,0.0946745562130177,2242.0,2243.0,2220.0,2220.0,874800.0
2023-03-13,2191.0,2193.0,2152.0,2167.0,1920.038818359375,1160000.0,2180.15,2172.36,2104.1066666666666,2097.555,38.888888888888886,2139.26,6.986666666666679,2.980000000000018,0.0829585207396301,2242.0,2243.0,2220.0,2220.0,874800.0
2023-03-14,2140.0,2144.0,2085.0,2097.0,1858.016357421875,1285300.0,2177.8,2171.16,2104.093333333333,2097.195,35.8974358974359,2140.36,5.319999999999709,1.7200000000002549,0.0458852867830423,2242.0,2193.0,2167.0,2191.0,1160000.0
2023-03-15,2124.0,2152.0,2116.0,2141.0,1897.001953125,692900.0,2177.65,2171.72,2104.693333333333,2097.055,42.81045751633987,2142.2,4.559999999999945,0.849999999999909,0.0678304239401497,2242.0,2144.0,2097.0,2140.0,1285300.0
2023-03-16,2096.0,2120.0,2072.0,2111.0,1870.4208984375,747300.0,2175.45,2171.08,2104.893333333333,2096.765,42.81045751633987,2143.1,3.2400000000002365,-0.1449999999999818,0.05286783042394,2242.0,2152.0,2141.0,2124.0,692900.0
2023-03-17,2132.0,2133.0,2095.0,2115.0,1873.9649658203125,1386700.0,2173.45,2169.52,2105.1466666666665,2096.66,42.99674267100978,2144.06,1.7199999999998,-0.7450000000003456,0.0564435564435563,2242.0,2120.0,2111.0,2096.0,747300.0
2023-03-18,2132.0,2133.0,2095.0,2115.0,1873.9649658203125,1386700.0,2171.45,2167.28,2105.4,2096.41,42.99674267100978,2145.0,1.2933333333335213,-1.1449999999999818,0.0527625684420109,2242.0,2133.0,2115.0,2132.0,1386700.0
2023-03-19,2132.0,2133.0,2095.0,2115.0,1873.9649658203125,1386700.0,2166.05,2166.12,2105.653333333333,2096.265,42.99674267100978,2145.94,1.5599999999999454,-0.930000000000291,0.0454770143351457,2242.0,2133.0,2115.0,2132.0,1386700.0
2023-03-20,2100.0,2113.0,2085.0,2087.0,1849.156005859375,709700.0,2161.7,2163.84,2106.4,2096.055,37.92048929663609,2146.32,1.7066666666669337,-1.0,0.0393426294820717,2242.0,2133.0,2115.0,2132.0,1386700.0
2023-03-21,2100.0,2113.0,2085.0,2087.0,1849.156005859375,709700.0,2156.8,2161.12,2107.2533333333336,2096.01,34.09090909090909,2146.9,2.360000000000128,-0.7549999999996544,0.0255528255528254,2242.0,2113.0,2087.0,2100.0,709700.0
2023-03-22,2120.0,2127.0,2087.0,2089.0,1850.927978515625,991200.0,2153.5,2158.48,2108.333333333333,2095.975,26.449275362318843,2146.8,3.186666666666952,-0.6849999999999454,0.0265356265356264,2242.0,2113.0,2087.0,2100.0,709700.0
2023-03-23,2090.0,2112.0,2078.0,2109.0,1868.64892578125,691100.0,2151.05,2156.64,2109.68,2096.04,25.641025641025635,2146.86,4.279999999999745,-0.3699999999998908,0.0363636363636363,2242.0,2127.0,2089.0,2120.0,991200.0
2023-03-24,2090.0,2096.0,2080.0,2094.0,1855.3582763671875,696700.0,2147.85,2151.48,2110.826666666667,2096.015,26.31578947368422,2145.26,5.17333333333363,-0.25,0.0254652301665034,2242.0,2112.0,2109.0,2090.0,691100.0
2023-03-25,2090.0,2096.0,2080.0,2094.0,1855.3582763671875,696700.0,2144.65,2148.28,2111.9733333333334,2095.985,26.31578947368422,2144.6,5.573333333333267,-0.0699999999997089,0.0219619326500732,2242.0,2096.0,2094.0,2090.0,696700.0
2023-03-26,2090.0,2096.0,2080.0,2094.0,1855.3582763671875,696700.0,2141.05,2144.64,2113.36,2096.01,26.31578947368422,2143.94,6.10666666666657,0.0,0.0135527589545014,2242.0,2096.0,2094.0,2090.0,696700.0
2023-03-27,2114.0,2117.0,2096.0,2111.0,1870.4208984375,529100.0,2137.35,2142.88,2114.4666666666667,2095.975,37.826086956521735,2143.62,6.133333333333212,0.0,0.0212868892114175,2242.0,2096.0,2094.0,2090.0,696700.0
2023-03-28,2123.0,2127.0,2102.0,2120.0,1878.3953857421875,773800.0,2132.4,2141.36,2116.0533333333333,2095.85,56.80473372781065,2143.12,6.3733333333334485,-0.1900000000000545,0.0251450676982591,2242.0,2117.0,2111.0,2114.0,529100.0
2023-03-29,2130.0,2137.0,2116.0,2137.0,1893.4576416015625,634300.0,2127.15,2140.52,2117.813333333333,2095.81,48.59154929577465,2143.12,6.986666666666679,-0.2049999999999272,0.0333655705996132,2220.0,2127.0,2120.0,2123.0,773800.0
2023-03-30,2095.0,2125.0,2084.0,2117.0,1920.675537109375,900700.0,2122.0,2138.88,2119.306666666667,2095.67,52.27272727272727,2142.86,7.333333333333485,-0.3150000000000545,0.0236943907156672,2220.0,2137.0,2137.0,2130.0,634300.0
2023-03-31,2133.0,2150.0,2122.0,2131.0,1933.3773193359373,730700.0,2117.55,2137.48,2120.9866666666667,2095.685,55.63380281690141,2143.28,7.626666666666551,-0.3250000000002728,0.0354713313896988,2220.0,2125.0,2117.0,2095.0,900700.0
2023-04-01,2133.0,2150.0,2122.0,2131.0,1933.3773193359373,730700.0,2113.1,2135.32,2122.7066666666665,2095.705,55.63380281690141,2143.72,8.239999999999782,-0.2699999999999818,0.0176695319961794,2167.0,2150.0,2131.0,2133.0,730700.0
2023-04-02,2133.0,2150.0,2122.0,2131.0,1933.3773193359373,730700.0,2111.3,2131.8,2124.333333333333,2095.845,55.63380281690141,2144.16,8.2800000000002,-0.0050000000001091,0.0118708452041784,2141.0,2150.0,2131.0,2133.0,730700.0
2023-04-03,2148.0,2166.0,2133.0,2155.0,1955.1513671875,737800.0,2114.2,2128.32,2126.093333333333,2096.135,74.63768115942028,2145.08,8.279999999999745,0.3250000000002728,-0.0087396504139833,2155.0,2150.0,2131.0,2133.0,730700.0
2023-04-04,2152.0,2187.0,2151.0,2176.0,1974.2042236328125,759100.0,2115.95,2126.56,2128.333333333333,2096.38,77.9874213836478,2146.24,9.026666666666642,0.7100000000000364,0.0230371415138692,2176.0,2166.0,2155.0,2148.0,737800.0
2023-04-05,2167.0,2169.0,2134.0,2135.0,1937.00634765625,645700.0,2117.15,2123.16,2129.6666666666665,2096.42,61.61616161616161,2145.96,8.679999999999836,0.7350000000001273,0.003761165961448,2176.0,2187.0,2176.0,2152.0,759100.0
2023-04-06,2145.0,2166.0,2137.0,2141.0,1942.449951171875,761300.0,2118.45,2120.0,2131.08,2096.49,58.69565217391305,2145.86,8.373333333333449,0.7849999999998545,0.006582040432534,2176.0,2169.0,2135.0,2167.0,645700.0
2023-04-07,2140.0,2140.0,2117.0,2125.0,1927.9337158203125,585700.0,2118.95,2118.32,2132.28,2096.48,58.37837837837838,2145.34,7.946666666666715,0.6350000000002183,-0.0093240093240093,2176.0,2166.0,2141.0,2145.0,761300.0
2023-04-08,2140.0,2140.0,2117.0,2125.0,1927.9337158203125,585700.0,2119.45,2119.44,2133.3866666666668,2096.485,58.37837837837838,2145.3,7.293333333333521,0.349999999999909,-0.0056153486195601,2176.0,2140.0,2125.0,2140.0,585700.0
2023-04-09,2140.0,2140.0,2117.0,2125.0,1927.9337158203125,585700.0,2121.35,2118.8,2134.4,2096.59,58.37837837837838,2145.26,6.066666666666606,0.2100000000000363,-0.0023474178403756,2176.0,2140.0,2125.0,2140.0,585700.0
2023-04-10,2138.0,2145.0,2124.0,2130.0,1932.469970703125,436000.0,2123.5,2119.56,2135.2533333333336,2096.54,55.49132947976879,2145.32,5.586666666667043,0.1199999999998908,0.009478672985782,2176.0,2140.0,2125.0,2140.0,585700.0
2023-04-11,2133.0,2149.0,2132.0,2142.0,1943.3572998046875,493000.0,2126.15,2120.64,2136.2533333333336,2096.55,56.25,2145.08,5.17333333333363,0.0600000000004001,0.0156472261735418,2176.0,2145.0,2130.0,2138.0,436000.0
2023-04-12,2145.0,2155.0,2139.0,2146.0,1946.986328125,373700.0,2128.0,2121.88,2137.293333333333,2096.58,52.76073619631902,2144.58,5.013333333333321,0.099999999999909,0.0175438596491228,2176.0,2149.0,2142.0,2133.0,493000.0
2023-04-13,2149.0,2155.0,2140.0,2148.0,1948.80078125,491600.0,2130.7,2123.2,2138.36,2096.62,60.6896551724138,2144.66,4.973333333333358,0.1349999999997635,0.0184921763869132,2176.0,2155.0,2146.0,2145.0,373700.0
2023-04-14,2150.0,2159.0,2142.0,2151.0,1951.5225830078125,408100.0,2133.55,2125.76,2139.4666666666667,2096.735,57.46268656716418,2144.8,5.066666666666606,0.1449999999999818,0.0155807365439093,2176.0,2155.0,2148.0,2149.0,491600.0
2023-04-15,2150.0,2159.0,2142.0,2151.0,1951.5225830078125,408100.0,2136.4,2128.32,2140.7066666666665,2096.74,57.46268656716418,2144.72,5.453333333332921,0.1999999999998181,0.0009306654257794,2176.0,2159.0,2151.0,2150.0,408100.0
2023-04-16,2150.0,2159.0,2142.0,2151.0,1951.5225830078125,408100.0,2138.4,2130.8,2141.4666666666667,2096.835,57.46268656716418,2144.64,5.213333333333139,0.2849999999998545,0.0023299161230194,2176.0,2159.0,2151.0,2150.0,408100.0
2023-04-17,2156.0,2160.0,2136.0,2159.0,1958.7806396484373,600700.0,2140.35,2132.8,2142.173333333333,2097.07,51.694915254237294,2144.72,4.879999999999654,0.4900000000002364,0.0037192003719199,2176.0,2159.0,2151.0,2150.0,408100.0
2023-04-18,2158.0,2164.0,2146.0,2164.0,1963.31689453125,613400.0,2141.7,2135.6,2142.04,2097.65,44.117647058823536,2143.54,3.679999999999836,1.0300000000002,0.0173953925716972,2176.0,2160.0,2159.0,2156.0,600700.0
2023-04-19,2165.0,2170.0,2155.0,2165.0,1964.2242431640625,527000.0,2144.1,2138.44,2142.5466666666666,2098.235,74.19354838709677,2143.36,3.0799999999999272,1.5,0.0178655383168782,2176.0,2164.0,2164.0,2158.0,613400.0
2023-04-20,2169.0,2177.0,2155.0,2174.0,1972.3895263671875,492000.0,2146.25,2141.64,2143.173333333333,2098.865,75.38461538461539,2143.14,2.466666666666697,2.125,0.0220968500235072,2176.0,2170.0,2165.0,2165.0,527000.0
2023-04-21,2176.0,2207.0,2167.0,2196.0,1992.349365234375,845400.0,2149.5,2145.04,2144.093333333333,2099.975,100.0,2143.96,2.6266666666665515,3.1399999999998727,0.0194986072423397,2196.0,2177.0,2174.0,2169.0,492000.0
2023-04-22,2176.0,2207.0,2167.0,2196.0,1992.349365234375,845400.0,2152.75,2148.08,2144.773333333333,2100.725,100.0,2144.72,2.600000000000364,3.654999999999745,0.0115154306771072,2196.0,2207.0,2196.0,2176.0,845400.0
2023-04-23,2176.0,2207.0,2167.0,2196.0,1992.349365234375,845400.0,2154.8,2150.44,2145.56,2101.57,100.0,2145.48,3.519999999999982,3.9200000000000728,0.0242537313432835,2196.0,2207.0,2196.0,2176.0,845400.0
2023-04-24,2195.0,2198.0,2179.0,2185.0,1982.3695068359373,550300.0,2155.25,2153.16,2146.293333333333,2102.465,85.71428571428571,2146.02,3.746666666666897,4.230000000000018,0.0191231343283582,2196.0,2207.0,2196.0,2176.0,845400.0
2023-04-25,2198.0,2214.0,2179.0,2183.0,1980.554931640625,670000.0,2157.65,2155.24,2147.266666666667,2103.305,80.59701492537313,2146.36,4.093333333333703,4.440000000000055,0.0129930394431554,2196.0,2198.0,2185.0,2195.0,550300.0
2023-04-26,2171.0,2176.0,2145.0,2157.0,1956.9661865234373,652900.0,2158.45,2156.28,2147.9066666666668,2104.015,56.17977528089887,2145.8,3.813333333333503,4.039999999999964,0.0009280742459396,2196.0,2214.0,2183.0,2198.0,670000.0
2023-04-27,2161.0,2166.0,2148.0,2164.0,1963.31689453125,532300.0,2160.4,2157.6,2148.64,2104.76,58.51063829787235,2144.7,3.866666666666333,4.035000000000309,0.0041763341067284,2196.0,2176.0,2157.0,2171.0,652900.0
2023-04-28,2172.0,2180.0,2159.0,2173.0,1971.4822998046875,794500.0,2162.8,2158.32,2149.4933333333333,2105.55,61.0,2143.32,3.933333333333394,3.980000000000018,-0.0224921277552856,2196.0,2166.0,2164.0,2161.0,532300.0
2023-04-29,2172.0,2180.0,2159.0,2173.0,1971.4822998046875,794500.0,2165.2,2158.2,2150.2266666666665,2106.255,61.0,2142.38,3.933333333332939,3.789999999999964,-0.000459981600736,2196.0,2180.0,2173.0,2172.0,794500.0
2023-04-30,2172.0,2180.0,2159.0,2173.0,1971.4822998046875,794500.0,2167.35,2159.72,2150.5466666666666,2107.02,61.0,2141.44,3.2799999999997453,3.7150000000001455,-0.0054919908466819,2196.0,2180.0,2173.0,2172.0,794500.0
2023-05-01,2190.0,2217.0,2182.0,2189.0,1985.9986572265625,967400.0,2169.7,2161.64,2151.12,2107.955,63.888888888888886,2140.82,3.21333333333314,3.940000000000055,0.0157772621809744,2196.0,2180.0,2173.0,2172.0,794500.0
2023-05-02,2193.0,2193.0,2177.0,2182.0,1979.6478271484373,570900.0,2171.5,2163.92,2151.5333333333333,2108.68,58.18181818181818,2141.12,2.8933333333334303,3.919999999999618,0.0111214087117701,2196.0,2217.0,2189.0,2190.0,967400.0
2023-05-03,2193.0,2193.0,2177.0,2182.0,1979.6478271484373,570900.0,2173.2,2166.2,2152.266666666667,2109.405,57.79816513761468,2142.82,2.7733333333335395,3.855000000000018,0.0111214087117701,2196.0,2193.0,2182.0,2193.0,570900.0
2023-05-04,2193.0,2193.0,2177.0,2182.0,1979.6478271484373,570900.0,2174.75,2168.48,2153.0,2110.13,54.0,2143.64,2.7733333333335395,3.875,0.0111214087117701,2196.0,2193.0,2182.0,2193.0,570900.0
2023-05-05,2193.0,2193.0,2177.0,2182.0,1979.6478271484373,570900.0,2176.3,2170.56,2153.733333333333,2110.84,41.02564102564102,2145.06,3.186666666666497,3.820000000000164,0.0073868882733147,2196.0,2193.0,2182.0,2193.0,570900.0
2023-05-06,2193.0,2193.0,2177.0,2182.0,1979.6478271484373,570900.0,2177.85,2172.16,2154.1066666666666,2111.6,41.02564102564102,2146.4,2.986666666666679,3.644999999999982,-0.0013729977116704,2196.0,2193.0,2182.0,2193.0,570900.0
2023-05-07,2193.0,2193.0,2177.0,2182.0,1979.6478271484373,570900.0,2179.0,2173.6,2154.2533333333336,2111.985,41.02564102564102,2147.74,2.7200000000002547,3.305000000000291,-0.0166741775574583,2196.0,2193.0,2182.0,2193.0,570900.0
2023-05-08,2185.0,2211.0,2182.0,2208.0,2003.236572265625,764700.0,2181.2,2176.0,2155.1066666666666,2112.505,62.36559139784946,2149.6,2.8399999999996908,3.099999999999909,-0.015165031222123,2208.0,2193.0,2182.0,2193.0,570900.0
2023-05-09,2199.0,2235.0,2192.0,2235.0,2027.732666015625,942200.0,2184.7,2179.36,2156.32,2113.33,72.03389830508475,2152.56,3.320000000000164,3.199999999999818,0.0067567567567567,2235.0,2211.0,2208.0,2185.0,764700.0
2023-05-10,2245.0,2245.0,2218.0,2225.0,2018.6600341796875,1079100.0,2187.25,2182.32,2157.2533333333336,2114.105,83.33333333333333,2155.32,3.520000000000437,3.2649999999998727,0.0022522522522523,2235.0,2235.0,2235.0,2199.0,942200.0
2023-05-11,2189.0,2195.0,2104.0,2105.0,1909.78857421875,2720000.0,2182.7,2180.48,2156.5866666666666,2114.28,36.27906976744186,2155.64,2.480000000000018,2.680000000000291,-0.0518018018018018,2235.0,2245.0,2225.0,2245.0,1079100.0
2023-05-12,2113.0,2135.0,2100.0,2129.0,1931.562744140625,1318900.0,2179.35,2179.28,2156.24,2114.6,40.43478260869565,2156.04,1.986666666666224,2.6149999999997817,-0.0175357637286571,2235.0,2195.0,2105.0,2189.0,2720000.0
2023-05-13,2113.0,2135.0,2100.0,2129.0,1931.562744140625,1318900.0,2176.0,2177.88,2154.9866666666667,2114.83,40.43478260869565,2156.74,-0.1199999999998908,2.324999999999818,0.0152598950882212,2235.0,2135.0,2129.0,2113.0,1318900.0
2023-05-14,2113.0,2135.0,2100.0,2129.0,1931.562744140625,1318900.0,2173.2,2176.44,2154.3866666666668,2115.015,40.43478260869565,2157.44,-1.933333333333394,1.6849999999999454,-0.005604857543204,2235.0,2135.0,2129.0,2113.0,1318900.0
2023-05-15,2145.0,2151.0,2132.0,2142.0,1943.3572998046875,849600.0,2171.15,2175.16,2153.813333333333,2115.25,39.64757709251101,2158.4,-3.4400000000000546,1.1449999999999818,0.01468498342018,2235.0,2135.0,2129.0,2113.0,1318900.0
2023-05-16,2140.0,2163.0,2128.0,2141.0,1942.449951171875,1045900.0,2170.35,2172.96,2153.6266666666666,2115.765,40.72398190045249,2159.0,-2.9600000000000364,1.4849999999996726,0.0122931442080378,2235.0,2151.0,2142.0,2145.0,849600.0
2023-05-17,2140.0,2183.0,2138.0,2167.0,1966.0386962890625,881300.0,2170.5,2171.8,2153.7466666666664,2116.41,46.96356275303644,2159.94,-2.4933333333333394,1.8099999999999448,0.0245862884160756,2235.0,2163.0,2141.0,2140.0,1045900.0
2023-05-18,2172.0,2172.0,2120.0,2120.0,1923.3975830078125,1280500.0,2167.85,2168.76,2153.24,2116.82,39.45578231292518,2159.6,-1.746666666666897,1.9900000000002365,0.0023640661938533,2235.0,2183.0,2167.0,2140.0,881300.0
2023-05-19,2117.0,2126.0,2105.0,2113.0,1917.0465087890625,821700.0,2164.85,2165.88,2152.64,2117.045,38.53820598006646,2159.52,-1.746666666666897,2.0300000000002,0.0124580737901294,2235.0,2172.0,2120.0,2172.0,1280500.0
2023-05-20,2117.0,2126.0,2105.0,2113.0,1917.0465087890625,821700.0,2161.85,2163.08,2151.9333333333334,2116.71,38.53820598006646,2159.16,-1.8800000000001087,1.4600000000000364,0.0124580737901294,2235.0,2126.0,2113.0,2117.0,821700.0
2023-05-21,2117.0,2126.0,2105.0,2113.0,1917.0465087890625,821700.0,2158.05,2161.32,2150.9733333333334,2116.525,38.53820598006646,2158.8,-2.653333333333194,0.7600000000002183,0.0114887505983725,2235.0,2126.0,2113.0,2117.0,821700.0
2023-05-22,2123.0,2136.0,2117.0,2128.0,1930.655517578125,906500.0,2155.35,2159.88,2149.76,2116.415,36.206896551724135,2158.74,-3.986666666666224,0.0050000000001091,0.0090090090090089,2235.0,2126.0,2113.0,2117.0,821700.0
2023-05-23,2129.0,2129.0,2110.0,2120.0,1923.3975830078125,987000.0,2152.25,2157.76,2148.133333333333,2116.42,28.782287822878217,2158.04,-5.10666666666657,-0.4000000000000909,0.0124164278892071,2235.0,2136.0,2128.0,2123.0,906500.0
2023-05-24,2134.0,2156.0,2127.0,2134.0,1936.09912109375,1056300.0,2149.85,2156.2,2146.9866666666667,2116.495,33.45454545454545,2157.2,-5.653333333333194,-0.5500000000001819,0.0191021967526265,2235.0,2129.0,2120.0,2129.0,987000.0
2023-05-25,2117.0,2127.0,2109.0,2117.0,1920.675537109375,921100.0,2146.6,2153.96,2145.613333333333,2116.485,53.48837209302325,2156.84,-6.320000000000164,-0.224999999999909,0.0109837631327602,2235.0,2156.0,2134.0,2134.0,1056300.0
2023-05-26,2111.0,2115.0,2084.0,2085.0,1891.6431884765625,1476400.0,2141.75,2149.8,2143.813333333333,2116.37,37.77777777777778,2155.72,-7.159999999999855,-0.1550000000002001,-0.0123164377072477,2235.0,2127.0,2117.0,2117.0,921100.0
2023-05-27,2111.0,2115.0,2084.0,2085.0,1891.6431884765625,1476400.0,2136.9,2145.92,2142.72,2116.235,37.77777777777778,2154.92,-7.040000000000418,-0.1799999999998363,-0.0165094339622641,2235.0,2115.0,2085.0,2111.0,1476400.0
2023-05-28,2111.0,2115.0,2084.0,2085.0,1891.6431884765625,1476400.0,2130.75,2142.04,2142.56,2116.03,37.77777777777778,2154.12,-5.573333333333267,-0.3899999999998726,-0.0243331773514272,2235.0,2115.0,2085.0,2111.0,1476400.0
2023-05-29,2079.0,2091.0,2070.0,2087.0,1893.457763671875,983200.0,2123.35,2138.24,2141.84,2115.65,33.72781065088758,2153.36,-5.146666666666533,-0.8449999999997999,-0.0141709966934341,2225.0,2115.0,2085.0,2111.0,1476400.0
2023-05-30,2090.0,2092.0,2067.0,2086.0,1892.5504150390625,970900.0,2116.4,2134.4,2141.5066666666667,2115.43,33.72781065088758,2152.48,-4.10666666666657,-1.055000000000291,-0.021116846550915,2167.0,2091.0,2087.0,2079.0,983200.0
2023-05-31,2080.0,2083.0,2047.0,2051.0,1860.7962646484373,1149000.0,2113.7,2129.16,2140.653333333333,2115.035,17.415730337078656,2150.66,-3.160000000000309,-1.3350000000000364,-0.03754106053496,2167.0,2092.0,2086.0,2090.0,970900.0
2023-06-01,2070.0,2080.0,2062.0,2071.0,1878.941650390625,1036500.0,2110.8,2124.72,2140.0666666666666,2114.74,33.7748344370861,2149.16,-2.653333333333194,-1.4950000000003456,-0.02815579540122,2167.0,2083.0,2051.0,2080.0,1149000.0
2023-06-02,2060.0,2077.0,2056.0,2075.0,1882.570556640625,925000.0,2108.1,2119.4,2139.5333333333333,2114.84,37.16216216216216,2147.7,-3.0266666666666424,-1.1900000000000546,-0.037122969837587,2167.0,2080.0,2071.0,2070.0,1036500.0
2023-06-03,2060.0,2077.0,2056.0,2075.0,1882.570556640625,925000.0,2105.4,2113.0,2139.373333333333,2115.06,37.16216216216216,2146.18,-2.466666666666697,-0.5900000000001455,-0.0464154411764705,2167.0,2077.0,2075.0,2060.0,925000.0
2023-06-04,2060.0,2077.0,2056.0,2075.0,1882.570556640625,925000.0,2102.05,2107.0,2139.213333333333,2115.245,37.16216216216216,2144.66,-2.2933333333335213,-0.1849999999999454,-0.0281030444964871,2167.0,2077.0,2075.0,2060.0,925000.0
2023-06-05,2104.0,2104.0,2072.5,2075.0,1882.570556640625,1379600.0,2098.75,2105.8,2139.026666666666,2115.445,30.07518796992481,2143.14,-1.6266666666665517,0.4100000000003092,-0.0308267164876225,2167.0,2077.0,2075.0,2060.0,925000.0
2023-06-06,2074.5,2087.0,2065.5,2085.5,1892.0968017578125,942800.0,2094.675,2104.06,2138.713333333333,2115.6875,37.26937269372694,2141.67,-1.3533333333334667,0.9475000000002184,-0.0185882352941176,2134.0,2104.0,2075.0,2104.0,1379600.0
2023-06-07,2085.0,2091.5,2064.5,2067.0,1875.3125,1515100.0,2092.025,2101.58,2138.353333333333,2115.8375,26.07142857142857,2139.73,-1.1799999999998363,0.9974999999999454,-0.0272941176470588,2134.0,2087.0,2085.5,2074.5,942800.0
2023-06-08,2076.0,2090.0,2069.0,2078.0,1885.29248046875,986000.0,2090.275,2099.54,2138.14,2116.0425,35.44776119402985,2137.99,-1.233333333333576,0.9825000000000728,-0.0221176470588235,2134.0,2091.5,2067.0,2085.0,1515100.0
2023-06-09,2080.0,2116.0,2079.0,2116.0,1919.768310546875,1286800.0,2090.425,2098.5,2138.4333333333334,2116.2575,61.07142857142857,2136.83,-0.7799999999997453,1.0125000000002728,-0.0065727699530516,2134.0,2090.0,2078.0,2076.0,986000.0
2023-06-10,2080.0,2116.0,2079.0,2116.0,1919.768310546875,1286800.0,2090.575,2097.5,2138.5,2116.3325,61.07142857142857,2135.23,-0.5266666666666424,0.8874999999998181,-0.0121381886087768,2134.0,2116.0,2116.0,2080.0,1286800.0
2023-06-11,2080.0,2116.0,2079.0,2116.0,1919.768310546875,1286800.0,2089.975,2095.46,2138.4466666666667,2116.4075,61.07142857142857,2133.63,-0.2666666666664241,0.7199999999997999,-0.0139794967381173,2134.0,2116.0,2116.0,2080.0,1286800.0
2023-06-12,2122.0,2130.5,2113.0,2123.5,1926.57275390625,958300.0,2090.15,2095.6,2138.266666666667,2116.43,62.542955326460486,2132.18,-0.0866666666665878,0.5924999999997453,-0.0114059590316573,2134.0,2116.0,2116.0,2080.0,1286800.0
2023-06-13,2124.0,2126.5,2104.0,2106.0,1910.69580078125,1004400.0,2088.75,2095.32,2138.12,2116.29,56.17283950617284,2130.6,-0.0199999999999818,0.2474999999999454,-0.0209205020920502,2123.5,2130.5,2123.5,2122.0,958300.0
2023-06-14,2090.0,2093.5,2065.0,2066.5,1874.85888671875,2284900.0,2086.225,2093.46,2137.26,2115.9525,54.65465465465466,2128.27,-1.1733333333331757,-0.305000000000291,-0.0392840539284053,2123.5,2126.5,2106.0,2124.0,1004400.0
2023-06-15,2067.5,2084.0,2062.5,2065.0,1873.4979248046875,1198900.0,2085.225,2091.54,2136.38,2115.6075,47.972972972972975,2126.43,-2.119999999999891,-0.724999999999909,-0.0399814039981404,2123.5,2093.5,2066.5,2090.0,2284900.0
2023-06-16,2062.5,2078.0,2060.5,2072.5,1880.302490234375,1398100.0,2084.6,2089.32,2135.6,2115.175,49.17491749174917,2124.6,-2.846666666666806,-1.232499999999618,-0.040064844835572,2123.5,2084.0,2065.0,2067.5,1198900.0
2023-06-17,2062.5,2078.0,2060.5,2072.5,1880.302490234375,1398100.0,2083.975,2087.42,2134.5,2114.9425,49.17491749174917,2122.59,-3.766666666666879,-1.4874999999997272,-0.0422828096118299,2123.5,2078.0,2072.5,2062.5,1398100.0
2023-06-18,2062.5,2078.0,2060.5,2072.5,1880.302490234375,1398100.0,2083.25,2084.96,2133.12,2114.715,49.17491749174917,2120.58,-5.0,-1.574999999999818,-0.0427251732101616,2123.5,2078.0,2072.5,2062.5,1398100.0
2023-06-19,2082.0,2088.0,2074.5,2082.5,1889.3751220703125,1035200.0,2083.075,2083.58,2132.42,2114.6675,52.3219814241486,2118.77,-4.8400000000001455,-1.2849999999998545,-0.0420883164673413,2123.5,2078.0,2072.5,2062.5,1398100.0
2023-06-20,2080.0,2082.5,2066.0,2076.5,1883.9315185546875,927900.0,2084.35,2083.24,2131.56,2114.67,47.13375796178344,2116.52,-4.820000000000164,-0.9375,-0.0544171220400728,2123.5,2088.0,2082.5,2082.0,1035200.0
2023-06-21,2077.0,2102.0,2077.0,2100.0,1905.2523193359373,1148300.0,2085.8,2083.84,2131.2266666666665,2114.79,60.18518518518518,2114.88,-4.3733333333334485,-0.3850000000002183,-0.0437158469945355,2123.5,2082.5,2076.5,2080.0,927900.0
2023-06-22,2098.0,2108.0,2096.5,2101.0,1906.159423828125,1010800.0,2087.1,2084.48,2130.9066666666668,2114.915,57.56578947368421,2113.26,-3.5933333333332484,-0.0275000000001455,-0.0432604735883423,2123.5,2102.0,2100.0,2077.0,1148300.0
2023-06-23,2108.5,2132.0,2103.5,2120.0,1923.3975830078125,1385700.0,2089.35,2085.8,2130.84,2115.19,51.50375939849624,2112.02,-2.2799999999997453,0.474999999999909,-0.0297482837528604,2123.5,2108.0,2101.0,2098.0,1010800.0
2023-06-24,2108.5,2132.0,2103.5,2120.0,1923.3975830078125,1385700.0,2091.6,2087.16,2130.7066666666665,2115.365,51.50375939849624,2110.78,-1.713333333333594,0.6974999999997635,-0.0288593678424187,2123.5,2132.0,2120.0,2108.5,1385700.0
2023-06-25,2108.5,2132.0,2103.5,2120.0,1923.3975830078125,1385700.0,2093.85,2089.92,2130.4133333333334,2115.455,51.50375939849624,2109.54,-1.1466666666665333,0.7849999999998545,-0.0171534538711173,2123.5,2132.0,2120.0,2108.5,1385700.0
2023-06-26,2118.0,2122.0,2096.0,2109.5,1913.8712158203125,913500.0,2095.05,2091.46,2129.9266666666667,2115.6825,44.852941176470594,2108.09,-1.2999999999997272,0.8924999999999272,-0.0251848428835489,2123.5,2132.0,2120.0,2108.5,1385700.0
2023-06-27,2117.0,2127.0,2111.5,2124.0,1927.026611328125,822600.0,2097.9,2093.42,2129.6066666666666,2115.9275,56.766917293233085,2106.41,-1.300000000000182,1.012499999999818,-0.0225494707777266,2124.0,2122.0,2109.5,2118.0,913500.0
2023-06-28,2115.0,2153.0,2115.0,2153.0,1953.337158203125,1344200.0,2101.65,2096.54,2129.633333333333,2116.3175,85.3061224489796,2104.77,-1.2066666666669337,1.1275000000000546,-0.0092038656235619,2153.0,2127.0,2124.0,2117.0,822600.0
2023-06-29,2135.0,2141.5,2122.5,2129.0,1931.562744140625,771400.0,2102.3,2098.7,2129.34,2116.5875,72.06896551724138,2102.85,-1.3666666666663332,1.2225000000003092,-0.0202485043718361,2153.0,2153.0,2153.0,2115.0,1344200.0
2023-06-30,2128.0,2134.5,2108.5,2119.0,1922.4901123046875,967200.0,2102.45,2100.46,2128.9133333333334,2116.7525,65.76271186440678,2103.13,-1.5,1.297500000000127,-0.0319780721790772,2153.0,2141.5,2129.0,2135.0,771400.0
2023-07-01,2128.0,2134.5,2108.5,2119.0,1922.4901123046875,967200.0,2102.6,2101.8,2128.38,2116.9225,65.76271186440678,2102.93,-1.5466666666666242,1.2400000000002365,-0.0288725939505041,2153.0,2134.5,2119.0,2128.0,967200.0
2023-07-02,2128.0,2134.5,2108.5,2119.0,1922.4901123046875,967200.0,2102.375,2103.88,2127.78,2117.0575,65.76271186440678,2102.73,-1.8266666666663696,1.1300000000001091,-0.0288725939505041,2153.0,2134.5,2119.0,2128.0,967200.0
2023-07-03,2128.0,2159.0,2128.0,2155.5,1955.605224609375,1191800.0,2104.85,2106.98,2127.653333333333,2117.235,70.97701149425288,2103.26,-1.9800000000000184,0.9175000000000182,-0.0121448212648945,2155.5,2134.5,2119.0,2128.0,967200.0
2023-07-04,2168.0,2170.0,2152.5,2156.0,1956.0589599609373,983800.0,2109.325,2108.58,2127.4133333333334,2117.49,73.59050445103858,2103.54,-1.9266666666667327,0.9024999999996908,-0.0119156736938588,2156.0,2159.0,2155.5,2128.0,1191800.0
2023-07-05,2150.0,2182.0,2145.5,2179.0,1976.9261474609373,1023200.0,2115.025,2111.1,2127.1866666666665,2117.86,73.51190476190476,2104.3,-1.7266666666669153,1.1075000000000728,-0.0013748854262144,2179.0,2170.0,2156.0,2168.0,983800.0
2023-07-06,2179.0,2186.5,2160.0,2162.5,1961.9560546875,719400.0,2119.525,2112.96,2126.74,2118.1475,66.7574931880109,2104.21,-1.6400000000003274,1.224999999999909,-0.0089367552703941,2179.0,2182.0,2179.0,2150.0,1023200.0
2023-07-07,2156.0,2162.0,2138.0,2153.0,1953.337158203125,774000.0,2123.55,2114.14,2126.1666666666665,2118.4725,59.48275862068966,2104.87,-1.613333333333685,1.4149999999999636,-0.0249094202898551,2179.0,2186.5,2162.5,2179.0,719400.0
2023-07-08,2156.0,2162.0,2138.0,2153.0,1953.337158203125,774000.0,2127.575,2116.02,2125.74,2118.7125,59.48275862068966,2105.67,-1.913333333333412,1.4774999999999636,-0.0366890380313199,2179.0,2162.0,2153.0,2156.0,774000.0
2023-07-09,2156.0,2162.0,2138.0,2153.0,1953.337158203125,774000.0,2131.1,2119.48,2125.34,2119.0725,59.48275862068966,2106.47,-2.073333333333266,1.5825000000004366,-0.0323595505617977,2179.0,2162.0,2153.0,2156.0,774000.0
2023-07-10,2155.0,2163.5,2147.5,2159.5,1959.2342529296875,642700.0,2135.25,2123.26,2125.373333333333,2119.38,64.70588235294117,2107.4,-1.8133333333330484,1.5199999999999818,0.0258907363420428,2179.0,2162.0,2153.0,2156.0,774000.0
2023-07-11,2158.0,2161.5,2140.0,2142.0,1943.3572998046875,813400.0,2137.35,2126.04,2125.08,2119.5,55.20231213872832,2107.68,-1.6599999999998545,1.3524999999999636,0.0061061531235322,2179.0,2163.5,2159.5,2155.0,642700.0
2023-07-12,2150.0,2152.0,2133.0,2148.0,1948.80078125,516300.0,2139.7,2129.06,2124.7466666666664,2119.65,48.333333333333336,2108.24,-1.4200000000000728,1.1775000000002365,0.0089243776420855,2179.0,2161.5,2142.0,2158.0,813400.0
2023-07-13,2146.0,2147.0,2130.0,2137.0,1938.82080078125,624600.0,2140.55,2131.64,2124.266666666667,2119.745,52.91970802919708,2108.3,-1.4733333333329028,1.0324999999998,0.0037576326914043,2179.0,2152.0,2148.0,2150.0,516300.0
2023-07-14,2151.5,2158.0,2126.0,2131.5,1933.8310546875,702900.0,2141.125,2133.6,2123.713333333333,2119.8725,54.71698113207548,2108.59,-1.6266666666670062,0.7999999999997272,-0.0049019607843137,2179.0,2147.0,2137.0,2146.0,624600.0
2023-07-15,2151.5,2158.0,2126.0,2131.5,1933.8310546875,702900.0,2141.7,2135.8,2122.9466666666667,2120.095,54.71698113207548,2109.52,-2.4266666666667334,0.7149999999996908,-0.0044371788883699,2179.0,2158.0,2131.5,2151.5,702900.0
2023-07-16,2151.5,2158.0,2126.0,2131.5,1933.8310546875,702900.0,2142.8,2137.06,2122.273333333333,2120.1725,54.71698113207548,2110.45,-2.806666666666388,0.6725000000001273,-0.0163820950622981,2179.0,2158.0,2131.5,2151.5,702900.0
2023-07-17,2151.5,2158.0,2126.0,2131.5,1933.8310546875,702900.0,2143.175,2138.28,2121.6,2120.34,37.5,2111.38,-3.1466666666665333,0.6900000000000546,0.0054245283018867,2179.0,2158.0,2131.5,2151.5,702900.0
2023-07-18,2122.0,2134.5,2118.0,2126.0,1928.8409423828125,566400.0,2141.825,2138.52,2120.853333333333,2120.49,35.148514851485146,2112.16,-3.413333333333412,0.7449999999998909,0.0061523899668718,2179.0,2158.0,2131.5,2151.5,702900.0
2023-07-19,2136.0,2150.0,2132.5,2150.0,1950.6153564453125,679900.0,2142.875,2139.72,2120.4266666666667,2120.76,35.78431372549019,2113.44,-3.286666666666406,0.8875000000002728,0.0175106483672502,2179.0,2134.5,2126.0,2122.0,566400.0
2023-07-20,2159.0,2161.5,2151.0,2158.0,1957.873291015625,518700.0,2144.825,2141.24,2120.1066666666666,2121.07,47.593582887700535,2115.58,-2.840000000000145,0.9750000000003638,0.0212967345007097,2179.0,2150.0,2150.0,2136.0,679900.0
2023-07-21,2166.0,2178.5,2154.0,2175.0,1973.297119140625,691000.0,2147.625,2143.86,2120.0133333333333,2121.465,60.8910891089109,2117.66,-2.2600000000002183,1.2925000000000182,0.0220864661654134,2179.0,2161.5,2158.0,2159.0,518700.0
2023-07-22,2166.0,2178.5,2154.0,2175.0,1973.297119140625,691000.0,2150.425,2145.9,2119.5733333333333,2121.86,60.8910891089109,2119.66,-2.0266666666666424,1.5199999999999818,0.025943396226415,2179.0,2178.5,2175.0,2166.0,691000.0
2023-07-23,2166.0,2178.5,2154.0,2175.0,1973.297119140625,691000.0,2151.4,2146.78,2118.773333333333,2122.58,60.8910891089109,2121.66,-2.0799999999999272,2.090000000000145,0.0192127460168696,2179.0,2178.5,2175.0,2166.0,691000.0
2023-07-24,2175.5,2209.5,2173.0,2207.5,2002.7830810546875,943000.0,2153.975,2149.92,2118.54,2123.5025,68.89763779527559,2124.31,-1.8866666666667693,2.7424999999998363,0.0427491733585261,2207.5,2178.5,2175.0,2166.0,691000.0
2023-07-25,2207.0,2218.0,2195.0,2208.0,2003.236572265625,973300.0,2155.425,2153.48,2119.9133333333334,2124.5025,80.0,2126.97,-0.1933333333331575,3.432499999999891,0.0589928057553956,2208.0,2209.5,2207.5,2175.5,943000.0
2023-07-26,2208.0,2235.0,2188.0,2228.5,2021.83544921875,803300.0,2158.725,2157.86,2121.24,2125.605,82.32931726907631,2129.83,1.2266666666664603,4.139999999999873,0.0688249400479616,2228.5,2218.0,2208.0,2207.0,973300.0
2023-07-27,2232.5,2263.5,2220.5,2254.5,2045.4244384765625,1057300.0,2163.8,2163.28,2122.9133333333334,2126.8375,92.1146953405018,2133.58,3.340000000000145,4.977499999999964,0.081294964028777,2254.5,2235.0,2228.5,2208.0,803300.0
2023-07-28,2241.0,2246.5,2211.5,2234.0,2026.8250732421875,828900.0,2167.85,2166.42,2124.313333333333,2127.9675,83.1715210355987,2136.7,5.539999999999964,5.387500000000273,0.0704360325826545,2254.5,2263.5,2254.5,2232.5,1057300.0
2023-07-29,2241.0,2246.5,2211.5,2234.0,2026.8250732421875,828900.0,2171.9,2169.54,2125.54,2129.1875,83.1715210355987,2139.06,7.0,5.684999999999945,0.0709491850431447,2254.5,2246.5,2234.0,2241.0,828900.0
2023-07-30,2241.0,2246.5,2211.5,2234.0,2026.8250732421875,828900.0,2175.625,2171.74,2126.78,2130.2175,83.1715210355987,2141.42,6.866666666666788,5.7150000000001455,0.0892247684056557,2254.5,2246.5,2234.0,2241.0,828900.0
2023-07-31,2259.0,2270.0,2236.0,2250.0,2041.3416748046875,1217900.0,2181.025,2175.24,2127.8866666666668,2131.4625,84.75073313782991,2144.1,6.646666666666988,5.857500000000073,0.0864316755190728,2254.5,2246.5,2234.0,2241.0,828900.0
2023-08-01,2271.0,2353.0,2271.0,2321.0,2105.757080078125,2579300.0,2189.675,2181.96,2130.5666666666666,2133.0425,91.3135593220339,2148.05,7.653333333333194,6.204999999999927,0.1185542168674698,2321.0,2270.0,2250.0,2259.0,1217900.0
2023-08-02,2290.0,2302.0,2267.0,2278.0,2066.7451171875,957000.0,2196.725,2186.96,2132.766666666667,2134.4075,75.09803921568627,2151.49,8.453333333333376,6.4399999999996,0.0978313253012048,2321.0,2353.0,2321.0,2271.0,2579300.0
2023-08-03,2262.0,2270.0,2204.0,2204.5,2000.061279296875,1031300.0,2200.375,2189.02,2133.9866666666667,2135.405,57.25429017160686,2154.25,8.446666666666715,6.2175000000002,0.0624096385542167,2321.0,2302.0,2278.0,2290.0,957000.0
2023-08-04,2199.5,2217.5,2186.5,2214.5,2009.1337890625,721900.0,2204.525,2191.22,2135.34,2136.4675,56.29984051036683,2157.24,8.559999999999945,6.25,0.0672289156626506,2321.0,2270.0,2204.5,2262.0,1031300.0
2023-08-05,2199.5,2217.5,2186.5,2214.5,2009.1337890625,721900.0,2208.675,2194.12,2136.4933333333333,2137.495,56.29984051036683,2160.08,8.60666666666657,6.0324999999998,0.0618556701030927,2321.0,2217.5,2214.5,2199.5,721900.0
2023-08-06,2199.5,2217.5,2186.5,2214.5,2009.1337890625,721900.0,2212.825,2196.78,2137.7533333333336,2138.4525,56.29984051036683,2162.92,7.186666666666952,5.409999999999855,0.071359458151911,2321.0,2217.5,2214.5,2199.5,721900.0
2023-08-07,2210.0,2228.5,2205.0,2208.0,2003.236572265625,737900.0,2216.925,2199.62,2138.74,2139.4525,50.086956521739125,2165.63,5.973333333332903,5.045000000000073,0.0625601539942253,2321.0,2217.5,2214.5,2199.5,721900.0
2023-08-08,2213.5,2253.5,2213.5,2242.0,2034.0838623046875,810200.0,2221.525,2204.04,2140.4066666666668,2140.4875,55.29595015576324,2168.82,6.420000000000073,5.082499999999982,0.0595463137996219,2321.0,2228.5,2208.0,2210.0,737900.0
2023-08-09,2252.0,2252.0,2214.5,2222.5,2016.39208984375,682500.0,2224.75,2207.68,2142.24,2141.425,49.0625,2171.74,6.899999999999636,4.957499999999982,0.0503308128544424,2321.0,2253.5,2242.0,2213.5,810200.0
2023-08-10,2251.0,2260.5,2240.5,2248.0,2039.5272216796875,708500.0,2228.4,2212.34,2144.4133333333334,2142.49,48.98278560250391,2174.7,7.920000000000073,4.994999999999891,0.0623818525519848,2321.0,2252.0,2222.5,2252.0,682500.0
2023-08-11,2251.0,2260.5,2240.5,2248.0,2039.5272216796875,708500.0,2232.05,2217.0,2146.5866666666666,2143.52,52.341137123745824,2177.64,8.83333333333303,5.067500000000109,0.0586296209088768,2321.0,2260.5,2248.0,2251.0,708500.0
2023-08-12,2251.0,2260.5,2240.5,2248.0,2039.5272216796875,708500.0,2235.7,2221.88,2148.733333333333,2144.515,52.341137123745824,2180.2,9.99333333333334,5.0625,0.067426400759734,2321.0,2260.5,2248.0,2251.0,708500.0
2023-08-13,2251.0,2260.5,2240.5,2248.0,2039.5272216796875,708500.0,2237.725,2225.8,2150.893333333333,2145.425,52.341137123745824,2182.76,10.48666666666668,4.9375,0.087829663682555,2321.0,2260.5,2248.0,2251.0,708500.0
2023-08-14,2261.0,2270.0,2209.0,2225.0,2018.6600341796875,955400.0,2238.575,2228.48,2153.213333333333,2146.215,45.915032679738566,2184.86,10.973333333333358,4.789999999999964,0.0774818401937045,2321.0,2260.5,2248.0,2251.0,708500.0
2023-08-15,2225.0,2236.5,2216.0,2229.5,2022.7425537109373,561100.0,2238.625,2230.66,2155.326666666667,2147.0225,30.89770354906055,2187.26,10.913333333333412,4.532500000000255,0.0757539203860071,2321.0,2270.0,2225.0,2261.0,955400.0
2023-08-16,2222.0,2243.0,2218.5,2232.5,2025.4644775390625,506900.0,2237.525,2232.96,2157.4266666666667,2147.845,38.59649122807018,2189.43,10.840000000000146,4.324999999999818,0.0772014475271412,2321.0,2236.5,2229.5,2225.0,561100.0
2023-08-17,2233.0,2238.0,2185.5,2217.0,2011.4019775390625,884700.0,2236.675,2234.64,2159.32,2148.59,54.41696113074206,2190.71,10.586666666667044,4.075000000000273,0.0697225572979494,2321.0,2243.0,2232.5,2222.0,506900.0
2023-08-18,2201.0,2208.5,2183.0,2187.0,1984.18408203125,483200.0,2234.325,2233.82,2160.813333333333,2149.235,41.486068111455104,2191.87,9.920000000000073,3.8099999999999454,0.0501800720288114,2321.0,2238.0,2217.0,2233.0,884700.0
2023-08-19,2201.0,2208.5,2183.0,2187.0,1984.18408203125,483200.0,2231.975,2232.98,2162.306666666667,2149.7,41.486068111455104,2193.23,9.093333333333703,3.4849999999996726,0.0532145437033468,2321.0,2208.5,2187.0,2201.0,483200.0
2023-08-20,2201.0,2208.5,2183.0,2187.0,1984.18408203125,483200.0,2228.825,2231.32,2163.66,2150.105,41.486068111455104,2194.59,8.33333333333303,3.082499999999982,0.0414285714285713,2321.0,2208.5,2187.0,2201.0,483200.0
2023-08-21,2199.0,2215.0,2196.5,2205.5,2000.96826171875,548400.0,2223.05,2229.36,2165.5066666666667,2150.2625,49.27953890489914,2196.32,8.079999999999927,2.417500000000018,0.049738219895288,2278.0,2208.5,2187.0,2201.0,483200.0
2023-08-22,2216.5,2220.0,2195.0,2220.0,2014.1239013671875,467900.0,2220.15,2228.8,2167.4,2150.7275,42.85714285714285,2197.61,8.079999999999927,2.137499999999818,0.0471698113207548,2248.0,2215.0,2205.5,2199.0,548400.0
2023-08-23,2220.0,2244.0,2218.0,2244.0,2035.8980712890625,459000.0,2222.125,2229.2,2169.1066666666666,2151.3125,56.78233438485804,2199.37,8.293333333333067,2.0774999999998727,0.0584905660377359,2248.0,2220.0,2220.0,2216.5,467900.0
2023-08-24,2239.0,2253.5,2229.0,2248.0,2039.5272216796875,431600.0,2223.8,2229.76,2170.866666666667,2151.9175,50.0,2200.75,8.559999999999945,2.2175000000002,0.060377358490566,2248.0,2244.0,2244.0,2220.0,459000.0
2023-08-25,2240.0,2262.0,2235.0,2258.0,2048.599609375,609300.0,2225.975,2230.08,2172.76,2152.4825,53.40136054421768,2202.66,9.100000000000364,2.3775000000000546,0.0703958283953543,2258.0,2253.5,2248.0,2239.0,431600.0
2023-08-26,2240.0,2262.0,2235.0,2258.0,2048.599609375,609300.0,2228.15,2227.56,2174.5533333333333,2153.0875,53.40136054421768,2204.76,9.046666666666624,2.825000000000273,0.0630885122410547,2258.0,2262.0,2258.0,2240.0,609300.0
2023-08-27,2240.0,2262.0,2235.0,2258.0,2048.599609375,609300.0,2230.65,2226.76,2176.58,2153.7275,53.40136054421768,2206.86,9.179999999999836,3.0,0.0487691593125871,2258.0,2262.0,2258.0,2240.0,609300.0
2023-08-28,2270.0,2282.0,2264.0,2272.0,2061.301513671875,398900.0,2232.15,2229.46,2179.32,2154.5375,67.02898550724638,2209.24,10.213333333333594,3.224999999999909,0.067167684358854,2272.0,2262.0,2258.0,2240.0,609300.0
2023-08-29,2282.0,2301.5,2275.0,2290.5,2078.0859375,599400.0,2235.55,2232.5,2182.326666666667,2155.445,70.0657894736842,2211.86,11.460000000000036,3.527500000000145,0.0809344030202925,2290.5,2282.0,2272.0,2270.0,398900.0
2023-08-30,2289.0,2294.0,2271.0,2275.0,2064.023193359375,502300.0,2236.9,2234.92,2185.026666666666,2156.275,62.91793313069909,2214.52,12.266666666666424,3.792500000000018,0.0736196319018405,2290.5,2301.5,2290.5,2282.0,599400.0
2023-08-31,2274.0,2291.5,2268.5,2272.0,2061.301513671875,638600.0,2238.1,2237.22,2187.6866666666665,2157.09,68.09210526315789,2217.0,13.133333333333212,4.002500000000055,0.0722038697498819,2290.5,2294.0,2275.0,2289.0,502300.0
2023-09-01,2268.0,2285.0,2262.5,2279.0,2067.65185546875,564000.0,2239.65,2240.06,2190.44,2157.895,85.65891472868218,2219.84,13.860000000000127,4.167500000000018,0.0572952911157504,2290.5,2291.5,2272.0,2274.0,638600.0
2023-09-02,2268.0,2285.0,2262.5,2279.0,2067.65185546875,564000.0,2241.2,2241.54,2193.06,2158.545,85.65891472868218,2222.79,13.739999999999782,4.007500000000164,0.0570500927643784,2290.5,2285.0,2279.0,2268.0,564000.0
2023-09-03,2268.0,2285.0,2262.5,2279.0,2067.65185546875,564000.0,2243.9,2243.8,2195.76,2159.21,85.65891472868218,2225.74,13.433333333333394,3.7649999999998727,0.0458926112895823,2290.5,2285.0,2279.0,2268.0,564000.0
2023-09-04,2289.5,2315.0,2281.0,2314.5,2099.8603515625,836900.0,2248.15,2246.46,2198.62,2160.0275,87.32876712328768,2229.4,13.593333333333248,3.752500000000055,0.0702890173410404,2314.5,2285.0,2279.0,2268.0,564000.0
2023-09-05,2323.0,2330.0,2302.5,2330.0,2113.922607421875,554200.0,2253.025,2249.74,2201.673333333333,2161.0425,87.41496598639456,2233.37,13.98666666666668,3.9524999999998727,0.0822108685555038,2330.0,2315.0,2314.5,2289.5,836900.0
2023-09-06,2328.5,2365.5,2326.0,2335.0,2118.459228515625,819300.0,2258.925,2253.22,2204.54,2162.0825,85.546875,2237.55,14.099999999999907,4.1875,0.0845332094751509,2335.0,2330.0,2330.0,2323.0,554200.0
2023-09-07,2344.0,2369.0,2340.0,2351.5,2133.4287109375,724800.0,2267.15,2257.36,2207.6266666666666,2163.205,86.83274021352312,2241.58,14.566666666666606,4.659999999999855,0.092196934509986,2351.5,2365.5,2335.0,2328.5,819300.0
2023-09-08,2342.0,2368.5,2340.5,2345.0,2127.531494140625,668500.0,2275.05,2262.16,2210.6266666666666,2164.16,81.75182481751824,2245.32,14.866666666666331,4.949999999999818,0.0858995137763372,2351.5,2369.0,2351.5,2344.0,724800.0
2023-09-09,2342.0,2368.5,2340.5,2345.0,2127.531494140625,668500.0,2282.95,2266.78,2213.766666666667,2165.03,81.75182481751824,2248.72,15.146666666666988,5.002500000000055,0.0947712418300654,2351.5,2368.5,2345.0,2342.0,668500.0
2023-09-10,2342.0,2368.5,2340.5,2345.0,2127.531494140625,668500.0,2289.925,2271.28,2216.713333333333,2166.035,81.75182481751824,2252.12,15.039999999999964,4.992499999999836,0.0917132216014897,2351.5,2368.5,2345.0,2342.0,668500.0
2023-09-11,2356.5,2382.0,2355.0,2360.0,2141.140380859375,584500.0,2296.925,2277.0,2219.4733333333334,2167.115,81.8840579710145,2255.82,14.933333333333394,5.0324999999998,0.1043518951801592,2360.0,2368.5,2345.0,2342.0,668500.0
2023-09-12,2371.0,2381.0,2352.5,2371.0,2151.12060546875,479400.0,2303.275,2284.36,2222.7,2168.195,80.84291187739464,2259.09,15.073333333333268,4.9900000000002365,0.1123621862538117,2371.0,2382.0,2360.0,2356.5,584500.0
2023-09-13,2393.0,2452.5,2384.0,2452.0,2224.608642578125,1070400.0,2313.475,2294.96,2227.14,2169.68,95.1530612244898,2263.97,16.51333333333332,5.519999999999982,0.1503635937133474,2452.0,2381.0,2371.0,2371.0,479400.0
2023-09-14,2454.5,2502.5,2452.5,2496.5,2264.98193359375,1077100.0,2325.4,2307.34,2232.173333333333,2171.3875,97.26315789473684,2269.33,18.406666666666297,6.357499999999618,0.1712409101571663,2496.5,2452.5,2452.0,2393.0,1070400.0
2023-09-15,2519.0,2581.5,2515.0,2555.5,2318.510498046875,1611500.0,2340.275,2321.34,2237.9933333333333,2173.05,97.75474956822109,2275.35,21.2800000000002,7.015000000000327,0.1989209476894207,2555.5,2502.5,2496.5,2454.5,1077100.0
2023-09-16,2519.0,2581.5,2515.0,2555.5,2318.510498046875,1611500.0,2355.15,2334.76,2243.326666666667,2174.9575,97.75474956822109,2281.78,23.853333333333467,7.8425000000002,0.2020225776105362,2555.5,2581.5,2555.5,2519.0,1611500.0
2023-09-17,2519.0,2581.5,2515.0,2555.5,2318.510498046875,1611500.0,2369.325,2347.22,2248.653333333333,2176.81,97.75474956822109,2288.21,25.953333333333376,8.614999999999782,0.1886046511627908,2555.5,2581.5,2555.5,2519.0,1611500.0
2023-09-18,2519.0,2581.5,2515.0,2555.5,2318.510498046875,1611500.0,2382.575,2359.52,2253.673333333333,2178.8125,97.44094488188976,2294.64,26.533333333333303,9.132500000000164,0.1841983317886932,2555.5,2581.5,2555.5,2519.0,1611500.0
2023-09-19,2570.0,2584.5,2554.5,2584.0,2344.3671875,972600.0,2398.025,2372.56,2259.293333333333,2180.9425,97.56554307116104,2301.32,27.120000000000346,9.555000000000293,0.1880459770114941,2584.0,2581.5,2555.5,2519.0,1611500.0
2023-09-20,2600.0,2604.5,2497.0,2502.5,2270.42578125,1344500.0,2409.55,2382.34,2263.9533333333334,2182.665,74.38136826783115,2304.95,25.96000000000004,9.614999999999782,0.150574712643678,2584.0,2584.5,2584.0,2570.0,972600.0
2023-09-21,2505.0,2533.5,2492.5,2523.0,2289.0244140625,965000.0,2421.75,2392.94,2268.8866666666668,2184.49,74.67625899280576,2309.85,25.559999999999945,9.5324999999998,0.1599999999999999,2584.0,2604.5,2502.5,2600.0,1344500.0
2023-09-22,2517.5,2525.5,2490.0,2506.0,2273.60107421875,910800.0,2433.1,2402.3,2273.593333333333,2186.19,72.48603351955308,2315.88,24.94000000000005,9.38000000000011,0.1352208380520951,2584.0,2533.5,2523.0,2505.0,965000.0
2023-09-23,2517.5,2525.5,2490.0,2506.0,2273.60107421875,910800.0,2444.45,2410.92,2278.213333333333,2187.795,72.48603351955308,2321.71,24.539999999999964,8.982500000000073,0.1349637681159421,2584.0,2525.5,2506.0,2517.5,910800.0
2023-09-24,2517.5,2525.5,2490.0,2506.0,2273.60107421875,910800.0,2454.025,2420.16,2283.0666666666666,2189.23,72.48603351955308,2327.54,23.773333333333085,8.287499999999909,0.1245232218981378,2584.0,2525.5,2506.0,2517.5,910800.0
2023-09-25,2525.5,2534.5,2511.5,2523.0,2289.0244140625,786100.0,2463.675,2430.2,2288.0666666666666,2190.635,72.63888888888889,2333.71,24.11333333333323,7.970000000000255,0.1190951430472389,2584.0,2525.5,2506.0,2517.5,910800.0
2023-09-26,2523.0,2559.0,2504.0,2535.5,2300.365234375,980000.0,2473.7,2440.46,2293.38,2192.2125,72.75242047026279,2340.26,24.49333333333334,7.722500000000309,0.1349597135183526,2584.0,2534.5,2523.0,2525.5,786100.0
2023-09-27,2510.0,2513.5,2474.5,2513.5,2280.405517578125,1325900.0,2481.8,2449.84,2298.4733333333334,2193.68,60.16528925619835,2345.69,24.88000000000011,7.489999999999782,0.1251119068934647,2584.0,2559.0,2535.5,2523.0,980000.0
2023-09-28,2472.5,2507.5,2455.5,2470.0,2281.79150390625,1063600.0,2488.05,2457.48,2302.9866666666667,2194.93,45.60530679933665,2350.64,24.77333333333354,7.134999999999764,0.1056401074306176,2584.0,2513.5,2513.5,2510.0,1325900.0
2023-09-29,2465.0,2469.5,2385.5,2418.0,2233.75341796875,1400900.0,2491.7,2461.62,2306.806666666667,2196.185,26.6553480475382,2354.04,23.74000000000024,6.954999999999927,0.0746666666666666,2584.0,2507.5,2470.0,2472.5,1063600.0
2023-09-30,2465.0,2469.5,2385.5,2418.0,2233.75341796875,1400900.0,2495.35,2465.14,2310.6266666666666,2197.79,26.6553480475382,2357.44,22.559999999999945,7.154999999999745,0.0417923308918568,2584.0,2469.5,2418.0,2465.0,1400900.0
2023-10-01,2465.0,2469.5,2385.5,2418.0,2233.75341796875,1400900.0,2498.25,2468.46,2314.52,2199.175,26.6553480475382,2360.84,21.13999999999988,6.962500000000091,0.0614574187884109,2584.0,2469.5,2418.0,2465.0,1400900.0
2023-10-02,2427.5,2453.0,2396.5,2403.0,2219.896728515625,927900.0,2499.85,2470.52,2317.893333333333,2200.635,25.36348949919224,2363.94,19.42000000000008,6.955000000000382,0.0900430936720344,2584.0,2469.5,2418.0,2465.0,1400900.0
2023-10-03,2387.0,2390.0,2330.0,2341.0,2162.62060546875,1123100.0,2494.3,2470.36,2320.333333333333,2201.765,14.577259475218668,2366.26,17.346666666666806,6.835000000000036,0.057123504177015,2584.0,2453.0,2403.0,2427.5,927900.0
2023-10-04,2301.0,2313.5,2237.0,2237.0,2066.545166015625,1864900.0,2481.325,2466.04,2321.16,2202.375,13.679890560875506,2366.41,14.353333333333012,6.190000000000055,0.0101603070670579,2584.0,2390.0,2341.0,2387.0,1123100.0
2023-10-05,2283.0,2294.0,2246.0,2289.5,2115.044921875,884700.0,2468.025,2463.82,2322.6866666666665,2203.2475,20.62893081761005,2367.55,12.059999999999944,5.457499999999982,0.0338676902235266,2584.0,2313.5,2237.0,2301.0,1864900.0
2023-10-06,2292.0,2340.0,2281.0,2326.0,2148.763671875,655900.0,2456.55,2462.46,2324.7,2204.4425,28.41726618705036,2369.73,10.179999999999836,5.267499999999927,0.0534420289855073,2584.0,2294.0,2289.5,2283.0,884700.0
2023-10-07,2292.0,2340.0,2281.0,2326.0,2148.763671875,655900.0,2445.075,2460.66,2326.28,2205.6375,28.41726618705036,2372.51,8.38666666666677,5.0024999999996,0.0374665477252453,2584.0,2340.0,2326.0,2292.0,655900.0
2023-10-08,2292.0,2340.0,2281.0,2326.0,2148.763671875,655900.0,2433.6,2455.62,2327.853333333333,2206.8225,28.41726618705036,2375.29,7.519999999999982,5.057500000000346,0.0465691788526434,2584.0,2340.0,2326.0,2292.0,655900.0
2023-10-09,2292.0,2340.0,2281.0,2326.0,2148.763671875,655900.0,2420.7,2448.8,2329.153333333333,2207.9075,25.375,2378.07,7.993333333333339,5.5324999999998,0.0346975088967971,2535.5,2340.0,2326.0,2292.0,655900.0
2023-10-10,2375.5,2403.5,2371.5,2382.5,2200.958251953125,927800.0,2414.7,2441.88,2330.86,2209.35,32.770270270270274,2381.61,8.17333333333363,6.102499999999964,0.0598309608540925,2535.5,2340.0,2326.0,2292.0,655900.0
2023-10-11,2399.5,2402.5,2367.0,2385.0,2203.26806640625,535500.0,2407.8,2435.06,2332.873333333333,2210.805,34.86454652532392,2384.91,8.17333333333363,6.362499999999727,0.0609430604982206,2535.5,2403.5,2382.5,2375.5,927800.0
2023-10-12,2411.5,2412.0,2383.0,2392.0,2209.734619140625,470800.0,2402.1,2428.52,2334.98,2212.295,39.94845360824742,2387.87,8.699999999999818,6.657500000000255,0.0640569395017793,2535.5,2402.5,2385.0,2399.5,535500.0
2023-10-13,2375.0,2400.0,2364.0,2376.5,2195.415771484375,434900.0,2395.625,2421.36,2336.88,2213.6225,44.09672830725462,2390.44,9.026666666666642,6.799999999999727,0.0680898876404494,2535.5,2412.0,2392.0,2411.5,470800.0
2023-10-14,2375.0,2400.0,2364.0,2376.5,2195.415771484375,434900.0,2389.15,2413.06,2338.5666666666666,2214.905,44.09672830725462,2392.81,9.413333333333412,6.9975000000004,0.0659340659340659,2535.5,2400.0,2376.5,2375.0,434900.0
2023-10-15,2375.0,2400.0,2364.0,2376.5,2195.415771484375,434900.0,2381.825,2408.02,2339.306666666667,2216.1025,44.09672830725462,2395.18,8.446666666666715,6.752500000000055,0.0645016797312429,2535.5,2400.0,2376.5,2375.0,434900.0
2023-10-16,2373.0,2391.5,2337.0,2349.0,2170.010986328125,448800.0,2372.5,2401.06,2340.2533333333336,2217.2625,42.582417582417584,2397.0,7.380000000000109,6.457499999999982,0.0595399188092016,2513.5,2400.0,2376.5,2375.0,434900.0
2023-10-17,2369.0,2377.5,2337.5,2357.5,2177.86328125,393100.0,2364.7,2395.12,2342.293333333333,2218.395,52.65700483091788,2398.71,7.313333333333503,6.099999999999909,0.0779606767261087,2470.0,2391.5,2349.0,2373.0,448800.0
2023-10-18,2374.5,2378.0,2320.0,2340.5,2162.158935546875,594800.0,2358.225,2388.5,2343.9733333333334,2219.4425,73.15436241610738,2399.71,7.093333333333248,5.820000000000164,0.0701874714220394,2418.0,2377.5,2357.5,2369.0,393100.0
2023-10-19,2314.5,2332.0,2299.0,2320.5,2143.682861328125,478900.0,2353.35,2381.08,2345.3866666666668,2220.39,58.1151832460733,2400.62,6.820000000000164,5.484999999999673,0.061042524005487,2418.0,2378.0,2340.5,2374.5,594800.0
2023-10-20,2318.0,2342.0,2301.0,2319.5,2142.7587890625,447500.0,2348.425,2372.94,2346.786666666667,2221.2125,47.90996784565917,2401.57,7.480000000000018,5.110000000000127,0.0516889594196328,2418.0,2332.0,2320.5,2314.5,478900.0
2023-10-21,2318.0,2342.0,2301.0,2319.5,2142.7587890625,447500.0,2343.5,2364.3,2348.273333333333,2221.93,47.90996784565917,2402.38,8.019999999999982,4.667500000000018,0.0448198198198197,2403.0,2342.0,2319.5,2318.0,447500.0
2023-10-22,2318.0,2342.0,2301.0,2319.5,2142.7587890625,447500.0,2339.325,2356.54,2349.306666666667,2222.8525,47.90996784565917,2403.19,7.013333333333321,4.457499999999982,0.0336452762923351,2392.0,2342.0,2319.5,2318.0,447500.0
2023-10-23,2328.5,2335.0,2300.0,2300.0,2124.744873046875,472700.0,2337.275,2349.74,2350.34,2223.6475,42.57142857142857,2403.61,6.366666666666788,4.204999999999927,0.0231316725978647,2392.0,2342.0,2319.5,2318.0,447500.0
2023-10-24,2290.0,2291.0,2212.5,2271.5,2098.41650390625,1158500.0,2339.0,2343.88,2350.653333333333,2224.38,12.244897959183676,2402.75,5.266666666666424,3.990000000000237,0.0059787422497785,2392.0,2335.0,2300.0,2328.5,472700.0
2023-10-25,2297.0,2310.5,2285.0,2286.5,2112.2734375,724800.0,2338.85,2338.62,2351.1666666666665,2225.1875,19.12225705329153,2401.88,4.379999999999654,3.974999999999909,0.012621789193977,2392.0,2291.0,2271.5,2290.0,1158500.0
2023-10-26,2290.5,2305.0,2256.5,2270.5,2097.492431640625,626500.0,2336.075,2332.72,2351.4666666666667,2225.915,13.946587537091986,2400.59,3.193333333333157,3.9850000000001273,0.0055358724534986,2392.0,2310.5,2286.5,2297.0,724800.0
2023-10-27,2281.0,2284.0,2253.0,2279.5,2105.806884765625,668200.0,2333.75,2327.78,2351.8866666666668,2226.6625,20.06172839506172,2399.15,2.5799999999999272,3.8099999999999454,0.0033010563380282,2392.0,2305.0,2270.5,2290.5,626500.0
2023-10-28,2281.0,2284.0,2253.0,2279.5,2105.806884765625,668200.0,2331.425,2325.32,2352.613333333333,2227.35,20.06172839506172,2397.84,2.2733333333330847,3.7024999999998727,-0.0048024448810303,2392.0,2284.0,2279.5,2281.0,668200.0
2023-10-29,2281.0,2284.0,2253.0,2279.5,2105.806884765625,668200.0,2329.1,2327.02,2353.28,2228.0175,20.06172839506172,2396.53,2.626666666667006,3.637499999999818,0.0019780219780218,2392.0,2284.0,2279.5,2281.0,668200.0
2023-10-30,2280.0,2304.0,2255.5,2261.5,2089.178466796875,2131900.0,2323.05,2325.9,2353.6666666666665,2228.585,21.31147540983608,2394.86,2.5,3.3975000000000364,-0.0046214788732393,2392.0,2284.0,2279.5,2281.0,668200.0
2023-10-31,2272.0,2309.5,2261.0,2309.5,2133.52099609375,994500.0,2319.275,2325.24,2354.9,2229.3775,37.5,2393.85,3.433333333333394,3.462500000000091,0.0133830627468187,2392.0,2304.0,2261.5,2280.0,2131900.0
2023-11-01,2182.0,2263.0,2177.5,2239.5,2068.854736328125,2639000.0,2311.65,2321.78,2355.6,2229.82,29.387755102040813,2391.22,3.7133333333331393,3.1575000000002547,-0.0173321632294866,2376.5,2309.5,2309.5,2272.0,994500.0
2023-11-02,2270.0,2298.5,2259.0,2283.0,2109.040283203125,1256500.0,2306.975,2320.06,2356.88,2230.48,43.01675977653631,2387.84,4.266666666666879,3.130000000000109,0.0017551557700745,2376.5,2263.0,2239.5,2182.0,2639000.0
2023-11-03,2270.0,2298.5,2259.0,2283.0,2109.040283203125,1256500.0,2302.3,2318.34,2358.16,2231.1,43.17757009345794,2383.57,4.879999999999654,3.082499999999982,-0.0136098509397277,2376.5,2298.5,2283.0,2270.0,1256500.0
2023-11-04,2270.0,2298.5,2259.0,2283.0,2109.040283203125,1256500.0,2297.625,2314.36,2359.193333333333,2231.695,43.17757009345794,2378.12,5.526666666666642,3.110000000000128,-0.0201716738197424,2357.5,2298.5,2283.0,2270.0,1256500.0
2023-11-05,2270.0,2298.5,2259.0,2283.0,2109.040283203125,1256500.0,2294.325,2310.28,2360.0333333333333,2232.285,43.17757009345794,2372.67,5.133333333333212,2.9074999999998,-0.0222698072805138,2357.5,2298.5,2283.0,2270.0,1256500.0
2023-11-06,2325.0,2359.5,2298.0,2307.5,2131.67333984375,1496300.0,2291.825,2306.9,2360.88,2232.9525,51.37614678899082,2367.71,5.2800000000002,3.132499999999709,-0.0187114607697214,2340.5,2298.5,2283.0,2270.0,1256500.0
2023-11-07,2314.0,2317.5,2258.5,2263.5,2091.026123046875,941000.0,2287.975,2302.38,2361.0866666666666,2233.29,48.61111111111112,2361.87,4.206666666666479,2.809999999999945,-0.0347547974413645,2320.5,2359.5,2307.5,2325.0,1496300.0
2023-11-08,2273.0,2281.0,2191.0,2194.0,2026.822021484375,1507900.0,2281.65,2295.08,2360.233333333333,2233.28,36.496350364963504,2354.07,2.073333333333266,2.180000000000291,-0.0643923240938166,2319.5,2317.5,2263.5,2314.0,941000.0
2023-11-09,2182.0,2249.0,2181.5,2247.5,2076.245361328125,757300.0,2278.05,2289.92,2360.093333333333,2233.5375,46.97368421052632,2348.97,0.900000000000091,1.842499999999745,-0.0415778251599147,2319.5,2281.0,2194.0,2273.0,1507900.0
2023-11-10,2246.5,2284.0,2233.0,2280.0,2106.268798828125,584200.0,2276.075,2287.16,2360.3866666666668,2234.0125,50.06195786864932,2344.11,0.3533333333334667,1.7274999999999636,-0.0338983050847457,2319.5,2249.0,2247.5,2182.0,757300.0
2023-11-11,2246.5,2284.0,2233.0,2280.0,2106.268798828125,584200.0,2274.1,2284.06,2360.4933333333333,2234.4975,50.06195786864932,2339.59,-0.3866666666667697,1.5450000000000728,-0.0383804301982285,2309.5,2284.0,2280.0,2246.5,584200.0
2023-11-12,2246.5,2284.0,2233.0,2280.0,2106.268798828125,584200.0,2273.1,2281.64,2360.353333333333,2235.1125,50.06195786864932,2335.07,-0.7333333333331211,1.8225000000002185,-0.0701468189233278,2309.5,2284.0,2280.0,2246.5,584200.0
2023-11-13,2285.0,2312.0,2280.0,2311.0,2134.90673828125,637400.0,2275.075,2281.26,2360.833333333333,2235.8475,55.94237695078031,2331.17,0.6000000000003638,2.5674999999996544,-0.0743040256358902,2311.0,2284.0,2280.0,2246.5,584200.0
2023-11-14,2323.5,2335.0,2310.0,2330.5,2152.9208984375,653400.0,2277.275,2281.7,2361.613333333333,2236.635,52.70618556701032,2327.32,1.5199999999999818,3.097500000000309,-0.0880453922911367,2330.5,2312.0,2311.0,2285.0,637400.0
2023-11-15,2337.5,2358.0,2333.0,2346.0,2167.239990234375,660300.0,2281.05,2282.76,2362.5066666666667,2237.5,65.96701649175412,2323.53,2.119999999999891,3.487500000000182,-0.0819800430444139,2346.0,2335.0,2330.5,2323.5,653400.0
2023-11-16,2333.0,2349.5,2296.0,2333.0,2155.230224609375,665400.0,2283.725,2283.3,2363.2266666666665,2238.3,58.25082508250825,2319.92,2.733333333333121,3.802500000000237,-0.0870671101545685,2346.0,2358.0,2346.0,2337.5,660300.0
2023-11-17,2331.0,2339.5,2307.5,2323.5,2146.454345703125,745100.0,2285.925,2284.24,2363.82,2238.9725,56.48,2316.99,3.466666666666697,3.8599999999996726,-0.0907845822735277,2346.0,2349.5,2333.0,2333.0,665400.0
2023-11-18,2331.0,2339.5,2307.5,2323.5,2146.454345703125,745100.0,2288.125,2286.32,2363.94,2239.68,56.48,2315.1,3.1066666666665697,3.832499999999982,-0.100812693498452,2346.0,2339.5,2323.5,2331.0,745100.0
2023-11-19,2331.0,2339.5,2307.5,2323.5,2146.454345703125,745100.0,2291.225,2287.8,2363.853333333333,2240.3875,56.48,2313.21,2.2400000000002365,3.7524999999996,-0.0715284715284715,2346.0,2339.5,2323.5,2331.0,745100.0
2023-11-20,2329.0,2342.0,2283.0,2292.0,2117.3544921875,614700.0,2290.35,2288.66,2363.28,2240.9375,47.574334898278565,2310.69,0.7733333333335395,3.4375,-0.0915576694411415,2346.0,2339.5,2323.5,2331.0,745100.0
2023-11-21,2293.0,2293.0,2256.0,2280.0,2106.268798828125,502000.0,2292.375,2288.68,2362.326666666667,2241.4275,52.869565217391305,2308.23,-0.8999999999996362,3.1274999999996,-0.0901835594573025,2346.0,2342.0,2292.0,2329.0,614700.0
2023-11-22,2240.0,2281.5,2236.0,2276.0,2102.573486328125,664200.0,2292.025,2288.54,2361.4066666666668,2241.8975,68.46846846846847,2306.93,-2.413333333333412,2.925000000000182,-0.091779728651237,2346.0,2293.0,2280.0,2293.0,502000.0
2023-11-23,2240.0,2281.5,2236.0,2276.0,2102.573486328125,664200.0,2291.675,2288.4,2360.4866666666667,2242.3675,58.45697329376854,2307.71,-3.453333333333376,2.6875,-0.091779728651237,2346.0,2281.5,2276.0,2240.0,664200.0
2023-11-24,2285.0,2290.0,2262.5,2276.5,2103.035400390625,442400.0,2291.35,2289.0,2359.5733333333333,2242.71,48.71794871794872,2307.45,-4.2800000000002,2.3225000000002183,-0.0977011494252874,2346.0,2281.5,2276.0,2240.0,664200.0
2023-11-25,2285.0,2290.0,2262.5,2276.5,2103.035400390625,442400.0,2291.025,2287.68,2358.46,2242.9175,48.71794871794872,2306.46,-4.820000000000164,1.9800000000000184,-0.102149477420627,2346.0,2290.0,2276.5,2285.0,442400.0
2023-11-26,2285.0,2290.0,2262.5,2276.5,2103.035400390625,442400.0,2289.475,2289.16,2357.2,2243.175,48.71794871794872,2305.47,-5.126666666667006,1.7475000000004002,-0.0942908295205888,2346.0,2290.0,2276.5,2285.0,442400.0
2023-11-27,2281.5,2297.5,2263.5,2279.0,2105.34521484375,426500.0,2290.25,2289.0,2354.893333333333,2244.045,35.18518518518519,2304.53,-6.513333333333321,2.1475000000000364,-0.0773279352226721,2346.0,2290.0,2276.5,2285.0,442400.0
2023-11-28,2279.5,2281.0,2260.5,2275.0,2101.649658203125,489400.0,2294.3,2288.68,2351.94,2244.775,20.0,2303.51,-8.546666666666624,2.4075000000002547,-0.0591397849462365,2346.0,2297.5,2279.0,2281.5,426500.0
2023-11-29,2276.5,2297.0,2266.0,2288.0,2113.658935546875,810400.0,2296.325,2288.88,2348.373333333333,2245.57,17.777777777777786,2301.62,-11.199999999999818,2.860000000000128,-0.053763440860215,2346.0,2281.0,2275.0,2279.5,489400.0
2023-11-30,2274.0,2299.0,2265.5,2297.5,2122.435302734375,685400.0,2297.2,2289.46,2344.9333333333334,2246.4125,29.47976878612718,2299.87,-13.526666666666642,3.494999999999891,-0.0498345740281224,2346.0,2297.0,2288.0,2276.5,810400.0
2023-12-01,2320.0,2333.5,2309.0,2320.0,2143.220703125,679100.0,2299.2,2289.96,2341.793333333333,2247.3025,48.24120603015076,2298.43,-15.406666666666297,4.1274999999996,-0.0345401581356638,2346.0,2299.0,2297.5,2274.0,685400.0
2023-12-02,2320.0,2333.5,2309.0,2320.0,2143.220703125,679100.0,2301.2,2292.22,2338.653333333333,2248.1975,48.24120603015076,2297.3,-16.240000000000236,4.1525000000001455,-0.0089705254164886,2346.0,2333.5,2320.0,2320.0,679100.0
2023-12-03,2320.0,2333.5,2309.0,2320.0,2143.220703125,679100.0,2301.65,2297.26,2335.133333333333,2248.9625,48.24120603015076,2296.17,-16.806666666666843,4.1875,0.0371032632990613,2346.0,2333.5,2320.0,2320.0,679100.0
2023-12-04,2324.5,2331.0,2308.0,2320.5,2143.682861328125,537700.0,2301.15,2300.18,2332.7066666666665,2249.965,70.8029197080292,2295.05,-15.66666666666697,4.394999999999982,0.0135400742520201,2346.0,2333.5,2320.0,2320.0,679100.0
2023-12-05,2318.0,2320.0,2294.0,2303.5,2127.97802734375,551100.0,2299.025,2301.12,2329.78,2250.9175,65.98639455782313,2294.14,-15.153333333333194,4.505000000000109,-0.0096732588134136,2333.0,2331.0,2320.5,2324.5,537700.0
2023-12-06,2295.5,2340.5,2293.5,2340.5,2162.158935546875,656300.0,2299.4,2303.54,2327.5733333333333,2252.055,80.28169014084507,2293.8,-14.220000000000256,4.752500000000055,0.0062338779019777,2340.5,2320.0,2303.5,2318.0,551100.0
2023-12-07,2331.0,2338.5,2317.0,2334.0,2156.154052734375,502400.0,2299.925,2305.7,2325.28,2253.16,75.6637168141593,2293.67,-13.373333333332994,4.962499999999636,0.0034393809114359,2340.5,2340.5,2340.5,2295.5,656300.0
2023-12-08,2341.0,2361.0,2324.5,2340.5,2162.158935546875,1286100.0,2300.775,2306.88,2323.0733333333333,2254.2225,76.89075630252101,2294.07,-12.059999999999944,5.259999999999764,0.0062338779019777,2340.5,2338.5,2334.0,2331.0,502400.0
2023-12-09,2341.0,2361.0,2324.5,2340.5,2162.158935546875,1286100.0,2301.625,2307.28,2320.64,2255.325,76.89075630252101,2294.49,-12.066666666666606,5.359999999999673,-0.0176285414480588,2340.5,2361.0,2340.5,2341.0,1286100.0
2023-12-10,2341.0,2361.0,2324.5,2340.5,2162.158935546875,1286100.0,2304.05,2307.06,2318.04,2256.3575,76.89075630252101,2294.91,-11.740000000000236,5.440000000000055,-0.0186582809224318,2340.5,2361.0,2340.5,2341.0,1286100.0
2023-12-11,2349.0,2396.0,2342.0,2396.0,2213.4296875,874400.0,2309.85,2309.58,2316.4733333333334,2257.7525,84.01162790697674,2296.44,-11.099999999999907,5.697500000000218,0.0016722408026756,2396.0,2361.0,2340.5,2341.0,1286100.0
2023-12-12,2400.0,2406.0,2381.0,2390.5,2208.348876953125,917200.0,2315.575,2312.26,2315.4133333333334,2259.28,83.28530259365994,2298.25,-9.866666666666788,6.120000000000346,0.0058910162002945,2396.0,2396.0,2396.0,2349.0,874400.0
2023-12-13,2373.0,2391.0,2360.5,2384.5,2202.80615234375,655000.0,2321.0,2314.7,2314.9666666666667,2260.7775,78.97897897897897,2300.51,-8.10666666666657,6.555000000000291,0.0033662949715969,2396.0,2406.0,2390.5,2400.0,917200.0
2023-12-14,2401.0,2410.5,2287.5,2300.5,2125.20654296875,1015700.0,2322.2,2313.78,2313.4,2261.855,50.62240663900415,2300.79,-7.239999999999782,6.5300000000002,-0.0319798022301703,2396.0,2391.0,2384.5,2373.0,655000.0
2023-12-15,2300.0,2319.0,2256.0,2269.0,2096.10693359375,1076000.0,2321.825,2312.86,2311.4133333333334,2262.765,39.8,2300.76,-6.626666666666552,6.4074999999998,-0.0340570455512984,2396.0,2410.5,2300.5,2401.0,1015700.0
2023-12-16,2300.0,2319.0,2256.0,2269.0,2096.10693359375,1076000.0,2321.45,2312.42,2309.6266666666666,2263.68,39.8,2300.55,-6.846666666666806,5.927499999999782,-0.0375397667020148,2396.0,2319.0,2269.0,2300.0,1076000.0
2023-12-17,2300.0,2319.0,2256.0,2269.0,2096.10693359375,1076000.0,2320.95,2312.14,2308.6666666666665,2264.77,39.8,2300.34,-6.746666666666897,5.489999999999782,-0.0305490279854732,2396.0,2319.0,2269.0,2300.0,1076000.0
2023-12-18,2247.0,2266.0,2223.0,2264.5,2091.94970703125,786700.0,2320.425,2311.68,2309.0333333333333,2265.7375,38.976377952755904,2300.04,-5.933333333333394,4.960000000000036,-0.0241327300150829,2396.0,2319.0,2269.0,2300.0,1076000.0
2023-12-19,2271.5,2280.0,2247.0,2260.5,2088.254638671875,380700.0,2319.05,2311.04,2308.6466666666665,2266.665,41.078838174273855,2300.02,-4.753333333333558,4.809999999999945,-0.0254365164906229,2396.0,2266.0,2264.5,2247.0,786700.0
2023-12-20,2250.0,2261.0,2235.0,2237.5,2067.0068359375,816000.0,2316.05,2309.48,2307.4666666666667,2267.4775,27.31277533039648,2298.58,-3.946666666666715,4.712500000000091,-0.0353524466479844,2396.0,2280.0,2260.5,2271.5,380700.0
2023-12-21,2232.0,2243.0,2221.5,2224.0,2054.53564453125,506800.0,2311.25,2307.38,2306.1066666666666,2268.2225,26.4957264957265,2298.27,-3.519999999999982,4.542500000000018,-0.0411726665229574,2396.0,2261.0,2237.5,2250.0,816000.0
2023-12-22,2229.0,2252.0,2225.0,2251.0,2079.478759765625,555700.0,2307.8,2306.26,2305.1066666666666,2269.1025,32.41650294695481,2297.63,-3.559999999999945,4.332499999999982,-0.0213043478260869,2396.0,2243.0,2224.0,2232.0,506800.0
2023-12-23,2229.0,2252.0,2225.0,2251.0,2079.478759765625,555700.0,2304.35,2305.3,2304.1066666666666,2269.93,32.41650294695481,2296.99,-4.926666666666733,4.192499999999654,-0.0090248734316531,2396.0,2252.0,2251.0,2229.0,555700.0
2023-12-24,2229.0,2252.0,2225.0,2251.0,2079.478759765625,555700.0,2300.875,2303.82,2302.353333333333,2270.85,32.41650294695481,2296.35,-6.2933333333330665,4.184999999999945,-0.0155259129674174,2396.0,2252.0,2251.0,2229.0,555700.0
2023-12-25,2268.0,2276.0,2249.5,2258.0,2085.945068359375,492500.0,2298.6,2302.24,2300.66,2271.75,16.50485436893203,2295.85,-6.8066666666668425,4.272500000000036,-0.0055053952873815,2396.0,2252.0,2251.0,2229.0,555700.0
2023-12-26,2274.0,2275.0,2250.0,2267.5,2094.72119140625,484400.0,2294.95,2300.14,2299.0,2272.5075,20.714285714285708,2295.05,-7.10666666666657,4.285000000000309,-0.0052643123491994,2396.0,2276.0,2258.0,2268.0,492500.0
2023-12-27,2260.0,2307.5,2257.5,2307.5,2131.67333984375,697700.0,2293.625,2299.64,2298.08,2273.465,34.22131147540985,2295.93,-7.026666666666642,4.362500000000182,0.0122833954814651,2396.0,2275.0,2267.5,2274.0,484400.0
2023-12-28,2299.0,2307.0,2279.5,2295.0,2120.125732421875,444300.0,2291.35,2298.64,2296.9933333333333,2274.36,48.40579710144928,2297.95,-7.11333333333323,4.430000000000291,0.0067997367843826,2396.0,2307.5,2307.5,2260.0,697700.0
2023-12-29,2298.0,2314.0,2274.5,2288.5,2114.12109375,551800.0,2288.75,2297.36,2295.82,2275.185,56.61016949152543,2298.77,-6.533333333333303,4.335000000000036,0.0119389785540571,2396.0,2307.0,2295.0,2299.0,444300.0
2023-12-30,2298.0,2314.0,2274.5,2288.5,2114.12109375,551800.0,2286.15,2296.76,2295.0133333333333,2276.0975,56.61016949152543,2298.94,-5.646666666666533,4.347499999999855,-0.0090928772461571,2396.0,2314.0,2288.5,2298.0,551800.0
2023-12-31,2298.0,2314.0,2274.5,2288.5,2114.12109375,551800.0,2280.775,2294.68,2294.093333333333,2277.2075,56.61016949152543,2299.11,-4.906666666666752,4.699999999999818,0.0218798839026568,2390.5,2314.0,2288.5,2298.0,551800.0
2024-01-01,2298.0,2314.0,2274.5,2288.5,2114.12109375,551800.0,2275.675,2292.86,2293.4,2278.325,58.3916083916084,2299.28,-4.679999999999836,4.859999999999673,0.0024091108190977,2384.5,2314.0,2288.5,2298.0,551800.0
2024-01-02,2298.0,2314.0,2274.5,2288.5,2114.12109375,551800.0,2270.875,2290.78,2292.9733333333334,2279.405,60.07194244604317,2298.83,-4.019999999999982,5.045000000000073,0.0024091108190977,2307.5,2314.0,2288.5,2298.0,551800.0
2024-01-03,2298.0,2314.0,2274.5,2288.5,2114.12109375,551800.0,2270.275,2288.7,2292.56,2280.485,71.98275862068965,2297.99,-3.2600000000002183,5.300000000000182,0.0024091108190977,2307.5,2314.0,2288.5,2298.0,551800.0
2024-01-04,2292.0,2366.0,2261.5,2355.0,2175.5537109375,1014700.0,2274.575,2289.28,2293.0333333333333,2281.8975,88.75739644970415,2298.17,-1.9800000000000184,5.800000000000182,0.0315374507227332,2355.0,2314.0,2288.5,2298.0,551800.0
2024-01-05,2378.0,2398.0,2365.5,2393.0,2210.658447265625,677000.0,2280.775,2289.16,2294.0133333333333,2283.45,89.44444444444444,2299.37,-0.0799999999999272,6.242499999999836,0.0370530877573132,2393.0,2366.0,2355.0,2292.0,1014700.0
2024-01-06,2378.0,2398.0,2365.5,2393.0,2210.658447265625,677000.0,2286.975,2289.26,2295.2533333333336,2285.0325,89.44444444444444,2300.76,1.8533333333334667,6.707499999999982,0.0572122818643694,2393.0,2398.0,2393.0,2378.0,677000.0
2024-01-07,2378.0,2398.0,2365.5,2393.0,2210.658447265625,677000.0,2293.4,2289.6,2296.873333333333,2286.4975,89.44444444444444,2302.15,3.900000000000091,7.092499999999745,0.0907019143117593,2393.0,2398.0,2393.0,2378.0,677000.0
2024-01-08,2378.0,2398.0,2365.5,2393.0,2210.658447265625,677000.0,2300.025,2293.3,2298.293333333333,2287.9575,89.01734104046243,2303.54,5.733333333333576,7.4724999999998545,0.0647385984427142,2393.0,2398.0,2393.0,2378.0,677000.0
2024-01-09,2377.5,2405.0,2360.0,2396.5,2213.8916015625,722400.0,2307.975,2298.4,2299.9733333333334,2289.34,88.62275449101796,2305.63,6.940000000000055,7.442500000000109,0.0510964912280702,2396.5,2398.0,2393.0,2378.0,677000.0
2024-01-10,2404.5,2413.0,2385.5,2398.0,2215.27734375,505400.0,2316.675,2303.56,2301.5533333333333,2290.73,85.21400778210116,2307.99,7.539999999999964,7.2800000000002,0.0517543859649123,2398.0,2405.0,2396.5,2377.5,722400.0
2024-01-11,2404.0,2453.0,2404.0,2414.0,2230.05810546875,711200.0,2324.825,2309.36,2303.346666666667,2292.2,95.07575757575758,2310.75,8.093333333333248,7.167500000000018,0.0587719298245614,2414.0,2413.0,2398.0,2404.5,505400.0
2024-01-12,2409.5,2422.5,2386.0,2412.0,2228.21044921875,596100.0,2332.875,2315.26,2305.113333333333,2293.7125,98.4313725490196,2313.47,8.239999999999782,7.2150000000001455,0.0437040242319342,2414.0,2453.0,2414.0,2404.0,711200.0
2024-01-13,2409.5,2422.5,2386.0,2412.0,2228.21044921875,596100.0,2340.925,2321.32,2307.12,2295.1525,98.4313725490196,2316.18,8.82666666666637,7.195000000000164,0.0349710362583137,2414.0,2422.5,2412.0,2409.5,596100.0
2024-01-14,2409.5,2422.5,2386.0,2412.0,2228.21044921875,596100.0,2348.625,2328.3,2308.4866666666667,2296.4475,98.4313725490196,2318.89,8.513333333333321,7.107500000000073,0.0281329923273656,2414.0,2422.5,2412.0,2409.5,596100.0
2024-01-15,2415.5,2444.5,2414.5,2438.0,2252.229736328125,116600.0,2357.15,2336.86,2311.133333333333,2297.9925,98.6970684039088,2322.12,9.579999999999927,7.262499999999818,0.045006429489927,2438.0,2422.5,2412.0,2409.5,596100.0
2024-01-16,2455.0,2462.0,2420.0,2445.0,2258.696044921875,476000.0,2364.025,2344.62,2313.293333333333,2299.6225,98.75389408099689,2325.44,9.946666666666715,7.422500000000127,0.0522918011620401,2445.0,2444.5,2438.0,2415.5,116600.0
2024-01-17,2448.0,2468.0,2409.5,2409.5,2225.9013671875,651700.0,2369.75,2350.96,2314.98,2301.075,80.86734693877551,2328.13,9.866666666666788,7.362499999999727,0.0370131267484399,2445.0,2462.0,2445.0,2455.0,476000.0
2024-01-18,2409.0,2424.5,2387.5,2393.5,2211.120361328125,437700.0,2375.0,2356.66,2316.4533333333334,2302.4475,63.230240549828174,2330.24,9.333333333333483,7.295000000000073,0.030126963632451,2445.0,2468.0,2409.5,2448.0,651700.0
2024-01-19,2399.0,2409.0,2366.5,2408.5,2224.97705078125,718700.0,2381.0,2362.68,2318.1266666666666,2303.7125,56.326530612244895,2332.46,9.639999999999873,7.264999999999873,0.050828970331588,2445.0,2424.5,2393.5,2409.0,437700.0
2024-01-20,2399.0,2409.0,2366.5,2408.5,2224.97705078125,718700.0,2387.0,2368.32,2319.4733333333334,2304.975,56.326530612244895,2334.23,8.340000000000146,6.982500000000073,0.0563596491228071,2445.0,2409.0,2408.5,2399.0,718700.0
2024-01-21,2399.0,2409.0,2366.5,2408.5,2224.97705078125,718700.0,2393.0,2372.36,2321.4066666666668,2306.1225,56.326530612244895,2336.0,8.11333333333323,6.5,0.0582161687170474,2445.0,2409.0,2408.5,2399.0,718700.0
2024-01-22,2420.0,2464.0,2410.5,2458.5,2271.16748046875,645300.0,2401.5,2378.9,2324.9333333333334,2307.6025,68.98550724637681,2338.77,9.953333333333376,6.5275000000001455,0.0801845342706502,2458.5,2409.0,2408.5,2399.0,718700.0
2024-01-23,2457.5,2461.5,2419.0,2425.0,2240.219970703125,457000.0,2408.325,2384.36,2327.3,2308.9625,57.03703703703704,2340.86,10.846666666666806,6.514999999999873,0.0652317153525148,2458.5,2464.0,2458.5,2420.0,645300.0
2024-01-24,2411.0,2419.0,2397.0,2410.5,2226.824951171875,443900.0,2411.1,2389.24,2329.04,2310.25,52.90023201856148,2343.0,10.913333333333412,6.537499999999909,0.0588622886009224,2458.5,2461.5,2425.0,2457.5,457000.0
2024-01-25,2412.0,2435.5,2405.5,2435.0,2249.4580078125,437500.0,2413.2,2395.1,2331.1066666666666,2311.66,54.6875,2344.89,11.633333333333212,6.684999999999945,0.0696244234570613,2458.5,2419.0,2410.5,2411.0,443900.0
2024-01-26,2436.5,2447.0,2407.0,2428.5,2243.453369140625,690200.0,2414.975,2400.7,2333.0866666666666,2313.005,53.61050328227571,2346.78,11.679999999999836,6.882500000000164,0.0655989469065378,2458.5,2435.5,2435.0,2412.0,437500.0
2024-01-27,2436.5,2447.0,2407.0,2428.5,2243.453369140625,690200.0,2416.75,2406.3,2334.653333333333,2314.4375,53.61050328227571,2348.54,9.7199999999998,6.835000000000036,0.0674725274725274,2458.5,2447.0,2428.5,2436.5,690200.0
2024-01-28,2436.5,2447.0,2407.0,2428.5,2243.453369140625,690200.0,2418.525,2411.9,2335.96,2315.84,53.61050328227571,2350.3,8.659999999999854,6.877500000000055,0.0614073426573427,2458.5,2447.0,2428.5,2436.5,690200.0
2024-01-29,2417.5,2467.5,2417.5,2465.5,2277.6337890625,772700.0,2421.975,2416.32,2337.5533333333333,2317.4825,55.74112734864301,2352.8,8.513333333333321,7.232500000000073,0.0731229597388465,2465.5,2447.0,2428.5,2436.5,690200.0
2024-01-30,2456.0,2465.5,2435.0,2452.5,2265.62451171875,432600.0,2424.7,2418.7,2339.1466666666665,2319.0875,51.5274949083503,2353.93,8.039999999999964,7.4275000000002365,0.0571120689655173,2465.5,2467.5,2465.5,2417.5,772700.0
2024-01-31,2482.5,2527.0,2454.0,2484.5,2295.186279296875,1064000.0,2428.225,2422.36,2341.293333333333,2320.8525,65.49586776859505,2355.81,8.206666666666933,7.8474999999998545,0.070905172413793,2484.5,2465.5,2452.5,2456.0,432600.0
2024-02-01,2493.0,2546.0,2481.0,2528.0,2335.371826171875,1169700.0,2434.025,2427.76,2344.02,2322.835,74.95361781076068,2358.68,9.366666666666788,8.397500000000036,0.089655172413793,2528.0,2527.0,2484.5,2482.5,1064000.0
2024-02-02,2550.0,2614.0,2500.5,2610.0,2411.12353515625,1383400.0,2443.925,2436.44,2347.84,2325.2275,79.9405646359584,2364.87,11.88000000000011,9.387499999999818,0.1247575953458306,2610.0,2546.0,2528.0,2493.0,1169700.0
2024-02-03,2550.0,2614.0,2500.5,2610.0,2411.12353515625,1383400.0,2453.825,2444.98,2352.08,2327.6475,79.9405646359584,2371.69,14.526666666666642,10.164999999999964,0.1330583894074235,2610.0,2614.0,2610.0,2550.0,1383400.0
2024-02-04,2550.0,2614.0,2500.5,2610.0,2411.12353515625,1383400.0,2462.425,2453.46,2356.48,2329.9475,79.9405646359584,2378.51,17.333333333333485,10.860000000000127,0.1151463362529374,2610.0,2614.0,2610.0,2550.0,1383400.0
2024-02-05,2610.0,2638.5,2607.5,2608.0,2409.27587890625,833400.0,2470.575,2461.22,2360.9066666666668,2332.1975,75.90987868284229,2385.29,19.61333333333323,11.345000000000256,0.117395029991431,2610.0,2614.0,2610.0,2550.0,1383400.0
2024-02-06,2580.5,2586.0,2539.5,2545.5,2351.5380859375,765500.0,2477.375,2466.56,2364.5,2334.05,68.97637795275591,2390.91,20.48000000000001,11.215000000000146,0.0875881221961119,2610.0,2638.5,2608.0,2610.0,833400.0
2024-02-07,2542.5,2573.0,2523.0,2569.5,2373.709716796875,788500.0,2486.175,2472.86,2368.4066666666668,2336.0225,74.3119266055046,2397.09,20.56666666666661,10.795000000000073,0.0978423413800471,2610.0,2586.0,2545.5,2580.5,765500.0
2024-02-08,2555.5,2561.5,2515.0,2520.5,2328.44287109375,864100.0,2491.775,2477.2,2371.66,2337.75,62.16216216216217,2402.75,19.579999999999927,10.102499999999964,0.0769066438795129,2610.0,2573.0,2569.5,2542.5,788500.0
2024-02-09,2496.0,2500.0,2468.0,2468.0,2279.943603515625,561700.0,2494.75,2478.4,2374.213333333333,2339.0525,54.9685534591195,2407.63,17.73333333333312,9.104999999999563,0.0300500834724541,2610.0,2561.5,2520.5,2555.5,864100.0
2024-02-10,2496.0,2500.0,2468.0,2468.0,2279.943603515625,561700.0,2497.725,2479.32,2376.733333333333,2340.3525,54.9685534591195,2411.97,15.82666666666637,8.154999999999745,0.0324199958167747,2610.0,2500.0,2468.0,2496.0,561700.0
2024-02-11,2496.0,2500.0,2468.0,2468.0,2279.943603515625,561700.0,2498.2,2481.66,2379.306666666667,2341.55,54.9685534591195,2416.31,14.806666666666844,7.5,0.0350178234430698,2610.0,2500.0,2468.0,2496.0,561700.0
2024-02-12,2496.0,2500.0,2468.0,2468.0,2279.943603515625,561700.0,2500.35,2484.64,2381.7066666666665,2342.6175,50.34674063800278,2420.65,13.299999999999727,6.5949999999998,0.0728102586394261,2610.0,2500.0,2468.0,2496.0,561700.0
2024-02-13,2484.0,2505.5,2465.0,2502.0,2311.35302734375,483700.0,2504.925,2488.38,2384.4333333333334,2343.9575,56.4875491480996,2425.53,12.77333333333354,6.207499999999982,0.1026884089907447,2610.0,2500.0,2468.0,2496.0,561700.0
2024-02-14,2486.0,2488.5,2432.0,2443.0,2256.848388671875,722600.0,2505.325,2489.76,2386.0733333333333,2345.0025,44.92044063647491,2429.04,11.860000000000127,5.950000000000273,0.0766857646540326,2610.0,2505.5,2502.0,2484.0,483700.0
2024-02-15,2448.0,2454.0,2425.0,2433.0,2247.6103515625,492100.0,2505.55,2490.74,2387.58,2345.9975,37.333333333333336,2431.55,10.846666666666806,5.644999999999982,0.0722785368003526,2610.0,2488.5,2443.0,2486.0,722600.0
2024-02-16,2449.0,2499.0,2444.5,2477.0,2288.2578125,860400.0,2507.975,2491.48,2389.673333333333,2347.1325,30.26706231454005,2435.19,10.366666666666331,5.582499999999982,0.0938396997129609,2610.0,2454.0,2433.0,2448.0,492100.0
2024-02-17,2449.0,2499.0,2444.5,2477.0,2288.2578125,860400.0,2510.4,2493.56,2391.76,2347.9125,30.26706231454005,2438.96,10.05333333333374,5.295000000000073,0.0957752709577526,2610.0,2499.0,2477.0,2449.0,860400.0
2024-02-18,2449.0,2499.0,2444.5,2477.0,2288.2578125,860400.0,2510.975,2496.22,2394.0733333333333,2348.9075,30.26706231454005,2442.73,9.639999999999873,4.949999999999818,0.1070391061452513,2610.0,2499.0,2477.0,2449.0,860400.0
2024-02-19,2465.0,2501.5,2448.5,2489.0,2299.343505859375,587400.0,2512.8,2498.38,2396.0533333333333,2350.33,32.85302593659942,2446.74,9.980000000000018,5.327499999999873,0.1191546762589927,2610.0,2499.0,2477.0,2449.0,860400.0
2024-02-20,2489.0,2489.5,2455.5,2469.0,2280.867431640625,699400.0,2512.025,2500.0,2397.853333333333,2351.6025,37.43842364532019,2450.35,10.27333333333354,5.605000000000018,0.0968458462905375,2610.0,2501.5,2489.0,2465.0,587400.0
2024-02-21,2482.5,2482.5,2453.5,2474.0,2285.486328125,451000.0,2509.325,2501.82,2399.633333333333,2352.9,33.27495621716287,2454.06,9.960000000000036,5.767499999999927,0.0990670812972012,2610.0,2489.5,2469.0,2489.0,699400.0
2024-02-22,2469.0,2480.5,2464.5,2480.5,2291.490966796875,464000.0,2502.85,2503.9,2401.5,2354.23,41.76954732510288,2457.9,9.739999999999782,6.317500000000109,0.101954686805864,2610.0,2482.5,2474.0,2482.5,451000.0
2024-02-23,2469.0,2480.5,2464.5,2480.5,2291.490966796875,464000.0,2496.375,2504.5,2403.366666666667,2355.5925,53.28083989501312,2460.41,9.29333333333352,6.6850000000004,0.0985385296722762,2610.0,2480.5,2480.5,2469.0,464000.0
2024-02-24,2469.0,2480.5,2464.5,2480.5,2291.490966796875,464000.0,2489.9,2505.62,2404.4933333333333,2356.785,53.28083989501312,2462.16,8.440000000000055,6.454999999999927,0.0939360529217199,2608.0,2480.5,2480.5,2469.0,464000.0
2024-02-25,2469.0,2480.5,2464.5,2480.5,2291.490966796875,464000.0,2483.525,2505.46,2405.693333333333,2358.075,53.28083989501312,2463.91,7.839999999999691,6.472499999999855,0.0749729144095341,2569.5,2480.5,2480.5,2469.0,464000.0
2024-02-26,2482.5,2492.5,2467.5,2489.0,2299.343505859375,598600.0,2480.7,2503.9,2407.0866666666666,2359.28,55.27638190954774,2465.83,7.453333333333376,6.380000000000109,0.0845315904139434,2569.5,2480.5,2480.5,2469.0,464000.0
2024-02-27,2472.5,2485.5,2447.0,2457.5,2270.24365234375,915000.0,2475.1,2497.8,2409.18,2360.3275,38.67684478371501,2467.12,7.679999999999836,6.097499999999855,0.0738474983613721,2520.5,2492.5,2489.0,2482.5,598600.0
2024-02-28,2465.0,2509.5,2459.0,2504.5,2313.662353515625,700200.0,2474.3,2493.58,2412.32,2361.61,66.66666666666666,2469.28,8.953333333333376,6.017499999999927,0.0943849683198601,2504.5,2485.5,2457.5,2472.5,915000.0
2024-02-29,2498.5,2498.5,2450.5,2462.0,2274.40087890625,613300.0,2474.0,2487.66,2414.893333333333,2362.68,56.68202764976959,2470.56,10.400000000000093,5.894999999999982,0.0758138518680358,2504.5,2509.5,2504.5,2465.0,700200.0
2024-03-01,2453.0,2490.0,2453.0,2481.5,2292.414794921875,464700.0,2474.675,2482.6,2417.7266666666665,2363.9625,51.168831168831176,2471.91,12.033333333333305,5.887500000000273,0.0843347170635788,2504.5,2498.5,2462.0,2498.5,613300.0
2024-03-02,2453.0,2490.0,2453.0,2481.5,2292.414794921875,464700.0,2475.35,2480.04,2420.62,2365.2225,51.168831168831176,2473.3,13.533333333333305,5.942499999999654,0.0843347170635788,2504.5,2490.0,2481.5,2453.0,464700.0
2024-03-03,2453.0,2490.0,2453.0,2481.5,2292.414794921875,464700.0,2476.025,2476.52,2423.5666666666666,2366.4675,51.168831168831176,2474.69,14.38666666666677,6.140000000000327,0.0843347170635788,2504.5,2490.0,2481.5,2453.0,464700.0
2024-03-04,2471.5,2476.5,2452.5,2468.0,2279.943603515625,553800.0,2474.325,2474.42,2426.64,2367.7225,44.587628865979376,2475.81,14.319999999999707,6.112499999999727,0.0479830148619957,2504.5,2490.0,2481.5,2453.0,464700.0
2024-03-05,2460.0,2477.0,2440.0,2465.0,2277.172119140625,606600.0,2475.425,2474.3,2429.853333333333,2369.1125,48.87005649717514,2476.35,14.960000000000036,6.432500000000346,0.0300877559548684,2504.5,2476.5,2468.0,2471.5,553800.0
2024-03-06,2471.0,2499.5,2463.0,2493.5,2303.50048828125,466600.0,2478.45,2475.32,2433.0866666666666,2370.645,54.86284289276808,2477.32,15.360000000000127,6.682499999999891,0.0419974926870037,2504.5,2477.0,2465.0,2460.0,606600.0
2024-03-07,2505.0,2545.0,2496.0,2541.5,2347.843017578125,748800.0,2481.675,2478.26,2436.96,2372.4175,62.603305785123965,2479.96,16.340000000000146,7.195000000000164,0.062055996656916,2541.5,2499.5,2493.5,2471.0,466600.0
2024-03-08,2528.0,2559.5,2523.0,2549.0,2354.771240234375,666600.0,2485.275,2481.5,2440.9333333333334,2374.135,63.72745490981964,2483.07,17.366666666666788,7.667500000000018,0.0651901379022148,2549.0,2545.0,2541.5,2505.0,748800.0
2024-03-09,2528.0,2559.5,2523.0,2549.0,2354.771240234375,666600.0,2488.875,2483.38,2444.813333333333,2375.78,63.72745490981964,2485.88,18.17333333333363,8.057500000000346,0.0636344669309409,2549.0,2559.5,2549.0,2528.0,666600.0
2024-03-10,2528.0,2559.5,2523.0,2549.0,2354.771240234375,666600.0,2491.875,2487.62,2448.5666666666666,2377.305,63.72745490981964,2488.69,18.71333333333314,8.192499999999654,0.0629691409507924,2549.0,2559.5,2549.0,2528.0,666600.0
2024-03-11,2553.0,2560.0,2483.0,2505.5,2314.586181640625,632900.0,2493.7,2490.52,2451.2066666666665,2378.5925,52.89982425307557,2490.63,18.11999999999989,7.947500000000218,0.0379038939519469,2549.0,2559.5,2549.0,2528.0,666600.0
2024-03-12,2506.5,2521.5,2463.0,2503.5,2312.738525390625,474900.0,2495.175,2491.58,2453.9866666666667,2379.82,59.01960784313726,2491.53,17.026666666666642,7.4025000000001455,0.0379353233830845,2549.0,2560.0,2505.5,2553.0,632900.0
2024-03-13,2525.0,2543.0,2490.0,2498.0,2307.657470703125,388700.0,2496.05,2492.42,2456.78,2381.02,48.47775175644029,2492.99,15.846666666666806,6.884999999999764,0.0356550580431176,2549.0,2521.5,2503.5,2506.5,474900.0
2024-03-14,2504.5,2570.0,2498.0,2570.0,2374.17138671875,740900.0,2500.525,2496.14,2460.5333333333333,2382.58,72.22222222222223,2496.18,15.7199999999998,6.799999999999727,0.0655058043117744,2570.0,2543.0,2498.0,2525.0,388700.0
2024-03-15,2470.0,2470.0,2331.0,2359.0,2179.249267578125,5219500.0,2494.45,2490.94,2461.4733333333334,2383.015,35.903337169159954,2494.66,12.906666666666752,5.710000000000036,-0.0324036095159967,2570.0,2570.0,2570.0,2504.5,740900.0
2024-03-16,2470.0,2470.0,2331.0,2359.0,2179.249267578125,5219500.0,2488.375,2486.54,2462.4133333333334,2383.3575,35.903337169159954,2493.27,11.206666666666932,4.764999999999873,-0.0351738241308793,2570.0,2470.0,2359.0,2470.0,5219500.0
2024-03-17,2470.0,2470.0,2331.0,2359.0,2179.249267578125,5219500.0,2481.875,2481.94,2463.353333333333,2383.7775,35.903337169159954,2491.88,9.366666666666788,3.957499999999982,-0.0209587051255447,2570.0,2470.0,2359.0,2470.0,5219500.0
2024-03-18,2402.0,2444.0,2399.0,2429.0,2243.915283203125,2404800.0,2480.45,2479.88,2465.2266666666665,2384.5625,46.02851323828921,2491.89,8.44666666666626,3.542500000000018,0.0148318362231041,2570.0,2470.0,2359.0,2470.0,5219500.0
2024-03-19,2444.0,2489.5,2434.0,2484.5,2295.186279296875,1207600.0,2479.45,2480.04,2466.9533333333334,2385.59,51.79392824287029,2492.27,6.420000000000073,3.0100000000002183,0.0315549096948308,2570.0,2444.0,2429.0,2402.0,2404800.0
2024-03-20,2444.0,2489.5,2434.0,2484.5,2295.186279296875,1207600.0,2480.575,2480.2,2468.173333333333,2386.6175,49.12621359223301,2492.91,6.699999999999818,3.602499999999964,0.0315549096948308,2570.0,2489.5,2484.5,2444.0,1207600.0
2024-03-21,2500.0,2525.5,2496.0,2513.0,2321.5146484375,943600.0,2482.15,2481.5,2469.773333333333,2387.7875,47.12411705348133,2493.48,7.360000000000127,4.429999999999836,0.0433880008303924,2570.0,2489.5,2484.5,2444.0,1207600.0
2024-03-22,2527.0,2562.0,2514.0,2555.0,2360.314208984375,735000.0,2485.825,2484.14,2471.9333333333334,2388.99,50.56603773584906,2494.02,8.579999999999927,5.212499999999636,0.0392515761643279,2570.0,2525.5,2513.0,2500.0,943600.0
2024-03-23,2527.0,2562.0,2514.0,2555.0,2360.314208984375,735000.0,2489.5,2488.04,2474.093333333333,2390.115,50.56603773584906,2492.92,8.866666666666788,5.552499999999782,0.0536082474226804,2570.0,2562.0,2555.0,2527.0,735000.0
2024-03-24,2527.0,2562.0,2514.0,2555.0,2360.314208984375,735000.0,2493.85,2490.06,2476.2066666666665,2391.215,50.56603773584906,2491.82,9.253333333333105,5.625,0.0599460692802322,2570.0,2562.0,2555.0,2527.0,735000.0
2024-03-25,2570.0,2591.0,2551.0,2551.0,2356.618896484375,1071300.0,2498.15,2493.62,2478.2466666666664,2392.2125,54.638124362895006,2490.64,10.073333333333268,5.595000000000255,0.0476386036960985,2570.0,2562.0,2555.0,2527.0,735000.0
2024-03-26,2550.0,2573.5,2541.5,2568.0,2372.32373046875,675200.0,2501.875,2497.08,2480.3,2393.3275,56.37982195845697,2489.84,10.526666666666642,5.539999999999964,0.0574428659666461,2570.0,2591.0,2551.0,2570.0,1071300.0
2024-03-27,2581.0,2585.0,2532.5,2532.5,2339.528564453125,855000.0,2501.425,2499.12,2481.9066666666668,2394.265,53.22128851540617,2489.58,9.973333333333358,5.275000000000091,0.0428247889643813,2570.0,2573.5,2568.0,2550.0,675200.0
2024-03-28,2507.0,2524.5,2468.5,2479.5,2341.41748046875,940900.0,2497.95,2499.04,2482.806666666667,2394.9375,41.23910939012585,2487.78,8.713333333333594,4.822500000000218,0.0210006176652255,2570.0,2585.0,2532.5,2581.0,855000.0
2024-03-29,2489.0,2499.0,2466.0,2491.0,2352.27685546875,427400.0,2495.05,2499.96,2483.86,2395.5925,70.82018927444796,2487.19,7.653333333333649,4.377500000000055,0.0103427296694382,2570.0,2524.5,2479.5,2507.0,940900.0
2024-03-30,2489.0,2499.0,2466.0,2491.0,2352.27685546875,427400.0,2492.15,2501.0,2484.5666666666666,2396.1925,70.82018927444796,2487.65,6.320000000000164,3.980000000000018,0.0156982670744139,2570.0,2499.0,2491.0,2489.0,427400.0
2024-03-31,2489.0,2499.0,2466.0,2491.0,2352.27685546875,427400.0,2491.425,2500.9,2485.18,2396.3875,70.82018927444796,2488.11,4.879999999999654,3.059999999999945,0.0026162205675186,2570.0,2499.0,2491.0,2489.0,427400.0
2024-04-01,2512.0,2513.5,2442.0,2449.0,2312.615966796875,664300.0,2488.7,2497.2,2485.7066666666665,2396.15,53.46020761245675,2487.73,3.799999999999727,1.8850000000002185,-0.03125,2570.0,2499.0,2491.0,2489.0,427400.0
2024-04-02,2462.0,2498.0,2449.5,2456.5,2319.6982421875,700900.0,2486.625,2493.5,2486.5466666666666,2395.655,44.1908713692946,2487.5,3.7399999999997817,0.7175000000002001,-0.0588122605363984,2570.0,2513.5,2449.0,2512.0,664300.0
2024-04-03,2451.5,2490.5,2450.0,2475.5,2337.64013671875,703500.0,2481.9,2490.56,2487.44,2395.255,48.26923076923077,2486.97,3.5799999999999272,-0.3375000000000909,-0.0515325670498084,2568.0,2498.0,2456.5,2462.0,700900.0
2024-04-04,2475.0,2523.0,2458.0,2514.5,2374.46826171875,740500.0,2489.675,2489.18,2488.853333333333,2395.05,50.277264325323465,2488.4,4.286666666666861,-1.1424999999999272,-0.0365900383141762,2568.0,2490.5,2475.5,2451.5,703500.0
2024-04-05,2508.0,2514.5,2451.0,2510.5,2370.69091796875,711400.0,2497.25,2489.38,2490.213333333333,2394.825,40.43010752688173,2489.95,5.033333333333303,-1.5625,-0.0373849693251533,2568.0,2523.0,2514.5,2475.0,740500.0
2024-04-06,2508.0,2514.5,2451.0,2510.5,2370.69091796875,711400.0,2504.825,2489.66,2490.9066666666668,2394.4575,40.43010752688173,2490.62,5.200000000000273,-1.6925000000001091,-0.0137497544686702,2568.0,2514.5,2510.5,2508.0,711400.0
2024-04-07,2508.0,2514.5,2451.0,2510.5,2370.69091796875,711400.0,2508.9,2490.16,2492.0466666666666,2394.4975,40.43010752688173,2491.29,5.5,-1.1575000000002549,-0.0229616656937147,2568.0,2514.5,2510.5,2508.0,711400.0
2024-04-08,2520.0,2548.5,2497.0,2533.0,2391.93798828125,585600.0,2511.325,2488.68,2493.68,2394.5475,46.41434262948207,2492.41,6.239999999999782,-0.7074999999999818,0.0049593334655821,2568.0,2514.5,2510.5,2508.0,711400.0
2024-04-09,2540.0,2551.0,2517.5,2544.5,2402.79736328125,763600.0,2514.325,2496.1,2495.14,2394.74,45.21384928716904,2493.52,6.286666666666406,-0.3100000000004002,0.0309967585089141,2568.0,2548.5,2533.0,2520.0,585600.0
2024-04-10,2545.0,2663.0,2536.5,2633.5,2486.841064453125,1427900.0,2520.35,2507.08,2497.873333333333,2395.3775,66.8896321070234,2496.81,7.660000000000309,0.5525000000002365,0.0670583468395462,2633.5,2551.0,2544.5,2540.0,763600.0
2024-04-11,2600.0,2731.0,2589.0,2689.0,2539.250244140625,1212000.0,2527.05,2520.28,2501.346666666667,2396.2925,84.74295190713102,2501.11,10.440000000000056,1.8350000000000364,0.089546191247974,2689.0,2663.0,2633.5,2545.0,1427900.0
2024-04-12,2680.0,2684.0,2622.0,2626.0,2479.7587890625,883100.0,2530.6,2528.16,2503.98,2396.8075,69.12181303116148,2504.02,11.933333333333394,2.309999999999945,0.0640194489465153,2689.0,2731.0,2689.0,2600.0,1212000.0
2024-04-13,2680.0,2684.0,2622.0,2626.0,2479.7587890625,883100.0,2534.15,2533.82,2506.12,2397.26,69.12181303116148,2506.93,12.440000000000056,2.712500000000091,0.0495603517186251,2689.0,2684.0,2626.0,2680.0,883100.0
2024-04-14,2680.0,2684.0,2622.0,2626.0,2479.7587890625,883100.0,2537.9,2539.48,2508.4333333333334,2397.8225,69.12181303116148,2509.84,13.29333333333352,3.082500000000437,0.0749079001227999,2689.0,2684.0,2626.0,2680.0,883100.0
2024-04-15,2610.0,2740.0,2589.5,2716.5,2565.218994140625,1401800.0,2545.325,2547.62,2511.526666666666,2399.055,83.31257783312577,2514.56,13.653333333333194,3.6774999999997817,0.1165228113440197,2716.5,2684.0,2626.0,2680.0,883100.0
2024-04-16,2700.0,2730.5,2657.5,2659.0,2510.9208984375,845800.0,2551.65,2551.78,2513.273333333333,2400.26,72.42524916943522,2517.96,11.926666666666732,3.9675000000002,0.073475979006863,2716.5,2740.0,2716.5,2610.0,1401800.0
2024-04-17,2658.5,2676.0,2575.0,2610.0,2464.650146484375,888800.0,2558.175,2553.98,2513.273333333333,2401.22,63.966770508826585,2521.01,9.29333333333352,4.412499999999909,0.0536939846588615,2716.5,2730.5,2659.0,2700.0,845800.0
2024-04-18,2599.0,2665.0,2597.0,2642.0,2494.86767578125,603500.0,2565.725,2557.46,2513.7,2402.34,63.435194942044255,2523.76,7.579999999999927,5.079999999999927,0.0666128381106176,2716.5,2676.0,2610.0,2658.5,888800.0
2024-04-19,2634.0,2655.5,2601.5,2621.0,2475.037353515625,484800.0,2572.225,2560.26,2513.846666666667,2403.43,61.241098677517805,2526.94,5.413333333333412,5.607499999999618,0.0530333467255925,2716.5,2665.0,2642.0,2599.0,603500.0
2024-04-20,2634.0,2655.5,2601.5,2621.0,2475.037353515625,484800.0,2578.725,2562.38,2514.02,2404.83,61.241098677517805,2529.73,2.4933333333333394,5.775000000000091,0.0615633859862292,2716.5,2655.5,2621.0,2634.0,484800.0
2024-04-21,2634.0,2655.5,2601.5,2621.0,2475.037353515625,484800.0,2587.325,2565.92,2515.026666666666,2406.75,61.241098677517805,2532.52,1.753333333333103,6.489999999999782,0.0594179466451092,2716.5,2655.5,2621.0,2634.0,484800.0
2024-04-22,2655.0,2718.0,2647.5,2697.0,2546.804931640625,804400.0,2599.35,2574.62,2516.7266666666665,2408.7875,65.04587155963303,2536.83,3.453333333332921,7.567500000000109,0.0872807901632735,2716.5,2655.5,2621.0,2634.0,484800.0
2024-04-23,2700.0,2709.0,2642.5,2650.5,2502.894287109375,645000.0,2608.1,2581.0,2518.46,2410.41,59.13793103448276,2540.48,4.760000000000218,8.069999999999709,0.0685345696432171,2716.5,2718.0,2697.0,2655.0,804400.0
2024-04-24,2655.0,2658.5,2621.0,2646.5,2499.1171875,493600.0,2614.7,2587.22,2520.84,2412.0125,51.31313131313131,2544.11,6.993333333333339,8.582499999999982,0.0669219915339649,2716.5,2709.0,2650.5,2700.0,645000.0
2024-04-25,2657.5,2657.5,2602.0,2602.0,2457.095458984375,593800.0,2619.275,2591.66,2522.6266666666666,2413.3925,41.01239669421488,2546.28,8.60666666666657,8.5625,0.0489820600685346,2716.5,2658.5,2646.5,2655.0,493600.0
2024-04-26,2604.0,2639.0,2570.0,2628.0,2481.647216796875,676800.0,2625.15,2598.82,2524.76,2414.9025,50.22371364653244,2548.01,9.733333333333576,8.152500000000146,0.055845721173162,2716.5,2657.5,2602.0,2657.5,593800.0
2024-04-27,2604.0,2639.0,2570.0,2628.0,2481.647216796875,676800.0,2631.025,2605.68,2526.893333333333,2416.13,50.22371364653244,2549.59,10.16666666666697,7.3425000000002,0.069379450661241,2716.5,2639.0,2628.0,2604.0,676800.0
2024-04-28,2604.0,2639.0,2570.0,2628.0,2481.647216796875,676800.0,2635.775,2611.78,2528.5733333333333,2417.345,50.22371364653244,2551.17,10.11333333333323,6.934999999999945,0.0493112397684167,2716.5,2639.0,2628.0,2604.0,676800.0
2024-04-29,2604.0,2639.0,2570.0,2628.0,2481.647216796875,676800.0,2639.95,2616.32,2531.04,2418.525,37.58765778401122,2552.75,10.199999999999818,6.512500000000273,0.0674248578391552,2716.5,2639.0,2628.0,2604.0,676800.0
2024-04-30,2670.0,2682.0,2642.5,2681.5,2532.16796875,480100.0,2642.35,2623.16,2534.353333333333,2420.05,53.191489361702125,2556.27,11.726666666666915,6.657500000000255,0.0805964134596011,2716.5,2639.0,2628.0,2604.0,676800.0
2024-05-01,2665.0,2695.5,2648.0,2681.5,2532.16796875,528800.0,2641.975,2630.0,2537.08,2421.575,61.77924217462933,2559.83,12.319999999999707,6.672499999999673,0.0805964134596011,2716.5,2682.0,2681.5,2670.0,480100.0
2024-05-02,2682.0,2713.5,2676.0,2688.0,2538.305908203125,540300.0,2645.075,2637.1,2539.893333333333,2423.1325,58.27338129496402,2563.63,13.0,7.002500000000055,0.0832157968970381,2716.5,2695.5,2681.5,2665.0,528800.0
2024-05-03,2682.0,2713.5,2676.0,2688.0,2538.305908203125,540300.0,2648.175,2643.3,2542.7066666666665,2424.8275,63.03501945525292,2565.99,14.133333333333212,7.482500000000073,0.0891410048622365,2716.5,2713.5,2688.0,2682.0,540300.0
2024-05-04,2682.0,2713.5,2676.0,2688.0,2538.305908203125,540300.0,2651.275,2649.04,2545.36,2426.48,63.03501945525292,2572.57,14.320000000000164,7.954999999999927,0.0904665314401622,2716.5,2713.5,2688.0,2682.0,540300.0
2024-05-05,2682.0,2713.5,2676.0,2688.0,2538.305908203125,540300.0,2649.85,2651.22,2548.28,2428.2175,63.03501945525292,2579.15,13.926666666666732,8.167500000000018,0.0780028072989773,2697.0,2713.5,2688.0,2682.0,540300.0
2024-05-06,2682.0,2713.5,2676.0,2688.0,2538.305908203125,540300.0,2651.3,2651.18,2551.133333333333,2430.055,47.51381215469614,2585.73,14.053333333333285,8.480000000000018,0.0576431241392878,2697.0,2713.5,2688.0,2682.0,540300.0
2024-05-07,2700.0,2700.0,2649.5,2665.0,2516.5869140625,550000.0,2654.05,2652.74,2553.593333333333,2431.7825,54.60317460317461,2590.45,13.699999999999818,8.649999999999636,0.0455080423695566,2697.0,2713.5,2688.0,2682.0,540300.0
2024-05-08,2674.0,2685.0,2641.0,2665.0,2516.5869140625,510300.0,2655.2,2654.3,2556.0533333333333,2433.51,56.02605863192183,2594.06,13.346666666666806,8.682500000000346,0.0455080423695566,2697.0,2700.0,2665.0,2700.0,550000.0
2024-05-09,2650.0,2687.0,2635.0,2671.5,2522.724853515625,492700.0,2657.725,2656.12,2558.6,2435.27,80.08658008658008,2597.8,13.239999999999782,8.789999999999964,0.0480580619850921,2697.0,2685.0,2665.0,2674.0,510300.0
2024-05-10,2517.5,2597.0,2509.5,2542.5,2400.90869140625,2041200.0,2653.8,2649.16,2559.4266666666667,2436.4825,30.434782608695656,2598.39,11.146666666666531,8.264999999999873,0.0147675114747556,2697.0,2687.0,2671.5,2650.0,492700.0
2024-05-11,2517.5,2597.0,2509.5,2542.5,2400.90869140625,2041200.0,2649.875,2644.5,2560.14,2437.8375,30.434782608695656,2598.14,9.00666666666666,7.782500000000255,0.0155781905332534,2697.0,2597.0,2542.5,2517.5,2041200.0
2024-05-12,2517.5,2597.0,2509.5,2542.5,2400.90869140625,2041200.0,2642.15,2641.8,2561.273333333333,2439.1175,30.434782608695656,2597.89,7.680000000000291,7.335000000000036,0.0178142514011208,2688.0,2597.0,2542.5,2517.5,2041200.0
2024-05-13,2560.0,2560.0,2490.0,2516.5,2376.356689453125,964700.0,2635.45,2636.78,2561.4333333333334,2440.3475,27.198364008179965,2597.12,5.380000000000109,6.837499999999636,-0.0208171206225681,2688.0,2597.0,2542.5,2517.5,2041200.0
2024-05-14,2537.0,2538.0,2505.0,2534.5,2393.3544921875,585400.0,2629.85,2633.32,2562.4,2441.6225,14.832535885167474,2596.79,3.800000000000182,6.352499999999964,0.0743959304790164,2688.0,2560.0,2516.5,2560.0,964700.0
2024-05-15,2538.0,2547.5,2507.0,2511.5,2371.63525390625,586400.0,2625.325,2628.94,2562.8,2442.7825,13.362068965517253,2595.66,3.3733333333334485,6.299999999999727,0.0646460364561254,2688.0,2538.0,2534.5,2537.0,585400.0
2024-05-16,2513.0,2522.0,2472.0,2491.0,2352.27685546875,574200.0,2618.475,2623.74,2562.9266666666667,2443.84,9.95934959349593,2594.83,2.7866666666668607,6.002500000000055,0.055955913522679,2688.0,2547.5,2511.5,2538.0,586400.0
2024-05-17,2490.0,2529.0,2486.0,2516.5,2376.356689453125,582400.0,2612.9,2616.52,2563.393333333333,2445.115,18.416206261510126,2595.57,2.119999999999891,5.997499999999945,0.0360230547550433,2688.0,2522.0,2491.0,2513.0,574200.0
2024-05-18,2490.0,2529.0,2486.0,2516.5,2376.356689453125,582400.0,2607.325,2611.16,2564.04,2446.15,18.416206261510126,2596.08,2.6066666666665697,5.8025000000002365,0.01287985510163,2688.0,2529.0,2516.5,2490.0,582400.0
2024-05-19,2490.0,2529.0,2486.0,2516.5,2376.356689453125,582400.0,2601.75,2605.96,2564.7266666666665,2447.535,18.416206261510126,2596.59,2.3266666666663696,5.912499999999909,0.01287985510163,2688.0,2529.0,2516.5,2490.0,582400.0
2024-05-20,2517.5,2561.0,2506.5,2561.0,2418.378662109375,590800.0,2595.725,2604.32,2565.6266666666666,2448.925,29.905063291139243,2597.99,2.8266666666663696,6.142500000000382,0.019100676482292,2688.0,2529.0,2516.5,2490.0,582400.0
2024-05-21,2575.0,2588.5,2561.0,2565.5,2422.628173828125,492100.0,2589.925,2601.82,2565.9466666666667,2450.3375,33.27731092436976,2600.32,3.019999999999982,6.497499999999945,0.0041095890410958,2688.0,2561.0,2561.0,2517.5,590800.0
2024-05-22,2565.0,2567.5,2522.5,2532.0,2390.99365234375,432500.0,2582.125,2597.98,2565.72,2451.5825,29.909365558912384,2601.83,2.3266666666663696,6.4675000000002,-0.0090019569471624,2688.0,2588.5,2565.5,2575.0,492100.0
2024-05-23,2519.0,2556.5,2508.0,2556.0,2413.6572265625,430800.0,2575.525,2595.1,2565.813333333333,2452.9475,33.42898134863702,2603.44,1.7733333333335397,6.797500000000127,0.0003913894324854,2688.0,2567.5,2532.0,2565.0,432500.0
2024-05-24,2511.0,2564.5,2511.0,2554.0,2411.7685546875,374200.0,2568.825,2592.14,2565.88,2454.18,52.59593679458239,2604.23,1.1533333333336486,6.644999999999982,0.0011760094080752,2688.0,2556.5,2556.0,2519.0,430800.0
2024-05-25,2511.0,2564.5,2511.0,2554.0,2411.7685546875,374200.0,2562.125,2587.04,2566.526666666666,2455.6325,52.59593679458239,2605.1,0.900000000000091,6.707499999999982,-0.0054517133956386,2688.0,2564.5,2554.0,2511.0,374200.0
2024-05-26,2511.0,2564.5,2511.0,2554.0,2411.7685546875,374200.0,2555.425,2581.94,2567.2,2457.4325,52.59593679458239,2605.97,1.253333333333103,7.0949999999998,0.0084896347482723,2671.5,2564.5,2554.0,2511.0,374200.0
2024-05-27,2574.0,2606.5,2556.0,2606.5,2461.344970703125,535500.0,2552.5,2578.68,2568.6466666666665,2459.2275,68.14516129032258,2607.89,2.9266666666667334,7.644999999999982,0.0512200040330712,2671.5,2564.5,2554.0,2511.0,374200.0
2024-05-28,2612.5,2697.0,2606.5,2671.0,2522.2529296875,1082200.0,2552.8,2578.0,2569.9933333333333,2461.1825,73.1748726655348,2610.65,4.179999999999836,8.234999999999673,0.0722601364913688,2671.5,2606.5,2606.5,2574.0,535500.0
2024-05-29,2670.5,2676.0,2604.5,2605.0,2459.928466796875,559300.0,2549.475,2574.68,2573.273333333333,2462.8075,63.85185185185185,2611.86,7.39333333333343,8.627500000000055,0.0457647531112004,2671.0,2697.0,2671.0,2612.5,1082200.0
2024-05-30,2575.5,2603.0,2553.5,2594.0,2449.541015625,510000.0,2552.05,2570.92,2576.4066666666668,2464.3775,65.70121951219511,2611.07,9.88000000000011,8.74499999999989,0.0413488558811723,2671.0,2676.0,2605.0,2670.5,559300.0
2024-05-31,2615.5,2650.5,2614.0,2639.5,2492.507080078125,549300.0,2556.9,2568.98,2580.1466666666665,2466.02,67.67241379310344,2610.08,12.946666666666715,8.587500000000091,0.0777868517762352,2671.0,2603.0,2594.0,2575.5,510000.0
2024-06-01,2615.5,2650.5,2614.0,2639.5,2492.507080078125,549300.0,2561.75,2567.96,2582.9533333333334,2467.565,67.67241379310344,2610.35,14.306666666666844,8.337500000000091,0.0744962344799511,2671.0,2650.5,2639.5,2615.5,549300.0
2024-06-02,2615.5,2650.5,2614.0,2639.5,2492.507080078125,549300.0,2567.9,2566.94,2585.02,2469.0325,67.67241379310344,2610.62,15.026666666666642,7.849999999999909,0.0662492425772571,2671.0,2650.5,2639.5,2615.5,549300.0
2024-06-03,2646.5,2657.5,2590.0,2595.5,2450.957275390625,644900.0,2570.95,2563.9,2586.5,2470.345,54.96402877697842,2610.01,13.22666666666646,7.537499999999909,0.0322131636508251,2671.0,2650.5,2639.5,2615.5,549300.0
2024-06-04,2590.0,2609.5,2553.5,2565.0,2422.15576171875,633200.0,2573.625,2564.8,2587.193333333333,2471.5525,49.9330655957162,2606.98,10.786666666666406,7.174999999999727,0.0217088229436366,2671.0,2657.5,2595.5,2646.5,644900.0
2024-06-05,2570.0,2574.0,2529.0,2535.5,2394.298828125,634200.0,2575.85,2564.52,2586.9333333333334,2472.6125,50.47361299052774,2604.51,6.786666666666861,6.5925000000002,0.0099581756622186,2671.0,2609.5,2565.0,2590.0,633200.0
2024-06-06,2535.0,2561.0,2515.5,2542.0,2400.436767578125,439900.0,2577.125,2564.5,2586.76,2473.705,48.01136363636363,2603.15,3.8066666666668425,6.139999999999873,0.0125473013343955,2671.0,2574.0,2535.5,2570.0,634200.0
2024-06-07,2545.5,2563.5,2525.0,2525.0,2384.383544921875,299900.0,2577.55,2564.84,2586.36,2474.87,46.049046321525886,2600.81,1.3400000000001455,5.837500000000091,-0.0031583103039873,2671.0,2561.0,2542.0,2535.0,439900.0
2024-06-08,2545.5,2563.5,2525.0,2525.0,2384.383544921875,299900.0,2577.975,2564.46,2586.0133333333333,2476.095,46.049046321525886,2598.89,-0.4866666666666788,5.75,-0.0076635881312635,2671.0,2563.5,2525.0,2545.5,299900.0
2024-06-09,2545.5,2563.5,2525.0,2525.0,2384.383544921875,299900.0,2576.175,2565.0,2585.44,2477.34,46.049046321525886,2596.97,-1.753333333333103,5.787500000000364,-0.0411999240554394,2671.0,2563.5,2525.0,2545.5,299900.0
2024-06-10,2505.0,2550.0,2503.5,2543.0,2401.38134765625,368300.0,2575.05,2567.08,2585.58,2478.675,40.45112781954888,2595.41,-1.3533333333334667,6.0625,-0.0542952770546671,2671.0,2563.5,2525.0,2545.5,299900.0
2024-06-11,2548.0,2571.0,2534.0,2534.5,2393.3544921875,423500.0,2575.175,2567.8,2586.313333333333,2479.965,25.316455696202524,2592.16,-0.4466666666667152,6.260000000000218,-0.0348438690022848,2671.0,2550.0,2543.0,2505.0,368300.0
2024-06-12,2534.5,2566.0,2524.5,2555.5,2413.18505859375,377000.0,2575.15,2569.36,2587.173333333333,2481.36,39.30885529157667,2590.26,0.8133333333330484,6.4900000000002365,-0.0268469154607768,2671.0,2571.0,2534.5,2548.0,423500.0
2024-06-13,2557.5,2559.0,2504.0,2507.5,2367.858154296875,413500.0,2572.825,2569.0,2587.393333333333,2482.515,33.89199255121042,2587.48,1.3800000000001091,6.420000000000073,-0.0451256664127951,2671.0,2566.0,2555.5,2534.5,377000.0
2024-06-14,2509.0,2540.0,2509.0,2536.5,2395.242919921875,499600.0,2571.95,2568.02,2588.0,2483.8025,29.563492063492063,2586.17,2.559999999999945,6.462499999999636,-0.0662617338487023,2671.0,2559.0,2507.5,2557.5,413500.0
2024-06-15,2509.0,2540.0,2509.0,2536.5,2395.242919921875,499600.0,2571.075,2566.86,2589.1666666666665,2485.11,29.563492063492063,2584.34,3.586666666666588,6.434999999999945,-0.0460699511094396,2671.0,2540.0,2536.5,2509.0,499600.0
2024-06-16,2509.0,2540.0,2509.0,2536.5,2395.242919921875,499600.0,2567.575,2567.04,2590.233333333333,2486.3525,29.563492063492063,2582.51,3.919999999999618,6.387499999999818,-0.0281609195402299,2671.0,2540.0,2536.5,2509.0,499600.0
2024-06-17,2524.5,2524.5,2496.0,2505.0,2365.497314453125,443500.0,2559.275,2565.0,2590.6266666666666,2487.39,31.10647181628392,2580.05,3.453333333333376,6.029999999999745,-0.0518546555639667,2639.5,2540.0,2536.5,2509.0,499600.0
2024-06-18,2512.0,2516.0,2493.0,2509.0,2369.274658203125,358700.0,2554.475,2563.2,2590.5533333333333,2488.335,36.85446009389671,2577.67,3.1599999999998545,5.820000000000164,-0.0427317817626859,2639.5,2524.5,2505.0,2524.5,443500.0
2024-06-19,2520.0,2531.0,2496.0,2506.0,2366.441650390625,269600.0,2550.075,2561.28,2590.4933333333333,2489.265,42.0911528150134,2574.16,2.4933333333333394,5.462500000000091,-0.0438763830599008,2639.5,2516.0,2509.0,2512.0,358700.0
2024-06-20,2490.0,2499.5,2466.0,2473.5,2335.751708984375,533000.0,2541.775,2558.06,2590.0,2490.0325,33.88235294117648,2570.0,0.8333333333334849,4.922499999999673,-0.0562762304463945,2639.5,2531.0,2506.0,2520.0,269600.0
2024-06-21,2483.0,2501.0,2459.5,2464.5,2327.252685546875,811200.0,2533.025,2552.38,2589.3866666666668,2490.7525,35.207823960880205,2565.53,-0.8466666666663514,4.400000000000091,-0.086206896551724,2639.5,2499.5,2473.5,2490.0,533000.0
2024-06-22,2483.0,2501.0,2459.5,2464.5,2327.252685546875,811200.0,2524.275,2544.12,2588.4733333333334,2491.5575,35.207823960880205,2561.06,-2.153333333333194,4.167500000000018,-0.0701754385964912,2595.5,2501.0,2464.5,2483.0,811200.0
2024-06-23,2483.0,2501.0,2459.5,2464.5,2327.252685546875,811200.0,2517.725,2538.5,2587.4066666666668,2492.1775,35.207823960880205,2556.59,-3.1466666666665333,3.842499999999745,-0.0687700736822217,2565.0,2501.0,2464.5,2483.0,811200.0
2024-06-24,2480.0,2497.5,2463.5,2491.0,2352.27685546875,452900.0,2514.025,2534.38,2585.5066666666667,2492.9625,37.79342723004695,2552.65,-4.986666666666679,3.6975000000002174,-0.0426594926979246,2555.5,2501.0,2464.5,2483.0,811200.0
2024-06-25,2508.5,2522.0,2498.0,2516.5,2376.356689453125,406000.0,2513.075,2529.46,2583.2066666666665,2493.8425,46.086956521739125,2549.22,-6.793333333333521,3.8100000000004,-0.042427701674277,2555.5,2497.5,2491.0,2480.0,452900.0
2024-06-26,2517.0,2521.0,2501.0,2508.0,2368.330322265625,325700.0,2511.375,2524.2,2581.633333333333,2494.68,39.08045977011495,2546.08,-7.753333333333558,3.9274999999997817,-0.045662100456621,2555.5,2522.0,2516.5,2508.5,406000.0
2024-06-27,2504.5,2528.5,2504.5,2516.0,2375.884765625,332100.0,2510.925,2519.26,2580.1666666666665,2495.5575,52.394366197183096,2543.1,-8.306666666666843,4.0,-0.0426179604261796,2555.5,2521.0,2508.0,2517.0,325700.0
2024-06-28,2524.5,2525.5,2497.0,2510.5,2370.69091796875,583300.0,2510.2,2515.86,2578.6266666666666,2496.13,41.55844155844156,2539.88,-8.7800000000002,3.952500000000328,-0.044710806697108,2555.5,2528.5,2516.0,2504.5,332100.0
2024-06-29,2524.5,2525.5,2497.0,2510.5,2370.69091796875,583300.0,2509.475,2513.68,2575.88,2496.73,41.55844155844156,2539.24,-9.626666666666551,3.7674999999999272,-0.063770277829573,2555.5,2525.5,2510.5,2524.5,583300.0
2024-06-30,2524.5,2525.5,2497.0,2510.5,2370.69091796875,583300.0,2507.85,2512.68,2573.9,2497.36,41.55844155844156,2538.6,-9.306666666666388,3.5174999999999272,-0.063770277829573,2555.5,2525.5,2510.5,2524.5,583300.0
2024-07-01,2525.0,2534.5,2507.0,2519.0,2378.717529296875,596100.0,2507.075,2511.76,2572.6866666666665,2498.4525,55.34351145038168,2538.13,-8.946666666666715,3.772500000000037,-0.0628720238095238,2555.5,2525.5,2510.5,2524.5,583300.0
2024-07-02,2518.5,2518.5,2497.0,2506.5,2366.913818359375,611200.0,2504.625,2511.02,2570.88,2499.64,49.10394265232976,2537.93,-9.286666666666406,4.082499999999982,-0.0675223214285714,2536.5,2534.5,2519.0,2525.0,596100.0
2024-07-03,2508.0,2522.5,2500.0,2509.0,2369.274658203125,438300.0,2504.7,2510.38,2569.3866666666668,2500.84,51.07913669064748,2537.42,-9.239999999999782,4.710000000000036,-0.0665922619047618,2536.5,2518.5,2506.5,2518.5,611200.0
2024-07-04,2507.5,2522.5,2505.0,2505.0,2365.497314453125,337400.0,2503.125,2509.58,2567.84,2502.02,64.25339366515837,2537.29,-8.039999999999964,5.289999999999964,-0.0680803571428571,2536.5,2522.5,2509.0,2508.0,438300.0
2024-07-05,2506.0,2516.0,2474.5,2474.5,2336.69580078125,774700.0,2500.025,2506.84,2565.8866666666668,2503.07,53.78787878787878,2536.96,-8.013333333333321,5.710000000000036,-0.0794270833333333,2536.5,2522.5,2505.0,2507.5,337400.0
2024-07-06,2506.0,2516.0,2474.5,2474.5,2336.69580078125,774700.0,2496.925,2504.44,2562.92,2504.14,53.78787878787878,2536.12,-9.766666666666424,5.6875,-0.0714821763602251,2519.0,2516.0,2474.5,2506.0,774700.0
2024-07-07,2506.0,2516.0,2474.5,2474.5,2336.69580078125,774700.0,2495.4,2501.2,2560.5733333333333,2505.325,53.78787878787878,2535.28,-10.306666666666844,5.684999999999945,-0.0714821763602251,2519.0,2516.0,2474.5,2506.0,774700.0
2024-07-08,2474.0,2474.0,2442.5,2443.5,2307.422119140625,640000.0,2492.125,2498.64,2557.866666666667,2506.4225,32.6007326007326,2533.82,-11.519999999999982,5.582499999999982,-0.0853453116226838,2519.0,2516.0,2474.5,2506.0,774700.0
2024-07-09,2436.0,2449.0,2425.0,2429.5,2294.201904296875,769400.0,2488.3,2494.36,2555.5666666666666,2507.315,15.200000000000005,2531.19,-12.27333333333354,5.295000000000073,-0.0444444444444444,2519.0,2474.0,2443.5,2474.0,640000.0
2024-07-10,2430.0,2464.0,2428.5,2464.0,2326.78076171875,543100.0,2487.825,2491.46,2553.38,2508.38,35.43046357615894,2529.16,-12.50666666666666,5.309999999999945,-0.0308751229105211,2519.0,2449.0,2429.5,2436.0,769400.0
2024-07-11,2484.0,2505.0,2472.0,2498.0,2358.886962890625,624300.0,2489.5,2489.92,2551.6466666666665,2509.615,44.91525423728814,2528.48,-11.27333333333354,5.474999999999909,-0.0175024582104228,2519.0,2464.0,2464.0,2430.0,543100.0
2024-07-12,2499.0,2525.0,2492.0,2494.0,2355.10986328125,577900.0,2490.975,2489.48,2549.86,2510.795,45.2991452991453,2527.24,-10.71333333333314,5.470000000000255,-0.0089409894695012,2519.0,2505.0,2498.0,2484.0,624300.0
2024-07-13,2499.0,2525.0,2492.0,2494.0,2355.10986328125,577900.0,2492.45,2488.88,2548.0733333333333,2511.9275,45.2991452991453,2526.04,-9.79333333333352,5.504999999999654,-0.0159794831327677,2519.0,2525.0,2494.0,2499.0,577900.0
2024-07-14,2499.0,2525.0,2492.0,2494.0,2355.10986328125,577900.0,2492.6,2488.4,2545.5733333333333,2512.86,45.2991452991453,2524.84,-9.99333333333334,5.545000000000073,-0.0069679474417678,2519.0,2525.0,2494.0,2499.0,577900.0
2024-07-15,2499.0,2525.0,2492.0,2494.0,2355.10986328125,577900.0,2491.475,2489.22,2543.0733333333333,2513.855,42.51497005988024,2523.64,-10.306666666666844,5.474999999999909,0.0012043356081894,2519.0,2525.0,2494.0,2499.0,577900.0
2024-07-16,2493.5,2532.0,2491.0,2525.0,2384.383544921875,556800.0,2492.325,2491.64,2540.9,2515.0375,54.98652291105121,2522.01,-10.746666666666442,5.422500000000127,0.0033777071329226,2525.0,2525.0,2494.0,2499.0,577900.0
2024-07-17,2544.5,2554.0,2531.5,2550.0,2407.9912109375,536000.0,2494.025,2495.06,2539.06,2516.345,59.85576923076923,2519.59,-10.800000000000182,5.549999999999727,0.013312139876813,2550.0,2532.0,2525.0,2493.5,556800.0
2024-07-18,2551.0,2570.0,2540.0,2549.0,2407.046630859375,507900.0,2495.95,2498.44,2537.2066666666665,2517.6475,60.73170731707317,2518.47,-10.866666666666788,5.720000000000255,0.0129147625670573,2550.0,2554.0,2550.0,2544.5,536000.0
2024-07-19,2559.0,2559.0,2511.0,2527.0,2386.272216796875,413800.0,2496.775,2499.88,2535.06,2518.84,63.358778625954194,2517.13,-10.51333333333332,5.980000000000018,-0.0132760640374853,2550.0,2570.0,2549.0,2551.0,507900.0
2024-07-20,2559.0,2559.0,2511.0,2527.0,2386.272216796875,413800.0,2497.6,2500.3,2532.9133333333334,2520.0325,63.358778625954194,2514.88,-10.159999999999854,6.177499999999782,-0.015006821282401,2550.0,2559.0,2527.0,2559.0,413800.0
2024-07-21,2559.0,2559.0,2511.0,2527.0,2386.272216796875,413800.0,2498.0,2501.06,2531.0733333333333,2521.225,63.358778625954194,2512.63,-9.826666666666824,6.1875,-0.0019747235387045,2550.0,2559.0,2527.0,2559.0,413800.0
2024-07-22,2532.0,2541.0,2508.5,2530.5,2389.5771484375,368600.0,2499.2,2501.64,2529.28,2522.1025,75.7396449704142,2510.45,-9.779999999999744,5.757500000000164,-0.0099765258215962,2550.0,2559.0,2527.0,2559.0,413800.0
2024-07-23,2548.0,2554.5,2521.5,2527.0,2386.272216796875,395100.0,2500.1,2502.3,2527.353333333333,2522.7725,80.75709779179812,2509.08,-9.853333333333012,5.125,-0.0105716523101018,2550.0,2541.0,2530.5,2532.0,368600.0
2024-07-24,2525.0,2525.0,2460.5,2460.5,2323.4755859375,665700.0,2497.875,2500.3,2526.26,2523.11,49.08136482939633,2506.99,-8.799999999999727,4.269999999999982,-0.0366092404072043,2550.0,2554.5,2527.0,2548.0,395100.0
2024-07-25,2442.5,2452.5,2416.5,2426.5,2291.368896484375,747700.0,2495.475,2496.94,2524.713333333333,2523.2775,31.233595800524924,2504.81,-8.200000000000273,3.2450000000003456,-0.0499216914643696,2550.0,2525.0,2460.5,2525.0,665700.0
2024-07-26,2435.0,2435.0,2403.5,2411.0,2276.73193359375,453900.0,2492.3,2492.62,2522.96,2523.3675,29.45544554455445,2502.19,-8.11333333333323,2.1424999999999272,-0.07500479570305,2550.0,2452.5,2426.5,2442.5,747700.0
2024-07-27,2435.0,2435.0,2403.5,2411.0,2276.73193359375,453900.0,2489.125,2488.8,2521.5533333333333,2523.44,29.45544554455445,2499.91,-7.726666666666915,1.337500000000091,-0.0973418195432422,2550.0,2435.0,2411.0,2435.0,453900.0
2024-07-28,2435.0,2435.0,2403.5,2411.0,2276.73193359375,453900.0,2487.5,2484.88,2519.9066666666668,2523.505,29.45544554455445,2497.63,-7.446666666666715,0.7325000000000728,-0.0744721689059501,2550.0,2435.0,2411.0,2435.0,453900.0
2024-07-29,2424.0,2475.0,2424.0,2451.0,2314.504638671875,460700.0,2488.575,2482.72,2519.1,2523.69,41.11570247933884,2496.15,-7.160000000000309,0.5799999999999272,-0.0551272166538164,2550.0,2435.0,2411.0,2435.0,453900.0
2024-07-30,2444.0,2457.0,2435.0,2448.5,2312.143798828125,430000.0,2487.8,2481.68,2518.5333333333333,2523.8725,32.084309133489455,2494.26,-6.179999999999836,0.5949999999997999,-0.0723621898086759,2550.0,2475.0,2451.0,2424.0,460700.0
2024-07-31,2469.5,2489.0,2448.0,2479.0,2340.945068359375,688000.0,2486.85,2481.86,2518.0333333333333,2524.2075,33.789954337899545,2493.15,-4.926666666666733,0.8400000000001455,-0.060806971017238,2550.0,2457.0,2448.5,2444.0,430000.0
2024-08-01,2514.5,2548.0,2450.5,2486.5,2348.027587890625,1098200.0,2486.475,2482.34,2517.633333333333,2524.58,36.1419068736142,2491.77,-3.9200000000000728,1.139999999999873,-0.0579655237734418,2550.0,2489.0,2479.0,2469.5,688000.0
2024-08-02,2436.5,2450.5,2391.5,2416.5,2281.926025390625,974500.0,2482.6,2481.26,2516.3,2524.4725,29.798903107861065,2489.95,-3.6066666666665697,0.9674999999997452,-0.0689655172413793,2550.0,2548.0,2486.5,2514.5,1098200.0
2024-08-03,2436.5,2450.5,2391.5,2416.5,2281.926025390625,974500.0,2478.725,2480.74,2514.373333333333,2524.33,29.798903107861065,2487.55,-4.7266666666664605,0.6399999999998727,-0.0578947368421052,2550.0,2450.5,2416.5,2436.5,974500.0
2024-08-04,2436.5,2450.5,2391.5,2416.5,2281.926025390625,974500.0,2474.85,2478.84,2512.3866666666668,2524.365,29.798903107861065,2485.15,-6.146666666666533,0.4924999999998363,-0.0469335436797475,2550.0,2450.5,2416.5,2436.5,974500.0
2024-08-05,2300.0,2338.5,2121.5,2230.0,2105.811767578125,2252200.0,2460.1,2468.12,2508.36,2523.5475,17.086527929901436,2479.02,-9.673333333333176,-0.6599999999998545,-0.122738001573564,2550.0,2450.5,2416.5,2436.5,974500.0
2024-08-06,2342.5,2378.0,2295.0,2341.0,2210.63037109375,1340700.0,2449.65,2462.0,2505.4933333333333,2523.21,33.51063829787235,2475.74,-12.139999999999873,-1.3699999999998909,-0.0728712871287128,2549.0,2338.5,2230.0,2300.0,2252200.0
2024-08-07,2309.0,2394.0,2290.0,2349.0,2218.184814453125,1087400.0,2439.65,2456.2,2502.76,2522.9125,38.97131552917904,2472.54,-13.539999999999964,-1.5599999999999454,-0.0697029702970296,2530.5,2378.0,2341.0,2342.5,1340700.0
2024-08-08,2349.0,2398.0,2326.0,2328.0,2198.3544921875,715200.0,2429.7,2449.56,2499.7466666666664,2522.51,39.99999999999999,2468.98,-14.626666666667006,-1.819999999999709,-0.0780198019801979,2530.5,2394.0,2349.0,2309.0,1087400.0
2024-08-09,2357.0,2366.5,2290.0,2333.0,2203.075927734375,687300.0,2420.0,2443.12,2496.8,2521.8825,41.90871369294606,2466.17,-15.586666666666588,-2.482499999999618,-0.0825796303578451,2530.5,2398.0,2328.0,2349.0,715200.0
2024-08-10,2357.0,2366.5,2290.0,2333.0,2203.075927734375,687300.0,2410.3,2435.44,2493.153333333333,2521.4225,41.90871369294606,2463.54,-15.206666666666932,-2.125,-0.0795028605247583,2530.5,2366.5,2333.0,2357.0,687300.0
2024-08-11,2357.0,2366.5,2290.0,2333.0,2203.075927734375,687300.0,2400.425,2426.76,2488.6466666666665,2521.035,41.90871369294606,2460.91,-16.846666666666806,-2.175000000000182,-0.0870671101545685,2527.0,2366.5,2333.0,2357.0,687300.0
2024-08-12,2357.0,2366.5,2290.0,2333.0,2203.075927734375,687300.0,2390.725,2418.12,2485.02,2520.525,36.65158371040724,2458.28,-17.740000000000236,-2.387499999999818,-0.0695912263210368,2486.5,2366.5,2333.0,2357.0,687300.0
2024-08-13,2340.0,2382.0,2340.0,2373.0,2240.848388671875,509500.0,2386.35,2411.96,2482.0733333333333,2520.2475,42.1272158498436,2455.92,-17.673333333333176,-2.262500000000273,-0.0644589000591365,2486.5,2366.5,2333.0,2357.0,687300.0
2024-08-14,2372.5,2426.0,2370.5,2410.0,2275.787841796875,565900.0,2385.525,2407.28,2479.0133333333333,2520.155,42.90123456790123,2453.79,-17.78666666666686,-1.7274999999999636,-0.0498718706879558,2486.5,2382.0,2373.0,2340.0,509500.0
2024-08-15,2410.0,2448.0,2407.0,2436.0,2300.33984375,467200.0,2386.775,2403.64,2476.3,2520.1925,44.99504459861249,2452.35,-16.853333333333012,-1.2300000000000182,-0.0396215257244234,2486.5,2426.0,2410.0,2372.5,565900.0
2024-08-16,2458.0,2468.0,2434.0,2447.0,2310.727294921875,461100.0,2388.575,2400.3,2473.733333333333,2520.1,53.42312008978676,2450.97,-14.913333333333412,-0.9349999999999454,-0.0231536926147704,2486.5,2448.0,2436.0,2410.0,467200.0
2024-08-17,2458.0,2468.0,2434.0,2447.0,2310.727294921875,461100.0,2390.375,2397.1,2471.7533333333336,2520.0725,53.42312008978676,2449.7,-13.266666666666424,-0.4524999999998726,-0.0247110402550817,2486.5,2468.0,2447.0,2458.0,461100.0
2024-08-18,2458.0,2468.0,2434.0,2447.0,2310.727294921875,461100.0,2390.175,2396.56,2470.18,2519.885,53.42312008978676,2448.43,-11.89333333333343,-0.3624999999997271,-0.0235434956105347,2486.5,2468.0,2447.0,2458.0,461100.0
2024-08-19,2430.0,2463.5,2418.5,2439.0,2303.1728515625,341000.0,2389.7,2397.06,2468.893333333333,2519.44,89.13857677902621,2447.0,-10.11999999999989,-0.7150000000001455,-0.0139478471801091,2486.5,2468.0,2447.0,2458.0,461100.0
2024-08-20,2465.0,2472.5,2443.0,2472.5,2334.80712890625,328800.0,2389.375,2399.52,2467.9666666666667,2518.7525,84.69656992084433,2446.07,-8.333333333333485,-1.4400000000000546,0.0032460945425034,2486.5,2463.5,2439.0,2430.0,341000.0
2024-08-21,2441.5,2458.5,2439.5,2445.5,2309.31103515625,290100.0,2387.325,2400.9,2466.9066666666668,2517.93,73.14148681055156,2444.85,-6.82666666666637,-2.1700000000000728,-0.0077094745384459,2472.5,2472.5,2472.5,2465.0,328800.0
2024-08-22,2431.5,2455.0,2428.5,2455.0,2318.281982421875,367000.0,2389.25,2402.66,2465.9733333333334,2517.155,82.23350253807106,2443.77,-5.7800000000002,-2.917500000000018,-0.0038547372692229,2472.5,2458.5,2445.5,2441.5,290100.0
2024-08-23,2455.5,2481.0,2455.5,2467.5,2330.085693359375,255100.0,2391.8,2403.32,2465.2066666666665,2516.4525,82.88508557457213,2443.02,-4.973333333333358,-3.4325000000003456,-0.0094339622641509,2472.5,2455.0,2455.0,2431.5,367000.0
2024-08-24,2455.5,2481.0,2455.5,2467.5,2330.085693359375,255100.0,2394.35,2404.08,2464.2,2516.0625,82.88508557457213,2442.88,-4.693333333333612,-3.3775000000000546,-0.019471488178025,2472.5,2481.0,2467.5,2455.5,255100.0
2024-08-25,2455.5,2481.0,2455.5,2467.5,2330.085693359375,255100.0,2406.225,2403.62,2463.306666666667,2515.5525,82.88508557457213,2442.74,-4.659999999999855,-3.200000000000273,-0.0161483253588516,2472.5,2481.0,2467.5,2455.5,255100.0
2024-08-26,2465.0,2465.0,2440.5,2454.5,2317.8095703125,289700.0,2411.9,2402.34,2461.96,2515.2225,77.93103448275862,2442.34,-4.946666666666715,-2.707499999999982,-0.024443561208267,2472.5,2481.0,2467.5,2455.5,255100.0
2024-08-27,2467.5,2477.5,2455.5,2467.5,2330.085693359375,264800.0,2417.825,2404.38,2461.4266666666667,2515.22,74.80314960629921,2442.82,-4.546666666666624,-1.9350000000004,-0.0171280621390161,2472.5,2465.0,2454.5,2465.0,289700.0
2024-08-28,2459.0,2471.5,2445.0,2470.5,2332.918701171875,297700.0,2424.95,2406.54,2460.5466666666666,2515.2325,69.32907348242811,2443.64,-4.659999999999855,-1.2199999999998,-0.0159330810595499,2472.5,2477.5,2467.5,2467.5,264800.0
2024-08-29,2470.0,2478.5,2461.5,2462.5,2325.3642578125,438600.0,2431.425,2408.38,2459.56,2515.205,59.56678700361011,2443.61,-4.639999999999873,-0.8575000000000728,-0.0191196972714599,2472.5,2471.5,2470.5,2459.0,297700.0
2024-08-30,2470.0,2490.5,2468.0,2479.0,2340.945068359375,332900.0,2438.725,2418.34,2458.793333333333,2515.26,61.11111111111111,2443.23,-4.513333333333321,-0.2924999999995634,-0.0158793171893608,2479.0,2478.5,2462.5,2470.0,438600.0
2024-08-31,2470.0,2490.5,2468.0,2479.0,2340.945068359375,332900.0,2446.025,2423.86,2458.4466666666667,2515.145,61.11111111111111,2442.93,-3.513333333333321,-0.0774999999998726,-0.0109714741671653,2479.0,2490.5,2479.0,2470.0,332900.0
2024-09-01,2470.0,2490.5,2468.0,2479.0,2340.945068359375,332900.0,2453.325,2429.06,2458.0466666666666,2515.325,61.11111111111111,2442.63,-3.380000000000109,0.1050000000000181,-0.0119569549621363,2479.0,2490.5,2479.0,2470.0,332900.0
2024-09-02,2485.0,2499.0,2478.5,2499.0,2359.83154296875,318700.0,2459.625,2435.9,2457.9533333333334,2515.655,69.23076923076923,2442.73,-2.5933333333332484,0.4225000000001273,-0.0023952095808382,2499.0,2490.5,2479.0,2470.0,332900.0
2024-09-03,2492.5,2509.5,2489.0,2501.5,2362.192138671875,343300.0,2464.2,2442.64,2458.326666666667,2515.7775,61.6,2442.88,-1.2333333333331211,0.5725000000002183,0.0109112952111538,2501.5,2499.0,2499.0,2485.0,318700.0
2024-09-04,2470.0,2474.0,2419.0,2425.0,2289.952392578125,733500.0,2463.65,2446.32,2457.8,2515.5175,44.12607449856733,2440.88,-0.9933333333333394,0.2574999999997089,-0.0200040412204485,2501.5,2509.5,2501.5,2492.5,343300.0
2024-09-05,2424.0,2444.0,2410.5,2425.5,2290.4248046875,418500.0,2462.575,2450.02,2457.28,2515.26,41.08761329305136,2438.39,-1.166666666666515,0.1150000000002364,-0.0198019801980198,2501.5,2474.0,2425.0,2470.0,733500.0
2024-09-06,2438.0,2447.5,2422.0,2436.0,2300.33984375,586200.0,2462.025,2454.14,2456.9,2514.995,40.36697247706422,2436.13,-1.1466666666665333,-0.3299999999999272,-0.0030693677102516,2501.5,2444.0,2425.5,2424.0,418500.0
2024-09-07,2438.0,2447.5,2422.0,2436.0,2300.33984375,586200.0,2461.475,2456.66,2456.1666666666665,2514.83,40.36697247706422,2434.31,-1.7866666666668607,-0.8250000000002728,0.0026754476229677,2501.5,2447.5,2436.0,2438.0,586200.0
2024-09-08,2438.0,2447.5,2422.0,2436.0,2300.33984375,586200.0,2461.325,2457.7,2455.093333333333,2514.64,40.36697247706422,2432.49,-3.233333333333576,-1.1375000000002728,-0.0113636363636363,2501.5,2447.5,2436.0,2438.0,586200.0
2024-09-09,2394.0,2399.5,2355.5,2392.0,2258.790283203125,621000.0,2457.3,2455.94,2453.5466666666666,2514.1975,33.933161953727506,2429.79,-4.253333333333558,-1.319999999999709,-0.0424339471577261,2501.5,2447.5,2436.0,2438.0,586200.0
2024-09-10,2394.0,2397.0,2364.5,2366.0,2234.238037109375,554100.0,2453.325,2452.7,2451.5466666666666,2513.625,25.542168674698782,2426.5,-5.733333333333576,-1.6350000000002185,-0.0513231756214915,2501.5,2399.5,2392.0,2394.0,621000.0
2024-09-11,2368.0,2375.0,2310.0,2334.5,2204.492431640625,791700.0,2447.3,2448.2,2449.2,2512.895,21.186440677966104,2422.65,-7.700000000000273,-2.099999999999909,-0.063953488372093,2501.5,2397.0,2366.0,2394.0,554100.0
2024-09-12,2359.5,2364.0,2338.5,2354.0,2222.906494140625,478600.0,2441.625,2444.48,2447.113333333333,2512.2625,28.080808080808083,2420.52,-9.053333333333285,-2.567500000000109,-0.0561347233360064,2501.5,2375.0,2334.5,2368.0,791700.0
2024-09-13,2331.5,2352.0,2325.0,2348.0,2217.24072265625,523500.0,2435.65,2440.84,2444.9466666666667,2511.5575,22.36286919831224,2418.95,-10.146666666666531,-3.082499999999982,-0.0585404971932638,2501.5,2364.0,2354.0,2359.5,478600.0
2024-09-14,2331.5,2352.0,2325.0,2348.0,2217.24072265625,523500.0,2429.675,2435.86,2442.6666666666665,2511.01,22.36286919831224,2417.69,-10.88000000000011,-3.1875,-0.07009900990099,2501.5,2352.0,2348.0,2331.5,523500.0
2024-09-15,2331.5,2352.0,2325.0,2348.0,2217.24072265625,523500.0,2424.35,2431.96,2440.5533333333333,2510.2275,22.36286919831224,2416.43,-10.99333333333334,-3.3975000000000364,-0.0792156862745098,2501.5,2352.0,2348.0,2331.5,523500.0
2024-09-16,2331.5,2352.0,2325.0,2348.0,2217.24072265625,523500.0,2418.375,2427.68,2438.4066666666668,2509.6575,15.20737327188941,2415.17,-10.793333333333068,-3.237500000000182,-0.0788544527265594,2501.5,2352.0,2348.0,2331.5,523500.0
2024-09-17,2380.0,2381.5,2344.0,2365.0,2233.2939453125,428100.0,2413.1,2423.58,2436.54,2509.075,20.51835853131749,2413.45,-10.573333333333268,-3.1875,-0.0641076375148397,2501.5,2352.0,2348.0,2331.5,523500.0
2024-09-18,2367.0,2389.5,2365.0,2386.5,2253.596435546875,429000.0,2409.3,2420.34,2435.366666666667,2508.6,39.09348441926346,2412.21,-9.579999999999927,-2.957499999999982,-0.0555995251286109,2501.5,2381.5,2365.0,2380.0,428100.0
2024-09-19,2395.5,2405.0,2385.0,2385.0,2252.18017578125,417500.0,2404.6,2417.04,2434.173333333333,2508.1175,38.591549295774655,2410.33,-8.49333333333334,-2.892500000000382,-0.0561931143648595,2501.5,2389.5,2386.5,2367.0,429000.0
2024-09-20,2387.5,2413.0,2386.0,2390.5,2257.373779296875,665900.0,2400.175,2414.48,2433.0533333333333,2507.73,36.81159420289855,2408.41,-7.5,-2.497499999999945,-0.0553250345781466,2501.5,2405.0,2385.0,2395.5,417500.0
2024-09-21,2387.5,2413.0,2386.0,2390.5,2257.373779296875,665900.0,2395.75,2411.4,2432.346666666667,2507.3575,36.81159420289855,2407.89,-6.059999999999945,-2.299999999999727,-0.054016620498615,2501.5,2413.0,2390.5,2387.5,665900.0
2024-09-22,2387.5,2413.0,2386.0,2390.5,2257.373779296875,665900.0,2390.325,2408.2,2431.826666666667,2506.8425,36.81159420289855,2407.37,-4.713333333333139,-2.232499999999618,-0.0284495021337126,2501.5,2413.0,2390.5,2387.5,665900.0
2024-09-23,2387.5,2413.0,2386.0,2390.5,2257.373779296875,665900.0,2384.775,2405.32,2430.846666666667,2506.0875,49.41634241245136,2406.85,-4.519999999999982,-2.512499999999818,-0.0148361838038326,2436.0,2413.0,2390.5,2387.5,665900.0
2024-09-24,2430.0,2434.5,2411.0,2414.0,2279.56494140625,492600.0,2384.225,2402.72,2429.7266666666665,2505.4125,69.04761904761905,2410.53,-4.446666666666715,-2.7049999999999272,0.0012442969722106,2436.0,2413.0,2390.5,2387.5,665900.0
2024-09-25,2447.0,2451.5,2416.5,2430.5,2295.146240234375,483300.0,2384.475,2400.78,2428.88,2504.82,93.24324324324324,2412.32,-4.173333333333176,-2.9099999999998545,0.0080879303193694,2436.0,2434.5,2414.0,2430.0,492600.0
2024-09-26,2437.0,2460.0,2418.0,2460.0,2323.003173828125,747700.0,2385.675,2400.02,2428.4266666666667,2504.375,93.801652892562,2414.54,-3.9200000000000728,-2.9825000000000728,0.0203235172127747,2460.0,2451.5,2430.5,2447.0,483300.0
2024-09-27,2420.0,2457.0,2408.0,2450.0,2361.559326171875,562900.0,2386.375,2398.06,2427.84,2504.0975,90.8,2416.98,-3.986666666666679,-2.7450000000003456,-0.000407996736026,2460.0,2460.0,2460.0,2437.0,747700.0
2024-09-28,2420.0,2457.0,2408.0,2450.0,2361.559326171875,562900.0,2387.075,2396.0,2427.2533333333336,2503.83,90.8,2419.32,-3.5933333333332484,-2.257500000000164,0.0006126199714111,2460.0,2457.0,2450.0,2420.0,562900.0
2024-09-29,2420.0,2457.0,2408.0,2450.0,2361.559326171875,562900.0,2389.975,2397.0,2426.2533333333336,2503.59,90.8,2421.66,-3.473333333332903,-1.8224999999997635,-0.0116982654296087,2460.0,2457.0,2450.0,2420.0,562900.0
2024-09-30,2400.0,2413.5,2376.0,2395.0,2308.544677734375,670500.0,2391.425,2395.78,2424.1866666666665,2502.715,63.05555555555556,2422.9,-4.693333333333612,-2.105000000000018,-0.0367987130504725,2460.0,2457.0,2450.0,2420.0,562900.0
2024-10-01,2401.5,2416.5,2383.0,2392.0,2305.653076171875,589000.0,2394.3,2394.02,2422.093333333333,2502.88,58.13253012048193,2424.08,-6.333333333333485,-1.4949999999998909,-0.0101386302503621,2460.0,2413.5,2395.0,2400.0,670500.0
2024-10-02,2383.0,2416.5,2376.5,2399.0,2312.400390625,476100.0,2396.55,2392.54,2420.3866666666668,2503.08,54.12541254125412,2424.6,-7.453333333333376,-1.0174999999999272,-0.0072418787502586,2460.0,2416.5,2392.0,2401.5,589000.0
2024-10-03,2424.0,2436.0,2409.0,2415.5,2328.304931640625,350700.0,2399.925,2391.72,2418.9,2503.3625,59.15915915915916,2424.71,-8.353333333333467,-0.4674999999997453,-0.0004138216428719,2460.0,2416.5,2399.0,2383.0,476100.0
2024-10-04,2420.0,2439.5,2416.0,2433.5,2345.65478515625,488000.0,2404.2,2393.38,2417.653333333333,2503.385,62.011173184357546,2424.66,-8.600000000000364,-0.2049999999999272,0.0912556053811659,2460.0,2436.0,2415.5,2424.0,350700.0
2024-10-05,2420.0,2439.5,2416.0,2433.5,2345.65478515625,488000.0,2408.475,2396.08,2416.36,2503.13,62.011173184357546,2424.39,-7.82666666666637,0.4149999999999636,0.0395130286202478,2460.0,2439.5,2433.5,2420.0,488000.0
2024-10-06,2420.0,2439.5,2416.0,2433.5,2345.65478515625,488000.0,2412.75,2400.04,2415.113333333333,2502.875,62.011173184357546,2424.12,-6.980000000000018,-0.0050000000001091,0.035972754363559,2460.0,2439.5,2433.5,2420.0,488000.0
2024-10-07,2460.0,2468.5,2427.0,2461.0,2372.162109375,550000.0,2417.55,2404.32,2415.12,2502.615,67.07021791767554,2424.4,-5.266666666666879,-0.4650000000001455,0.0571305841924398,2461.0,2439.5,2433.5,2420.0,488000.0
2024-10-08,2412.5,2432.5,2396.0,2409.5,2322.521240234375,572000.0,2418.7,2406.78,2414.893333333333,2501.8875,49.04051172707889,2423.81,-4.006666666666661,-1.4750000000003638,0.0327903986283755,2461.0,2468.5,2461.0,2460.0,550000.0
2024-10-09,2425.0,2427.0,2388.0,2402.0,2315.2919921875,492400.0,2419.55,2408.94,2414.773333333333,2501.1225,43.68070953436807,2422.4,-2.8799999999996544,-2.262500000000273,0.0295756536648092,2461.0,2432.5,2409.5,2412.5,572000.0
2024-10-10,2415.0,2418.0,2391.0,2405.0,2318.183837890625,400300.0,2420.275,2411.22,2414.693333333333,2500.3725,36.18090452261307,2421.59,-1.6666666666669698,-2.757500000000164,0.0308615516502357,2461.0,2427.0,2402.0,2425.0,492400.0
2024-10-11,2400.0,2413.5,2387.0,2403.5,2316.73779296875,496200.0,2420.925,2413.44,2414.593333333333,2499.635,37.79527559055119,2420.56,-0.5199999999999818,-3.2399999999997817,0.0302186026575224,2461.0,2418.0,2405.0,2415.0,400300.0
2024-10-12,2400.0,2413.5,2387.0,2403.5,2316.73779296875,496200.0,2421.575,2414.98,2413.96,2498.8125,37.79527559055119,2419.28,-1.1599999999998545,-3.8024999999997817,0.0128529287821324,2461.0,2413.5,2403.5,2400.0,496200.0
2024-10-13,2400.0,2413.5,2387.0,2403.5,2316.73779296875,496200.0,2422.225,2415.66,2413.36,2498.1675,37.79527559055119,2418.0,-1.533333333333303,-3.7199999999998,-0.0026970954356846,2461.0,2413.5,2403.5,2400.0,496200.0
2024-10-14,2400.0,2413.5,2387.0,2403.5,2316.73779296875,496200.0,2421.7,2416.4,2412.353333333333,2497.7875,53.13653136531366,2416.72,-2.4200000000000728,-3.3350000000000364,-0.0133415435139573,2461.0,2413.5,2403.5,2400.0,496200.0
2024-10-15,2407.5,2420.0,2388.5,2391.5,2305.171142578125,524900.0,2419.75,2416.44,2411.0866666666666,2497.29,49.826989619377166,2415.46,-3.6066666666665697,-3.082499999999982,-0.0226808336738864,2461.0,2413.5,2403.5,2400.0,496200.0
2024-10-16,2386.5,2418.5,2379.5,2408.0,2321.07568359375,494500.0,2417.15,2417.14,2410.9733333333334,2496.875,52.92207792207792,2414.27,-3.619999999999891,-2.7600000000002183,-0.0159378831221904,2461.0,2420.0,2391.5,2407.5,524900.0
2024-10-17,2437.0,2487.0,2433.0,2468.0,2378.90966796875,747900.0,2418.05,2420.24,2411.66,2496.76,63.291139240506325,2414.22,-2.300000000000182,-2.0524999999997817,0.0085819370657949,2468.0,2418.5,2408.0,2386.5,494500.0
2024-10-18,2475.0,2475.5,2455.5,2464.0,2375.053955078125,491000.0,2418.75,2423.18,2412.293333333333,2496.835,58.31062670299728,2414.25,-1.066666666666606,-1.3324999999999818,0.010250102501025,2468.0,2487.0,2468.0,2437.0,747900.0
2024-10-19,2475.0,2475.5,2455.5,2464.0,2375.053955078125,491000.0,2419.45,2425.18,2415.4133333333334,2496.8725,58.31062670299728,2413.95,3.059999999999945,-0.9149999999999636,-0.0034378159757331,2468.0,2475.5,2464.0,2475.0,491000.0
2024-10-20,2475.0,2475.5,2455.5,2464.0,2375.053955078125,491000.0,2422.9,2426.52,2417.0533333333333,2496.815,58.31062670299728,2413.65,5.966666666666697,-0.474999999999909,0.0075649151502759,2468.0,2475.5,2464.0,2475.0,491000.0
2024-10-21,2461.5,2468.5,2417.5,2423.5,2336.015869140625,500300.0,2424.475,2425.06,2418.0466666666666,2496.36,40.458015267175576,2412.54,7.073333333333267,-0.5149999999998727,-0.0128309572301426,2468.0,2475.5,2464.0,2475.0,491000.0
2024-10-22,2413.0,2446.0,2406.0,2441.0,2352.884033203125,617200.0,2426.575,2424.7,2419.5533333333333,2496.0125,59.69230769230769,2411.38,7.89333333333343,-0.7475000000004002,-0.0107396149949341,2468.0,2468.5,2423.5,2461.5,500300.0
2024-10-23,2431.0,2458.0,2419.5,2428.0,2340.353515625,411300.0,2427.2,2423.82,2420.82,2495.6,57.73809523809525,2409.91,8.526666666666642,-1.235000000000127,-0.0160081053698074,2468.0,2446.0,2441.0,2413.0,617200.0
2024-10-24,2430.5,2434.5,2401.0,2421.0,2333.606201171875,533600.0,2426.575,2422.66,2421.9933333333333,2495.1525,54.65116279069768,2409.83,6.579999999999927,-1.7199999999998,-0.0188449848024315,2468.0,2458.0,2428.0,2431.0,411300.0
2024-10-25,2421.0,2427.5,2403.5,2421.0,2333.606201171875,515700.0,2425.95,2423.7,2423.1666666666665,2494.5925,55.131964809384165,2409.74,6.11333333333323,-2.2224999999998545,-0.0136484008963129,2468.0,2434.5,2421.0,2430.5,533600.0
2024-10-26,2421.0,2427.5,2403.5,2421.0,2333.606201171875,515700.0,2425.325,2424.86,2424.34,2493.975,55.131964809384165,2409.44,6.293333333333521,-2.3850000000002183,-0.0188449848024315,2468.0,2427.5,2421.0,2421.0,515700.0
2024-10-27,2421.0,2427.5,2403.5,2421.0,2333.606201171875,515700.0,2423.325,2425.74,2424.98,2492.9125,55.131964809384165,2409.14,5.426666666666733,-3.099999999999909,-0.0200364298724954,2468.0,2427.5,2421.0,2421.0,515700.0
2024-10-28,2427.5,2456.5,2416.5,2447.0,2358.667724609375,422800.0,2425.2,2427.0,2425.4733333333334,2491.7025,61.06870229007633,2409.36,4.653333333333194,-3.897500000000037,-0.0062944162436547,2468.0,2427.5,2421.0,2421.0,515700.0
2024-10-29,2460.0,2482.0,2455.0,2471.0,2381.801513671875,497800.0,2428.65,2428.5,2425.94,2490.9275,69.06474820143885,2410.94,3.946666666666715,-4.225000000000364,-0.0032271077047196,2471.0,2456.5,2447.0,2427.5,422800.0
2024-10-30,2460.0,2509.0,2458.5,2485.5,2395.77783203125,2456700.0,2432.675,2430.58,2426.4533333333334,2490.225,68.76513317191284,2413.33,3.2866666666668607,-4.367500000000291,0.0026220250100847,2485.5,2482.0,2471.0,2460.0,497800.0
2024-10-31,2521.0,2555.0,2501.0,2552.5,2460.359375,1232900.0,2440.125,2435.34,2427.86,2489.8575,69.78922716627635,2417.69,3.519999999999982,-4.117499999999836,0.0296490520371117,2552.5,2509.0,2485.5,2460.0,2456700.0
2024-11-01,2571.5,2656.5,2555.0,2634.0,2538.917236328125,1766900.0,2451.65,2442.26,2430.353333333333,2489.445,79.20962199312714,2423.29,5.3733333333334485,-3.4674999999997453,0.0540216086434572,2634.0,2555.0,2552.5,2521.0,1232900.0
2024-11-02,2571.5,2656.5,2555.0,2634.0,2538.917236328125,1766900.0,2463.175,2451.24,2432.9533333333334,2489.32,79.20962199312714,2429.01,7.480000000000018,-2.382499999999709,0.0529682190685589,2634.0,2656.5,2634.0,2571.5,1766900.0
2024-11-03,2571.5,2656.5,2555.0,2634.0,2538.917236328125,1766900.0,2474.7,2460.52,2435.1066666666666,2489.44,79.20962199312714,2434.73,9.166666666666517,-1.4874999999997272,0.0861855670103093,2634.0,2656.5,2634.0,2571.5,1766900.0
2024-11-04,2571.5,2656.5,2555.0,2634.0,2538.917236328125,1766900.0,2486.825,2469.68,2437.62,2489.4,92.01596806387224,2440.45,11.166666666666517,-0.8249999999998181,0.0859616573902288,2634.0,2656.5,2634.0,2571.5,1766900.0
2024-11-05,2585.0,2660.0,2580.0,2660.0,2563.978759765625,936800.0,2499.425,2479.94,2440.353333333333,2489.595,92.27799227799228,2446.69,12.49333333333334,-0.2625000000002728,0.0919540229885058,2660.0,2656.5,2634.0,2571.5,1766900.0
2024-11-06,2664.0,2668.0,2605.0,2610.0,2515.78369140625,900900.0,2506.525,2488.2,2442.2533333333336,2489.54,80.74324324324324,2451.59,11.900000000000093,0.0949999999997999,0.0714285714285714,2660.0,2660.0,2660.0,2585.0,936800.0
2024-11-07,2610.0,2702.5,2610.0,2676.0,2579.401123046875,1243600.0,2517.125,2499.1,2445.0333333333333,2489.815,85.91549295774648,2457.38,12.079999999999927,0.4949999999998908,0.0985221674876848,2676.0,2668.0,2610.0,2664.0,900900.0
2024-11-08,2680.0,2690.0,2650.5,2674.0,2577.47314453125,774900.0,2527.625,2509.92,2447.786666666667,2489.7,85.43417366946778,2463.16,12.680000000000293,0.2599999999997635,0.1178929765886287,2676.0,2702.5,2676.0,2610.0,1243600.0
2024-11-09,2680.0,2690.0,2650.5,2674.0,2577.47314453125,774900.0,2538.125,2521.22,2450.713333333333,2489.8175,85.43417366946778,2468.83,13.093333333333248,0.4175000000000182,0.1301775147928994,2676.0,2690.0,2674.0,2680.0,774900.0
2024-11-10,2680.0,2690.0,2650.5,2674.0,2577.47314453125,774900.0,2550.65,2531.86,2453.4666666666667,2489.955,85.43417366946778,2474.5,13.11333333333323,0.3600000000001273,0.1454272863568215,2676.0,2690.0,2674.0,2680.0,774900.0
2024-11-11,2657.0,2700.0,2654.5,2689.5,2592.413818359375,823600.0,2563.075,2540.72,2456.3866666666668,2490.3925,84.99278499278499,2480.48,14.133333333333212,0.8524999999999636,0.1425233644859813,2689.5,2690.0,2674.0,2680.0,774900.0
2024-11-12,2700.0,2712.5,2684.5,2693.0,2595.787353515625,832500.0,2576.325,2549.88,2459.46,2490.7175,84.04907975460122,2486.53,14.426666666666732,0.9025000000001456,0.1469335604770016,2693.0,2700.0,2689.5,2657.0,823600.0
2024-11-13,2687.5,2711.0,2635.5,2644.5,2549.038330078125,804400.0,2587.5,2557.1,2461.6666666666665,2490.8,72.08333333333333,2491.14,13.879999999999654,1.1000000000003638,0.1262776831345826,2693.0,2712.5,2693.0,2700.0,832500.0
2024-11-14,2614.5,2639.0,2575.0,2586.5,2493.132080078125,878800.0,2595.775,2562.0,2463.1,2490.5925,54.84330484330484,2494.26,12.38666666666677,0.775000000000091,0.1015758091993186,2693.0,2711.0,2644.5,2687.5,804400.0
2024-11-15,2617.5,2649.0,2604.0,2640.0,2544.70068359375,704100.0,2606.725,2570.66,2465.2466666666664,2490.6525,50.92879256965944,2497.86,11.779999999999744,0.6975000000002183,0.1243611584327086,2693.0,2639.0,2586.5,2614.5,878800.0
2024-11-16,2617.5,2649.0,2604.0,2640.0,2544.70068359375,704100.0,2617.675,2578.62,2467.1266666666666,2490.445,50.92879256965944,2501.66,10.739999999999782,0.0525000000002364,0.1162790697674418,2693.0,2649.0,2640.0,2617.5,704100.0
2024-11-17,2617.5,2649.0,2604.0,2640.0,2544.70068359375,704100.0,2627.325,2587.1,2468.9733333333334,2490.2375,50.92879256965944,2505.46,9.51333333333332,-0.4800000000000182,0.1062225015713387,2693.0,2649.0,2640.0,2617.5,704100.0
2024-11-18,2670.5,2688.0,2630.0,2639.5,2544.21875,540200.0,2635.75,2595.84,2471.833333333333,2489.995,50.850077279752696,2509.25,10.16666666666697,-0.805000000000291,0.1067085953878406,2693.0,2649.0,2640.0,2617.5,704100.0
2024-11-19,2645.0,2651.5,2607.5,2619.5,2524.940673828125,393600.0,2642.45,2603.78,2474.42,2489.6525,43.62204724409448,2513.74,11.320000000000164,-0.9400000000000546,0.095795858606986,2693.0,2688.0,2639.5,2670.5,540200.0
2024-11-20,2632.0,2647.0,2586.5,2598.0,2504.216796875,416700.0,2644.725,2610.86,2476.58,2489.2025,47.923875432525946,2517.86,11.333333333333483,-1.4500000000002728,0.0868019242836226,2693.0,2651.5,2619.5,2645.0,393600.0
2024-11-21,2580.5,2585.0,2535.0,2545.0,2453.130126953125,707300.0,2640.275,2615.82,2478.0333333333333,2488.4875,26.268115942029,2520.78,10.906666666666752,-1.9574999999999816,0.0646308303702154,2693.0,2647.0,2598.0,2632.0,416700.0
2024-11-22,2555.0,2569.0,2535.0,2564.5,2471.926025390625,877200.0,2636.8,2620.52,2479.7466666666664,2487.87,31.345826235093696,2523.76,10.773333333333085,-2.367500000000291,0.0727881196402426,2693.0,2585.0,2545.0,2580.5,707300.0
2024-11-23,2555.0,2569.0,2535.0,2564.5,2471.926025390625,877200.0,2633.325,2624.26,2482.0466666666666,2487.3675,31.345826235093696,2526.38,10.21333333333314,-2.6275000000000546,0.0623446561723279,2693.0,2569.0,2564.5,2555.0,877200.0
2024-11-24,2555.0,2569.0,2535.0,2564.5,2471.926025390625,877200.0,2629.85,2627.42,2484.693333333333,2486.865,31.345826235093696,2529.0,10.273333333333085,-2.787500000000364,0.0551326887471712,2693.0,2569.0,2564.5,2555.0,877200.0
2024-11-25,2576.5,2607.5,2570.5,2596.5,2502.77099609375,1266000.0,2626.675,2629.18,2488.1866666666665,2486.49,35.0,2532.26,11.60666666666657,-2.712500000000091,0.0554878048780487,2693.0,2569.0,2564.5,2555.0,877200.0
2024-11-26,2597.0,2615.5,2566.5,2578.0,2484.93896484375,500200.0,2625.075,2626.94,2491.173333333333,2486.6675,32.30769230769231,2534.6,13.139999999999873,-1.820000000000164,0.0522448979591836,2693.0,2607.5,2596.5,2576.5,1266000.0
2024-11-27,2568.5,2581.0,2523.5,2537.0,2445.418701171875,468000.0,2618.125,2623.06,2493.693333333333,2486.64,33.07086614173228,2537.15,13.946666666666715,-1.2300000000000182,0.0355102040816326,2693.0,2615.5,2578.0,2597.0,500200.0
2024-11-28,2536.0,2547.5,2513.0,2523.0,2431.924072265625,365300.0,2610.575,2618.62,2496.026666666666,2486.5425,38.39122486288848,2539.57,13.980000000000018,-0.8249999999998181,0.0297959183673468,2693.0,2581.0,2537.0,2568.5,468000.0
2024-11-29,2537.5,2541.0,2502.5,2506.0,2415.537841796875,351000.0,2602.175,2613.5,2498.133333333333,2486.49,21.729957805907176,2541.59,13.440000000000056,-0.375,0.0463465553235908,2693.0,2547.5,2523.0,2536.0,365300.0
2024-11-30,2537.5,2541.0,2502.5,2506.0,2415.537841796875,351000.0,2593.775,2607.34,2500.24,2486.3475,21.729957805907176,2543.64,12.053333333333285,-0.1424999999999272,0.0476588628762542,2693.0,2541.0,2506.0,2537.5,351000.0
2024-12-01,2537.5,2541.0,2502.5,2506.0,2415.537841796875,351000.0,2584.6,2603.18,2502.12,2486.32,21.729957805907176,2545.69,10.946666666666715,-0.3474999999998545,0.0446019174656107,2693.0,2541.0,2506.0,2537.5,351000.0
2024-12-02,2503.5,2538.0,2500.0,2522.5,2431.4423828125,570500.0,2576.075,2597.04,2503.9333333333334,2486.4775,26.87747035573122,2548.07,10.240000000000236,-0.162499999999909,0.0442972469468019,2644.5,2541.0,2506.0,2537.5,351000.0
2024-12-03,2519.0,2547.5,2510.5,2528.0,2436.74365234375,607500.0,2570.25,2591.2,2505.84,2486.535,30.81761006289308,2550.56,9.813333333333505,-0.0075000000001637,0.038832956646805,2640.0,2538.0,2522.5,2503.5,570500.0
2024-12-04,2531.5,2534.0,2485.0,2485.0,2395.2958984375,545500.0,2565.175,2583.64,2507.1,2486.3775,28.269230769230774,2552.43,8.966666666666697,-0.1124999999997271,0.0211629340456134,2640.0,2547.5,2528.0,2519.0,607500.0
2024-12-05,2498.0,2504.0,2453.5,2472.0,2382.76513671875,508200.0,2556.775,2575.56,2508.1866666666665,2486.155,33.40909090909092,2553.71,7.946666666666715,-0.1924999999996544,0.015820834189439,2640.0,2534.0,2485.0,2531.5,545500.0
2024-12-06,2490.5,2507.0,2462.0,2465.0,2376.017822265625,544200.0,2548.025,2566.58,2509.18,2485.675,26.02409638554218,2553.65,7.059999999999945,-0.6449999999999818,0.0016253555465257,2640.0,2504.0,2472.0,2498.0,508200.0
2024-12-07,2490.5,2507.0,2462.0,2465.0,2376.017822265625,544200.0,2539.275,2557.46,2510.173333333333,2485.1725,26.02409638554218,2553.67,6.239999999999782,-1.3049999999998363,0.0230338244449055,2639.5,2507.0,2465.0,2490.5,544200.0
2024-12-08,2490.5,2507.0,2462.0,2465.0,2376.017822265625,544200.0,2530.55,2550.28,2510.853333333333,2484.8375,26.02409638554218,2553.69,5.013333333333321,-1.6974999999997635,0.0262281432139883,2619.5,2507.0,2465.0,2490.5,544200.0
2024-12-09,2475.0,2488.0,2458.0,2461.0,2372.162109375,520000.0,2522.625,2545.26,2511.26,2484.3625,12.256267409470752,2553.63,4.160000000000309,-2.0149999999998727,0.0232848232848232,2598.0,2507.0,2465.0,2490.5,544200.0
2024-12-10,2473.0,2481.5,2459.0,2459.0,2370.234375,522200.0,2515.675,2538.02,2511.2466666666664,2483.8875,13.49693251533742,2554.34,3.059999999999945,-2.267500000000382,0.0230913251508217,2596.5,2488.0,2461.0,2475.0,520000.0
2024-12-11,2472.0,2493.5,2459.0,2469.0,2379.87353515625,721900.0,2511.875,2531.18,2511.5,2483.4625,24.242424242424235,2554.9,2.320000000000164,-2.212500000000091,0.0272519242770958,2596.5,2481.5,2459.0,2473.0,522200.0
2024-12-12,2470.5,2526.0,2470.5,2513.5,2422.76708984375,911200.0,2509.325,2526.12,2512.346666666667,2483.26,47.07692307692307,2556.61,2.1733333333336304,-1.912499999999909,0.045766590389016,2596.5,2493.5,2469.0,2472.0,721900.0
2024-12-13,2561.0,2589.5,2527.5,2558.5,2466.142578125,1452300.0,2509.025,2522.88,2513.793333333333,2483.02,63.77952755905512,2559.36,2.9400000000000546,-1.8175000000001087,0.0644892864572499,2596.5,2526.0,2513.5,2470.5,911200.0
2024-12-14,2561.0,2589.5,2527.5,2558.5,2466.142578125,1452300.0,2508.725,2520.44,2515.9733333333334,2482.4575,63.77952755905512,2562.11,4.713333333333139,-1.9050000000002,0.0698306502195273,2596.5,2589.5,2558.5,2561.0,1452300.0
2024-12-15,2561.0,2589.5,2527.5,2558.5,2466.142578125,1452300.0,2506.825,2518.86,2518.193333333333,2482.225,63.77952755905512,2564.86,6.946666666666715,-1.662499999999909,0.0625,2578.0,2589.5,2558.5,2561.0,1452300.0
2024-12-16,2558.5,2618.5,2557.5,2612.0,2517.71142578125,1109400.0,2508.525,2521.54,2521.0333333333333,2482.315,69.67032967032966,2568.68,9.533333333333305,-1.1475000000000364,0.0583468395461912,2612.0,2589.5,2558.5,2561.0,1452300.0
2024-12-17,2600.0,2610.0,2544.0,2544.0,2452.166259765625,603400.0,2508.875,2520.72,2522.7466666666664,2481.8375,52.75862068965517,2570.62,10.399999999999636,-1.422500000000127,0.0324675324675325,2612.0,2618.5,2612.0,2558.5,1109400.0
2024-12-18,2548.0,2573.0,2534.0,2539.5,2447.82861328125,466300.0,2509.7,2519.72,2524.16,2481.3375,60.83499005964215,2571.99,10.366666666666331,-1.6824999999998909,0.0306412337662338,2612.0,2610.0,2544.0,2600.0,603400.0
2024-12-19,2525.5,2536.0,2481.5,2486.0,2396.260009765625,568300.0,2508.7,2516.58,2524.86,2480.57,52.397260273972606,2572.0,8.88666666666677,-1.887499999999818,0.0089285714285713,2612.0,2573.0,2539.5,2548.0,466300.0
2024-12-20,2497.0,2499.0,2440.5,2459.0,2370.234375,1103700.0,2506.35,2511.08,2525.2,2479.8875,49.03846153846154,2570.13,7.006666666666661,-2.337500000000091,0.0146482360222817,2612.0,2536.0,2486.0,2525.5,568300.0
2024-12-21,2497.0,2499.0,2440.5,2459.0,2370.234375,1103700.0,2504.0,2506.32,2525.173333333333,2479.3575,49.03846153846154,2566.63,4.139999999999873,-2.957499999999982,0.007374027038099,2612.0,2499.0,2459.0,2497.0,1103700.0
2024-12-22,2497.0,2499.0,2440.5,2459.0,2370.234375,1103700.0,2500.825,2503.2,2525.833333333333,2478.975,49.03846153846154,2563.13,3.0866666666670426,-2.862500000000182,0.0127677100494234,2612.0,2499.0,2459.0,2497.0,1103700.0
2024-12-23,2465.0,2513.5,2463.0,2507.0,2416.501708984375,734100.0,2499.775,2502.56,2527.233333333333,2478.8,56.46067415730337,2560.59,3.073333333333266,-2.537499999999909,0.0355225113589425,2612.0,2499.0,2459.0,2497.0,1103700.0
2024-12-24,2522.0,2609.5,2517.0,2601.0,2507.1083984375,1137200.0,2505.575,2506.36,2529.846666666667,2479.18,65.84821428571429,2559.93,4.986666666666679,-1.3900000000003274,0.0743494423791821,2612.0,2513.5,2507.0,2465.0,734100.0
2024-12-25,2601.0,2601.0,2555.5,2564.5,2471.926025390625,444800.0,2510.2,2508.7,2531.9933333333333,2479.3775,60.06322444678609,2558.02,6.793333333333521,-0.5099999999997635,0.0592730276745145,2612.0,2609.5,2601.0,2522.0,1137200.0
2024-12-26,2558.0,2564.5,2534.0,2558.5,2466.142578125,493600.0,2514.875,2510.8,2534.06,2479.545,55.1605504587156,2556.99,8.88666666666677,0.1875,0.0567947129285419,2612.0,2601.0,2564.5,2601.0,444800.0
2024-12-27,2569.0,2588.0,2555.5,2583.5,2490.240234375,470100.0,2520.8,2513.24,2536.46,2479.7475,53.00480769230769,2555.14,10.626666666666551,0.7725000000000364,0.0557825909276665,2612.0,2564.5,2558.5,2558.0,493600.0
2024-12-28,2569.0,2588.0,2555.5,2583.5,2490.240234375,470100.0,2526.725,2515.46,2538.86,2479.9925,53.00480769230769,2553.33,11.626666666667006,1.1924999999996544,0.04552812626467,2612.0,2588.0,2583.5,2569.0,470100.0
2024-12-29,2569.0,2588.0,2555.5,2583.5,2490.240234375,470100.0,2532.85,2519.4,2541.42,2480.1325,53.00480769230769,2551.52,11.573333333333268,0.9525000000003274,0.0394286863810098,2612.0,2588.0,2583.5,2569.0,470100.0
2024-12-30,2606.0,2616.5,2566.0,2572.0,2479.1552734375,367900.0,2538.5,2523.4,2543.6066666666666,2480.455,44.6524064171123,2549.48,11.61333333333323,1.077499999999873,0.0076395690499511,2612.0,2588.0,2583.5,2569.0,470100.0
2024-12-31,2606.0,2616.5,2566.0,2572.0,2479.1552734375,367900.0,2543.65,2527.68,2544.9933333333333,2480.6325,54.575163398692816,2547.13,10.933333333333394,1.087500000000091,-0.0235383447228549,2612.0,2616.5,2572.0,2606.0,367900.0
2025-01-01,2606.0,2616.5,2566.0,2572.0,2479.1552734375,367900.0,2546.575,2531.96,2546.4333333333334,2480.81,55.389718076285234,2544.71,9.973333333333358,1.0625,-0.0235383447228549,2612.0,2616.5,2572.0,2606.0,367900.0
2025-01-02,2606.0,2616.5,2566.0,2572.0,2479.1552734375,367900.0,2547.25,2536.24,2547.873333333333,2480.9875,67.33870967741936,2543.26,9.01333333333332,0.9950000000003456,-0.0235383447228549,2612.0,2616.5,2572.0,2606.0,367900.0
2025-01-03,2606.0,2616.5,2566.0,2572.0,2479.1552734375,367900.0,2547.925,2540.68,2549.313333333333,2481.3225,75.56561085972851,2542.97,7.89333333333343,1.1900000000000546,-0.0235383447228549,2612.0,2616.5,2572.0,2606.0,367900.0
2025-01-04,2606.0,2616.5,2566.0,2572.0,2479.1552734375,367900.0,2548.6,2545.2,2551.293333333333,2481.6375,75.56561085972851,2541.61,7.686666666666952,1.1824999999998909,-0.0330827067669172,2612.0,2616.5,2572.0,2606.0,367900.0
2025-01-05,2606.0,2616.5,2566.0,2572.0,2479.1552734375,367900.0,2546.6,2549.32,2553.04,2481.9675,75.56561085972851,2540.25,8.046666666666624,1.3350000000000364,-0.01455938697318,2601.0,2616.5,2572.0,2606.0,367900.0
2025-01-06,2603.0,2607.0,2546.5,2564.5,2471.926025390625,570400.0,2547.625,2551.36,2554.86,2482.4225,65.92797783933517,2538.74,8.426666666666733,1.612500000000182,-0.0416666666666666,2601.0,2616.5,2572.0,2606.0,367900.0
2025-01-07,2541.0,2553.0,2521.0,2521.5,2430.478271484375,515900.0,2546.725,2549.88,2556.2,2482.7075,19.3050193050193,2536.38,8.32666666666637,1.7199999999998,-0.0570306656694091,2601.0,2607.0,2564.5,2603.0,570400.0
2025-01-08,2512.0,2520.5,2486.5,2486.5,2396.74169921875,552500.0,2546.75,2547.0,2557.0733333333333,2482.8175,19.53125000000001,2533.72,7.7599999999997635,1.4949999999998909,-0.0701196709050112,2601.0,2553.0,2521.5,2541.0,515900.0
2025-01-09,2486.0,2493.5,2455.0,2456.5,2367.82470703125,551100.0,2546.625,2542.92,2557.5466666666666,2482.7775,16.447368421052644,2530.89,6.253333333333103,1.1400000000003274,-0.081338818249813,2601.0,2520.5,2486.5,2512.0,552500.0
2025-01-10,2455.0,2468.5,2442.0,2464.0,2375.053955078125,450500.0,2546.875,2537.0,2558.12,2482.6425,5.576208178438648,2529.27,5.079999999999927,0.6749999999997272,-0.0838445807770961,2601.0,2493.5,2456.5,2486.0,551100.0
2025-01-11,2455.0,2468.5,2442.0,2464.0,2375.053955078125,450500.0,2547.125,2533.8,2558.346666666667,2482.38,5.576208178438648,2527.26,3.486666666666679,-0.0425000000000181,-0.0850352766431489,2601.0,2468.5,2464.0,2455.0,450500.0
2025-01-12,2455.0,2468.5,2442.0,2464.0,2375.053955078125,450500.0,2544.975,2530.78,2558.2533333333336,2482.16,5.576208178438648,2525.25,2.05333333333374,-0.5475000000001273,-0.0682548685951975,2601.0,2468.5,2464.0,2455.0,450500.0
2025-01-13,2455.0,2468.5,2442.0,2464.0,2375.053955078125,450500.0,2538.125,2529.9,2557.9666666666667,2481.9,6.097560975609753,2523.24,0.8933333333334303,-0.9175000000000182,-0.0473612990527739,2583.5,2468.5,2464.0,2455.0,450500.0
2025-01-14,2475.0,2477.0,2409.0,2430.0,2342.28125,624700.0,2531.4,2528.74,2556.333333333333,2481.4975,4.777070063694268,2519.91,-1.2133333333331393,-1.2800000000002,-0.0795454545454545,2583.5,2468.5,2464.0,2455.0,450500.0
2025-01-15,2433.0,2438.5,2421.0,2433.0,2345.173095703125,358200.0,2525.125,2527.7,2553.653333333333,2481.11,6.5625,2517.01,-4.466666666666697,-1.5324999999998,-0.0784090909090908,2583.5,2477.0,2430.0,2475.0,624700.0
2025-01-16,2444.0,2445.0,2408.5,2414.5,2327.3408203125,602000.0,2516.675,2525.92,2550.7266666666665,2480.63,5.882352941176464,2514.56,-7.620000000000346,-1.75,-0.0854166666666667,2583.5,2438.5,2433.0,2433.0,358200.0
2025-01-17,2408.0,2445.5,2406.0,2435.5,2347.582763671875,572200.0,2509.275,2523.06,2548.08,2480.2125,15.78947368421052,2512.81,-10.17333333333363,-1.9474999999997635,-0.0772873650312558,2583.5,2445.0,2414.5,2444.0,602000.0
2025-01-18,2408.0,2445.5,2406.0,2435.5,2347.582763671875,572200.0,2501.875,2516.44,2545.4333333333334,2479.8575,15.78947368421052,2511.4,-12.533333333333305,-2.042500000000018,-0.0702424126741744,2572.0,2445.5,2435.5,2408.0,572200.0
2025-01-19,2408.0,2445.5,2406.0,2435.5,2347.582763671875,572200.0,2495.05,2511.28,2542.44,2479.49,15.78947368421052,2509.99,-13.89333333333343,-2.007500000000164,-0.0625481139337952,2572.0,2445.5,2435.5,2408.0,572200.0
2025-01-20,2431.5,2464.5,2431.0,2455.0,2366.37890625,388800.0,2489.2,2507.14,2540.373333333333,2479.24,24.113475177304963,2508.97,-13.279999999999744,-1.8700000000003456,-0.0353634577603143,2572.0,2445.5,2435.5,2408.0,572200.0
2025-01-21,2465.0,2470.0,2428.5,2433.0,2345.173095703125,440000.0,2482.25,2501.12,2537.133333333333,2479.0325,26.771653543307096,2507.18,-13.593333333333248,-1.5975000000003092,-0.0512770520569312,2572.0,2464.5,2455.0,2431.5,388800.0
2025-01-22,2440.0,2443.0,2416.0,2438.0,2349.99267578125,392800.0,2475.55,2495.3,2533.9866666666667,2478.85,34.89096573208724,2505.38,-14.093333333333248,-1.362500000000182,-0.0493273542600897,2572.0,2470.0,2433.0,2465.0,440000.0
2025-01-23,2427.5,2446.0,2416.5,2436.5,2348.546630859375,421600.0,2468.775,2489.42,2530.82,2478.66,42.42424242424243,2504.41,-14.61333333333323,-1.1975000000002185,-0.0499122635991421,2572.0,2443.0,2438.0,2440.0,392800.0
2025-01-24,2450.0,2474.0,2447.0,2447.5,2359.149658203125,565800.0,2462.55,2484.44,2527.8,2478.68,43.91143911439114,2503.92,-14.639999999999873,-0.8099999999999454,-0.0573849412670902,2572.0,2446.0,2436.5,2427.5,421600.0
2025-01-25,2450.0,2474.0,2447.0,2447.5,2359.149658203125,565800.0,2456.325,2479.46,2524.5733333333333,2478.77,43.91143911439114,2503.57,-15.800000000000182,-0.4699999999997999,-0.0506206361520558,2564.5,2474.0,2447.5,2450.0,565800.0
2025-01-26,2450.0,2474.0,2447.0,2447.5,2359.149658203125,565800.0,2450.475,2474.48,2521.3,2478.6875,43.91143911439114,2503.22,-15.83333333333303,-0.3449999999997999,-0.0352778872684272,2521.5,2474.0,2447.5,2450.0,565800.0
2025-01-27,2465.0,2473.5,2444.0,2473.5,2384.211181640625,633800.0,2448.075,2470.54,2519.02,2478.565,52.94117647058823,2503.39,-14.966666666666695,-0.2849999999998545,-0.0196195005945303,2486.5,2474.0,2447.5,2450.0,565800.0
2025-01-28,2460.0,2461.5,2422.5,2422.5,2335.052001953125,889400.0,2444.875,2464.56,2516.833333333333,2478.2075,47.89915966386554,2502.62,-13.98666666666668,-0.4524999999998726,-0.0333200319233838,2473.5,2473.5,2473.5,2465.0,633800.0
2025-01-29,2425.0,2435.0,2420.0,2433.0,2345.173095703125,380300.0,2443.7,2459.0,2514.0733333333333,2477.9025,50.0,2502.1,-13.726666666666915,-0.7774999999996908,-0.0291300877893057,2473.5,2461.5,2422.5,2460.0,889400.0
2025-01-30,2425.0,2458.0,2420.5,2458.0,2369.2705078125,602800.0,2443.4,2454.44,2511.6466666666665,2477.7225,61.298701298701296,2501.88,-12.926666666666732,-1.047500000000127,-0.0191540303272146,2473.5,2435.0,2433.0,2425.0,380300.0
2025-01-31,2450.0,2468.5,2438.0,2452.0,2363.4873046875,661800.0,2442.8,2449.94,2509.14,2477.5125,54.64788732394367,2500.65,-12.16000000000031,-1.175000000000182,-0.0279484638255699,2473.5,2458.0,2458.0,2425.0,602800.0
2025-02-01,2450.0,2468.5,2438.0,2452.0,2363.4873046875,661800.0,2442.2,2447.16,2506.64,2477.1475,54.64788732394367,2498.52,-12.38000000000011,-1.4175000000000182,-0.0300632911392405,2473.5,2468.5,2452.0,2450.0,661800.0
2025-02-02,2450.0,2468.5,2438.0,2452.0,2363.4873046875,661800.0,2441.6,2445.78,2504.4066666666668,2476.6575,54.64788732394367,2496.39,-12.426666666666732,-1.550000000000182,-0.0132796780684104,2473.5,2468.5,2452.0,2450.0,661800.0
2025-02-03,2512.0,2564.5,2463.0,2545.5,2453.61181640625,1622400.0,2447.375,2449.34,2503.7066666666665,2476.64,67.99204771371768,2496.13,-10.366666666666788,-1.2625000000002728,0.0297330097087378,2545.5,2468.5,2452.0,2450.0,661800.0
2025-02-04,2550.0,2550.0,2467.0,2495.5,2405.416748046875,1235000.0,2450.5,2450.6,2503.0466666666666,2476.4825,61.18067978533095,2493.8,-8.599999999999909,-1.2399999999997815,0.0123732251521297,2545.5,2564.5,2545.5,2512.0,1622400.0
2025-02-05,2495.5,2499.5,2465.5,2484.5,2394.81396484375,615800.0,2454.0,2451.42,2501.98,2476.27,58.14360770577933,2492.61,-7.159999999999855,-1.2424999999998363,0.0079107505070994,2545.5,2550.0,2495.5,2550.0,1235000.0
2025-02-06,2489.5,2503.0,2467.0,2474.0,2384.69287109375,520100.0,2455.925,2451.82,2500.773333333333,2476.005,56.3667232597623,2491.3,-5.866666666666333,-1.1424999999999272,0.0036511156186611,2545.5,2499.5,2484.5,2495.5,615800.0
2025-02-07,2473.5,2474.0,2458.5,2469.5,2380.35546875,380900.0,2457.625,2452.04,2499.5066666666667,2475.7,53.81944444444444,2490.97,-4.900000000000091,-0.9574999999999818,0.0034538805363673,2545.5,2503.0,2474.0,2489.5,520100.0
2025-02-08,2473.5,2474.0,2458.5,2469.5,2380.35546875,380900.0,2459.325,2453.62,2497.813333333333,2475.4125,53.81944444444444,2491.18,-5.893333333332976,-1.2274999999999636,0.0042700284668564,2545.5,2474.0,2469.5,2473.5,380900.0
2025-02-09,2473.5,2474.0,2458.5,2469.5,2380.35546875,380900.0,2460.05,2455.08,2496.366666666667,2475.4575,53.81944444444444,2491.39,-6.679999999999836,-1.025000000000091,0.0002025111381125,2545.5,2474.0,2469.5,2473.5,380900.0
2025-02-10,2470.0,2480.5,2447.0,2460.0,2371.1982421875,515300.0,2461.4,2456.9,2495.34,2475.625,47.51381215469613,2491.41,-6.639999999999873,-0.6449999999999818,-0.0212850606723692,2545.5,2474.0,2469.5,2473.5,380900.0
2025-02-11,2470.0,2480.5,2447.0,2460.0,2371.1982421875,515300.0,2462.5,2457.88,2494.5,2475.87,58.503401360544224,2490.47,-6.27333333333354,-0.1350000000002182,-0.0384991205784639,2545.5,2480.5,2460.0,2470.0,515300.0
2025-02-12,2495.0,2495.5,2458.0,2474.5,2385.175048828125,514100.0,2464.4,2459.44,2494.08,2476.1875,59.24276169265034,2487.94,-5.426666666666733,0.4875000000001819,-0.0328317373461012,2545.5,2480.5,2460.0,2470.0,515300.0
2025-02-13,2489.0,2499.0,2477.0,2497.5,2407.3447265625,482900.0,2466.9,2461.92,2493.9666666666667,2476.62,58.87640449438203,2486.6,-3.846666666666806,1.2074999999999818,-0.0238420949775258,2545.5,2495.5,2474.5,2495.0,514100.0
2025-02-14,2497.0,2516.0,2487.0,2498.0,2407.82666015625,528100.0,2469.425,2463.64,2493.86,2476.855,60.59907834101383,2485.39,-2.5066666666666606,1.3975000000000364,-0.0436447166921899,2545.5,2499.0,2497.5,2489.0,482900.0
2025-02-15,2497.0,2516.0,2487.0,2498.0,2407.82666015625,528100.0,2471.95,2466.24,2493.5333333333333,2477.1025,60.59907834101383,2483.68,-1.8066666666668425,1.4774999999999636,-0.0180817610062893,2545.5,2516.0,2498.0,2497.0,528100.0
2025-02-16,2497.0,2516.0,2487.0,2498.0,2407.82666015625,528100.0,2473.175,2468.64,2493.133333333333,2477.1975,60.59907834101383,2481.97,-1.366666666666788,1.3275000000003274,-0.0163417995668438,2545.5,2516.0,2498.0,2497.0,528100.0
2025-02-17,2511.5,2528.0,2502.5,2508.5,2417.94775390625,406800.0,2477.475,2471.52,2493.4466666666667,2477.3075,36.19402985074628,2480.47,-0.6333333333332121,1.1199999999998909,0.0090506838294448,2545.5,2516.0,2498.0,2497.0,528100.0
2025-02-18,2529.0,2543.5,2511.0,2532.5,2441.081298828125,452400.0,2482.45,2474.92,2494.2533333333336,2477.8875,67.12962962962963,2479.68,0.2866666666668607,1.2674999999999272,0.0298901992679951,2545.5,2528.0,2508.5,2511.5,406800.0
2025-02-19,2529.0,2539.5,2511.5,2514.5,2423.73095703125,434800.0,2485.275,2477.6,2494.9133333333334,2478.3775,63.04347826086957,2478.53,1.0533333333332848,1.5225000000000364,0.0225701504676698,2545.5,2543.5,2532.5,2529.0,452400.0
2025-02-20,2518.5,2518.5,2475.0,2483.0,2393.3681640625,488400.0,2486.825,2479.02,2495.153333333333,2478.71,53.30882352941177,2476.75,1.6199999999998909,1.6075000000000728,0.0097600650671003,2545.5,2539.5,2514.5,2529.0,434800.0
2025-02-21,2496.0,2502.0,2458.0,2477.0,2387.584716796875,639200.0,2488.075,2479.16,2495.313333333333,2479.945,52.72727272727273,2474.85,2.180000000000291,2.747499999999945,-0.0119664938173115,2545.5,2518.5,2483.0,2518.5,488400.0
2025-02-22,2496.0,2502.0,2458.0,2477.0,2387.584716796875,639200.0,2489.325,2481.34,2495.526666666666,2480.625,52.72727272727273,2472.95,2.0799999999999272,3.317500000000109,-0.0476739715494041,2545.5,2502.0,2477.0,2496.0,639200.0
2025-02-23,2496.0,2502.0,2458.0,2477.0,2387.584716796875,639200.0,2485.9,2483.1,2495.766666666667,2481.265,52.72727272727273,2471.05,1.5133333333333212,3.3775000000000546,-0.034119711444726,2532.5,2502.0,2477.0,2496.0,639200.0
2025-02-24,2496.0,2502.0,2458.0,2477.0,2387.584716796875,639200.0,2484.975,2483.86,2495.873333333333,2482.01,56.640625,2469.15,0.9600000000000364,3.632500000000164,-0.0318546023060386,2532.5,2502.0,2477.0,2496.0,639200.0
2025-02-25,2527.0,2611.5,2526.0,2601.5,2507.590576171875,1526300.0,2490.825,2489.84,2497.0466666666666,2483.3525,78.01980198019803,2469.89,1.8933333333334303,4.642499999999927,0.0069672924327461,2601.5,2502.0,2477.0,2496.0,639200.0
2025-02-26,2591.0,2605.0,2571.5,2589.0,2495.541748046875,754900.0,2496.575,2495.32,2497.4533333333334,2484.6325,72.85429141716567,2471.24,2.1399999999998727,4.6875,0.0021288949100057,2601.5,2611.5,2601.5,2527.0,1526300.0
2025-02-27,2580.0,2594.0,2572.5,2586.5,2493.132080078125,416500.0,2502.425,2500.7,2497.826666666667,2485.9,69.34782608695652,2473.24,2.300000000000182,5.275000000000091,0.0011612154054576,2601.5,2605.0,2589.0,2591.0,754900.0
2025-02-28,2595.0,2614.5,2576.0,2579.0,2485.90283203125,763400.0,2507.9,2502.04,2498.1,2487.13,67.08860759493672,2475.69,2.33333333333303,5.8650000000002365,0.0027216174183515,2601.5,2594.0,2586.5,2580.0,416500.0
2025-03-01,2595.0,2614.5,2576.0,2579.0,2485.90283203125,763400.0,2513.375,2505.38,2497.66,2488.16,67.08860759493672,2477.99,1.786666666666406,6.149999999999636,0.0027216174183515,2601.5,2614.5,2579.0,2595.0,763400.0
2025-03-02,2595.0,2614.5,2576.0,2579.0,2485.90283203125,763400.0,2519.325,2509.16,2498.1266666666666,2489.005,67.08860759493672,2480.29,1.0799999999999272,5.6525000000001455,0.0027216174183515,2601.5,2614.5,2579.0,2595.0,763400.0
2025-03-03,2579.0,2604.0,2576.5,2600.5,2506.626708984375,960000.0,2526.35,2514.22,2498.94,2489.8275,68.54838709677419,2483.02,1.4866666666666788,5.194999999999709,0.0110808709175738,2601.5,2614.5,2579.0,2595.0,763400.0
2025-03-04,2581.0,2584.5,2560.0,2582.5,2489.2763671875,770800.0,2531.75,2518.74,2500.2266666666665,2490.505,60.3305785123967,2485.39,2.399999999999636,4.605000000000018,0.0040824261275271,2601.5,2604.0,2600.5,2579.0,960000.0
2025-03-05,2570.0,2602.5,2566.0,2591.5,2497.951416015625,773100.0,2536.45,2523.62,2501.9933333333333,2491.2275,66.52360515021459,2488.62,3.8933333333334303,4.097499999999855,0.0075816485225506,2601.5,2584.5,2582.5,2581.0,770800.0
2025-03-06,2582.0,2604.5,2565.0,2568.5,2475.78173828125,545600.0,2539.975,2527.58,2503.4533333333334,2491.835,69.04231625835189,2491.33,5.793333333333521,3.675000000000182,-0.0013608087091757,2601.5,2602.5,2591.5,2570.0,773100.0
2025-03-07,2565.0,2590.0,2554.5,2590.0,2496.505615234375,567600.0,2544.575,2532.78,2505.2,2492.59,73.54166666666667,2494.84,7.073333333333267,3.5850000000000364,0.0099434587638915,2601.5,2604.5,2568.5,2582.0,545600.0
2025-03-08,2565.0,2590.0,2554.5,2590.0,2496.505615234375,567600.0,2549.175,2537.98,2506.306666666667,2493.1775,73.54166666666667,2497.93,7.366666666666788,3.349999999999909,0.0271663692246677,2601.5,2590.0,2590.0,2565.0,567600.0
2025-03-09,2565.0,2590.0,2554.5,2590.0,2496.505615234375,567600.0,2553.25,2542.6,2506.16,2493.9,73.54166666666667,2501.02,5.933333333333394,3.394999999999982,0.0416247737784034,2601.5,2590.0,2590.0,2565.0,567600.0
2025-03-10,2599.0,2600.0,2547.0,2551.0,2458.913330078125,613700.0,2554.175,2544.74,2505.98,2494.38,63.26164874551972,2503.33,3.986666666666679,3.152500000000145,0.0384693669855484,2601.5,2590.0,2590.0,2565.0,567600.0
2025-03-11,2551.0,2561.5,2501.5,2540.0,2448.310546875,741900.0,2555.45,2546.42,2505.733333333333,2494.7425,31.41993957703928,2505.03,2.2799999999997453,2.9074999999998,0.0308441558441558,2601.5,2600.0,2551.0,2599.0,613700.0
2025-03-12,2523.0,2595.0,2523.0,2585.0,2491.68603515625,585800.0,2560.55,2549.9,2505.7533333333336,2495.33,48.98989898989899,2508.07,0.5533333333337396,2.7399999999997817,0.0491071428571427,2601.5,2561.5,2540.0,2551.0,741900.0
2025-03-13,2562.0,2599.0,2554.0,2597.5,2503.73486328125,496900.0,2566.575,2553.88,2505.94,2495.98,52.64423076923077,2511.26,-0.3666666666667879,2.8025000000002365,0.0541801948051947,2601.5,2595.0,2585.0,2523.0,585800.0
2025-03-14,2599.0,2623.0,2588.0,2613.5,2519.1572265625,700100.0,2573.4,2558.08,2506.34,2496.775,57.967667436489606,2514.8,0.180000000000291,2.875,0.0606737012987013,2613.5,2599.0,2597.5,2562.0,496900.0
2025-03-15,2599.0,2623.0,2588.0,2613.5,2519.1572265625,700100.0,2580.225,2561.32,2506.893333333333,2497.505,57.967667436489606,2518.12,0.9133333333334122,3.125,0.075514403292181,2613.5,2623.0,2613.5,2599.0,700100.0
2025-03-16,2599.0,2623.0,2588.0,2613.5,2519.1572265625,700100.0,2587.05,2565.28,2507.4466666666667,2498.22,57.967667436489606,2521.44,1.713333333333594,3.477499999999964,0.0741882449650637,2613.5,2623.0,2613.5,2599.0,700100.0
2025-03-17,2624.0,2661.5,2608.0,2643.5,2548.074462890625,547100.0,2589.15,2571.7,2508.4,2499.125,59.55555555555556,2525.36,2.6466666666665333,3.7950000000000728,0.0948436529302132,2643.5,2623.0,2613.5,2599.0,700100.0
2025-03-18,2660.0,2677.5,2645.0,2664.5,2568.316162109375,566400.0,2592.925,2579.2,2509.633333333333,2500.0525,67.98245614035088,2529.18,3.6933333333331575,4.072499999999764,0.0940258673783618,2664.5,2661.5,2643.5,2624.0,547100.0
2025-03-19,2664.5,2709.5,2664.5,2703.0,2605.42626953125,640400.0,2598.75,2588.24,2511.38,2501.1725,71.6504854368932,2534.79,5.039999999999964,4.397500000000036,0.1098337097105317,2703.0,2677.5,2664.5,2660.0,566400.0
2025-03-20,2664.5,2709.5,2664.5,2703.0,2605.42626953125,640400.0,2604.95,2597.28,2513.1266666666666,2502.2925,78.67803837953092,2540.19,6.233333333333121,4.787499999999909,0.1098337097105317,2703.0,2709.5,2703.0,2664.5,640400.0
2025-03-21,2700.0,2720.0,2687.0,2693.0,2595.787353515625,784300.0,2610.65,2605.92,2514.74,2503.2625,73.09417040358744,2544.89,7.293333333333066,5.042500000000018,0.0969450101832993,2703.0,2709.5,2703.0,2664.5,640400.0
2025-03-22,2700.0,2720.0,2687.0,2693.0,2595.787353515625,784300.0,2616.35,2609.58,2516.4533333333334,2504.22,73.09417040358744,2549.71,8.053333333333285,5.0949999999998,0.1068639539662967,2703.0,2720.0,2693.0,2700.0,784300.0
2025-03-23,2700.0,2720.0,2687.0,2693.0,2595.787353515625,784300.0,2620.975,2613.74,2518.74,2505.56,73.09417040358744,2554.53,9.10666666666657,5.507500000000164,0.104593929450369,2703.0,2720.0,2693.0,2700.0,784300.0
2025-03-24,2697.0,2701.5,2672.0,2687.5,2590.486083984375,484200.0,2626.225,2617.78,2521.42,2506.87,86.01583113456465,2559.24,10.039999999999964,5.697499999999764,0.1030166222039812,2703.0,2720.0,2693.0,2700.0,784300.0
2025-03-25,2653.5,2686.0,2642.0,2667.0,2570.72607421875,509900.0,2630.0,2621.3,2524.2266666666665,2508.025,81.90954773869346,2561.67,11.099999999999907,5.732500000000073,0.0896833503575076,2703.0,2701.5,2687.5,2697.0,484200.0
2025-03-26,2681.0,2684.5,2651.0,2677.0,2580.364990234375,672500.0,2635.425,2625.22,2527.0666666666666,2509.23,78.04878048780488,2565.3,12.326666666666824,5.9675000000002,0.0937691521961185,2703.0,2686.0,2667.0,2653.5,509900.0
2025-03-27,2677.0,2680.0,2646.5,2657.5,2561.569091796875,620200.0,2638.8,2628.36,2529.6466666666665,2510.3375,67.54385964912281,2568.76,13.193333333333156,6.117500000000291,0.0858018386108274,2703.0,2684.5,2677.0,2681.0,672500.0
2025-03-28,2615.0,2625.5,2575.0,2584.5,2538.97412109375,665000.0,2638.525,2627.72,2531.2533333333336,2511.3,43.64035087719298,2570.97,12.513333333333776,5.7400000000002365,0.0448756822316556,2703.0,2680.0,2657.5,2677.0,620200.0
2025-03-29,2615.0,2625.5,2575.0,2584.5,2538.97412109375,665000.0,2638.25,2627.8,2532.86,2512.3925,43.64035087719298,2573.27,11.440000000000056,5.522500000000036,0.0668730650154798,2703.0,2625.5,2584.5,2615.0,665000.0
2025-03-30,2615.0,2625.5,2575.0,2584.5,2538.97412109375,665000.0,2639.925,2627.52,2534.92,2513.6425,43.64035087719298,2575.57,10.693333333333612,5.617499999999836,0.0622688039457459,2703.0,2625.5,2584.5,2615.0,665000.0
2025-03-31,2547.0,2548.5,2513.0,2532.0,2487.39892578125,638400.0,2639.525,2626.06,2536.24,2514.5325,27.744510978043905,2576.82,9.173333333333176,5.302499999999782,0.0301057770545158,2703.0,2625.5,2584.5,2615.0,665000.0
2025-04-01,2580.5,2598.5,2559.0,2562.0,2516.870361328125,948000.0,2638.375,2624.94,2538.2066666666665,2515.6025,30.2504816955684,2578.86,8.559999999999945,5.264999999999873,0.0448613376835236,2703.0,2548.5,2532.0,2547.0,638400.0
2025-04-02,2590.5,2597.5,2562.0,2576.0,2530.623779296875,997100.0,2637.3,2624.38,2540.08,2516.7425,22.97872340425532,2581.18,8.82666666666637,5.442499999999654,0.0505709624796084,2703.0,2598.5,2562.0,2580.5,948000.0
2025-04-03,2518.5,2567.0,2506.0,2556.0,2510.97607421875,922500.0,2634.425,2623.02,2541.6866666666665,2517.7825,21.17647058823529,2582.81,8.82666666666637,5.389999999999873,0.0424143556280587,2703.0,2597.5,2576.0,2590.5,997100.0
2025-04-04,2530.0,2547.5,2495.0,2547.5,2502.6259765625,1012100.0,2631.125,2622.88,2543.18,2518.78,21.301775147929,2583.81,8.259999999999764,5.137500000000273,0.0007857002553526,2703.0,2567.0,2556.0,2518.5,922500.0
2025-04-05,2530.0,2547.5,2495.0,2547.5,2502.6259765625,1012100.0,2627.825,2623.18,2544.4133333333334,2519.6925,21.301775147929,2584.8,8.17333333333363,5.160000000000309,0.0208375075135243,2703.0,2547.5,2547.5,2530.0,1012100.0
2025-04-06,2530.0,2547.5,2495.0,2547.5,2502.6259765625,1012100.0,2623.025,2621.68,2545.94,2520.4975,21.301775147929,2585.79,7.733333333333576,4.894999999999982,0.0253572147313343,2703.0,2547.5,2547.5,2530.0,1012100.0
2025-04-07,2316.0,2420.0,2275.5,2354.5,2313.025634765625,1463700.0,2607.525,2611.96,2544.826666666667,2520.345,12.244897959183676,2582.92,4.746666666666897,3.602499999999964,-0.0483023443815683,2703.0,2547.5,2547.5,2530.0,1012100.0
2025-04-08,2410.0,2465.0,2410.0,2433.5,2390.634033203125,856700.0,2594.05,2604.76,2544.786666666667,2520.56,26.62662662662663,2581.42,3.100000000000364,2.777500000000145,-0.0145778497671593,2703.0,2420.0,2354.5,2316.0,1463700.0
2025-04-09,2419.0,2419.0,2354.0,2377.5,2335.620361328125,622200.0,2577.775,2595.32,2543.853333333333,2520.495,22.548120989917507,2578.32,0.6733333333336304,1.7149999999996908,-0.0372545049605183,2693.0,2465.0,2433.5,2410.0,856700.0
2025-04-10,2500.0,2500.0,2436.5,2488.0,2444.174072265625,694300.0,2567.525,2590.3,2544.393333333333,2520.9825,36.68499607227022,2577.79,-0.0199999999999818,1.2899999999999636,0.0074913950192345,2693.0,2419.0,2377.5,2419.0,622200.0
2025-04-11,2465.5,2482.5,2418.0,2471.5,2427.964599609375,575700.0,2556.45,2583.42,2544.713333333333,2521.3875,40.25862068965517,2577.56,-1.2266666666669153,0.8899999999998727,0.0046747967479674,2693.0,2500.0,2488.0,2500.0,694300.0
2025-04-12,2465.5,2482.5,2418.0,2471.5,2427.964599609375,575700.0,2545.375,2575.7,2544.6866666666665,2521.675,40.25862068965517,2577.45,-0.1400000000003274,1.330000000000382,0.0046747967479674,2687.5,2482.5,2471.5,2465.5,575700.0
2025-04-13,2465.5,2482.5,2418.0,2471.5,2427.964599609375,575700.0,2534.575,2566.44,2545.34,2521.88,40.25862068965517,2577.34,0.5533333333332848,1.3200000000001637,-0.0012123661345726,2677.0,2482.5,2471.5,2465.5,575700.0
2025-04-14,2480.0,2487.0,2461.0,2476.0,2432.38525390625,542800.0,2525.025,2557.36,2545.9133333333334,2521.96,44.73684210526316,2577.32,2.059999999999945,1.4650000000001455,-0.0086086086086085,2677.0,2482.5,2471.5,2465.5,575700.0
2025-04-15,2466.0,2480.0,2440.5,2455.0,2411.75537109375,513000.0,2513.925,2547.84,2545.873333333333,2521.985,39.77055449330784,2576.88,1.4800000000000182,1.0025000000000546,-0.0172137710168134,2657.5,2487.0,2476.0,2480.0,542800.0
2025-04-16,2445.0,2451.5,2420.5,2446.0,2402.913818359375,573900.0,2503.35,2537.96,2545.793333333333,2521.965,37.45173745173745,2573.77,1.080000000000382,0.5775000000003274,-0.0208166533226581,2584.5,2480.0,2455.0,2466.0,513000.0
2025-04-17,2451.5,2468.5,2402.5,2407.0,2364.600830078125,733900.0,2494.475,2526.52,2545.193333333333,2521.75,36.12662942271881,2570.13,0.5066666666666606,0.0749999999998181,-0.0364291433146517,2584.5,2451.5,2446.0,2445.0,573900.0
2025-04-18,2427.0,2445.0,2419.5,2440.0,2397.01953125,454100.0,2487.25,2516.62,2545.0333333333333,2521.975,40.42742653606412,2567.2,-0.3066666666668425,0.0949999999997999,-0.0273071556707195,2584.5,2468.5,2407.0,2451.5,733900.0
2025-04-19,2427.0,2445.0,2419.5,2440.0,2397.01953125,454100.0,2480.025,2507.54,2543.6266666666666,2522.215,40.42742653606412,2564.42,-2.2866666666668607,0.2550000000001091,-0.0365251727541954,2576.0,2445.0,2440.0,2427.0,454100.0
2025-04-20,2427.0,2445.0,2419.5,2440.0,2397.01953125,454100.0,2475.425,2498.06,2542.8866666666668,2522.42,40.42742653606412,2561.64,-2.986666666666679,0.4349999999999454,-0.0296281566911911,2576.0,2445.0,2440.0,2427.0,454100.0
2025-04-21,2425.0,2437.5,2398.0,2406.5,2364.109619140625,448500.0,2467.65,2488.02,2541.846666666667,2522.375,56.46766169154229,2558.19,-3.946666666666715,0.4099999999998545,-0.0308095046314941,2576.0,2445.0,2440.0,2427.0,454100.0
2025-04-22,2432.0,2524.5,2424.5,2518.0,2473.6455078125,1007200.0,2464.75,2485.36,2542.4333333333334,2522.7975,59.72382048331416,2556.54,-2.7599999999997635,1.047500000000127,0.0165522809850626,2556.0,2437.5,2406.5,2425.0,448500.0
2025-04-23,2543.5,2556.5,2524.5,2542.0,2497.22265625,923900.0,2464.05,2483.66,2543.4,2523.34,70.43478260869566,2555.73,-1.633333333333212,1.3650000000002365,0.0262414210738797,2547.5,2524.5,2518.0,2432.0,1007200.0
2025-04-24,2542.0,2559.5,2496.0,2496.0,2452.032958984375,449000.0,2461.475,2480.12,2543.7533333333336,2523.6525,51.18343195266272,2553.82,0.1266666666670062,1.4375,0.0076705692369802,2547.5,2556.5,2542.0,2543.5,923900.0
2025-04-25,2523.5,2544.0,2508.0,2514.5,2470.207275390625,442100.0,2459.825,2479.42,2544.353333333333,2523.92,56.32352941176471,2552.74,1.466666666666697,1.5,0.0151392813887767,2547.5,2559.5,2496.0,2542.0,449000.0
2025-04-26,2523.5,2544.0,2508.0,2514.5,2470.207275390625,442100.0,2458.175,2477.52,2545.08,2524.445,56.32352941176471,2551.23,3.233333333333121,2.070000000000164,-0.0334422448587353,2542.0,2544.0,2514.5,2523.5,442100.0
2025-04-27,2523.5,2544.0,2508.0,2514.5,2470.207275390625,442100.0,2466.175,2475.06,2545.806666666667,2525.0075,56.32352941176471,2549.72,3.3733333333334485,2.2100000000000364,-0.0287755890305136,2542.0,2544.0,2514.5,2523.5,442100.0
2025-04-28,2524.0,2568.0,2507.5,2512.0,2467.751220703125,503900.0,2470.1,2473.3,2546.306666666667,2525.5425,55.32544378698225,2548.16,2.906666666666752,2.2024999999998727,-0.0288034022810748,2542.0,2544.0,2514.5,2523.5,442100.0
2025-04-29,2524.0,2568.0,2507.5,2512.0,2467.751220703125,503900.0,2476.825,2471.88,2546.5,2526.085,58.99053627760253,2547.38,2.7466666666664423,2.432499999999891,-0.0259790616518029,2542.0,2568.0,2512.0,2524.0,503900.0
2025-04-30,2530.0,2537.5,2474.5,2504.5,2460.38330078125,895000.0,2477.65,2470.16,2546.5866666666666,2526.59,59.270998415213946,2546.67,2.233333333333121,2.6700000000000728,-0.0288871655680496,2542.0,2568.0,2512.0,2524.0,503900.0
2025-05-01,2487.5,2517.0,2476.0,2503.0,2458.90966796875,573600.0,2479.225,2468.38,2546.653333333333,2527.0875,67.26618705035972,2545.03,1.5733333333332666,2.6424999999999272,-0.0294687863512989,2542.0,2537.5,2504.5,2530.0,895000.0
2025-05-02,2499.5,2529.5,2488.0,2526.5,2481.995849609375,451000.0,2481.975,2475.26,2547.0333333333333,2527.7025,66.10800744878958,2543.61,1.2266666666664603,2.694999999999709,-0.0284560661411267,2542.0,2517.0,2503.0,2487.5,573600.0
2025-05-03,2499.5,2529.5,2488.0,2526.5,2481.995849609375,451000.0,2484.725,2478.98,2547.273333333333,2528.3775,66.10800744878958,2541.87,0.966666666666697,2.8350000000000364,-0.0216844143272023,2542.0,2529.5,2526.5,2499.5,451000.0
2025-05-04,2499.5,2529.5,2488.0,2526.5,2481.995849609375,451000.0,2487.25,2484.94,2547.193333333333,2528.97,66.10800744878958,2540.13,0.6933333333331575,2.8849999999997635,-0.0250819988423692,2542.0,2529.5,2526.5,2499.5,451000.0
2025-05-05,2499.5,2529.5,2488.0,2526.5,2481.995849609375,451000.0,2490.825,2486.48,2547.353333333333,2529.2625,75.53191489361703,2538.39,0.7666666666668789,2.6724999999996726,-0.0163519563947829,2542.0,2529.5,2526.5,2499.5,451000.0
2025-05-06,2499.5,2529.5,2488.0,2526.5,2481.995849609375,451000.0,2494.85,2488.68,2547.9333333333334,2529.575,53.44129554655871,2536.05,1.2800000000002,2.487499999999727,-0.0245173745173745,2542.0,2529.5,2526.5,2499.5,451000.0
2025-05-07,2529.0,2541.0,2505.5,2517.5,2473.154296875,558900.0,2500.375,2490.52,2548.4733333333334,2529.8425,38.70967741935484,2533.11,1.4400000000000546,2.1400000000003274,-0.0279922779922779,2542.0,2529.5,2526.5,2499.5,451000.0
2025-05-08,2524.0,2529.5,2500.0,2523.5,2479.048583984375,544700.0,2504.55,2492.6,2549.093333333333,2530.14,70.07299270072993,2529.52,1.819999999999709,1.762499999999818,-0.0256756756756756,2542.0,2541.0,2517.5,2529.0,558900.0
2025-05-09,2538.5,2555.0,2520.0,2525.0,2480.522216796875,709100.0,2508.8,2494.56,2549.733333333333,2530.6475,60.19417475728156,2525.96,2.539999999999964,1.6775000000002365,-0.0101920815366522,2542.0,2529.5,2523.5,2524.0,544700.0
2025-05-10,2538.5,2555.0,2520.0,2525.0,2480.522216796875,709100.0,2513.05,2497.36,2550.373333333333,2531.0675,60.19417475728156,2522.6,3.019999999999982,1.805000000000291,-0.0059055118110236,2542.0,2555.0,2525.0,2538.5,709100.0
2025-05-11,2538.5,2555.0,2520.0,2525.0,2480.522216796875,709100.0,2518.975,2500.52,2549.353333333333,2531.5525,60.19417475728156,2519.24,1.4200000000000728,1.977499999999964,-0.0232108317214699,2542.0,2555.0,2525.0,2538.5,709100.0
2025-05-12,2498.5,2551.5,2495.0,2500.5,2456.453857421875,1235500.0,2518.1,2504.26,2548.173333333333,2531.95,42.17687074829932,2515.39,-0.3000000000001819,2.107499999999618,-0.0373435996150144,2542.0,2555.0,2525.0,2538.5,709100.0
2025-05-13,2500.0,2500.5,2458.0,2459.5,2416.176025390625,789900.0,2513.975,2505.04,2546.48,2532.1425,27.074235807860266,2510.83,-2.6133333333332303,2.0025000000000546,-0.0589248134685288,2526.5,2551.5,2500.5,2498.5,1235500.0
2025-05-14,2452.0,2470.0,2431.0,2470.0,2426.490966796875,843400.0,2512.675,2506.24,2545.026666666666,2532.3875,35.31914893617021,2506.89,-4.706666666666479,1.7399999999997815,-0.05490721255022,2526.5,2500.5,2459.5,2500.0,789900.0
2025-05-15,2445.0,2463.5,2432.0,2457.5,2414.211181640625,442900.0,2509.825,2506.94,2543.4066666666668,2532.57,32.295719844357976,2502.5,-6.966666666666697,1.5025000000000546,-0.0596900707863018,2526.5,2470.0,2470.0,2452.0,843400.0
2025-05-16,2464.0,2470.0,2438.0,2464.0,2420.5966796875,369600.0,2507.3,2509.24,2541.873333333333,2532.655,21.973094170403584,2498.63,-7.480000000000018,1.1025000000004184,-0.0679024021184036,2526.5,2463.5,2457.5,2445.0,442900.0
2025-05-17,2464.0,2470.0,2438.0,2464.0,2420.5966796875,369600.0,2504.775,2507.08,2540.0533333333333,2532.62,21.973094170403584,2496.22,-8.11999999999989,0.6700000000000728,-0.0752486395196097,2526.5,2470.0,2464.0,2464.0,369600.0
2025-05-18,2464.0,2470.0,2438.0,2464.0,2420.5966796875,369600.0,2502.375,2503.96,2538.4733333333334,2532.5125,21.973094170403584,2493.81,-8.00666666666666,0.3699999999998908,-0.0884202737698852,2526.5,2470.0,2464.0,2464.0,369600.0
2025-05-19,2466.0,2472.0,2450.0,2467.5,2424.03515625,334500.0,2500.15,2502.82,2536.82,2532.0875,24.34782608695653,2491.47,-8.206666666666479,-0.2999999999997271,-0.0871254162042175,2526.5,2470.0,2464.0,2464.0,369600.0
2025-05-20,2463.5,2466.0,2437.0,2442.0,2398.984375,411600.0,2497.025,2499.92,2535.133333333333,2531.1275,19.928825622775804,2489.67,-8.27333333333354,-1.4425000000001091,-0.0932046045302636,2526.5,2472.0,2467.5,2466.0,334500.0
2025-05-21,2450.0,2469.0,2445.0,2445.0,2401.931396484375,665900.0,2494.125,2497.14,2533.2,2530.1825,23.048327137546465,2487.33,-8.67333333333363,-2.472500000000309,-0.0920906052729297,2526.5,2466.0,2442.0,2463.5,411600.0
2025-05-22,2429.0,2436.5,2416.0,2436.5,2393.5810546875,759800.0,2489.625,2494.02,2531.153333333333,2529.195,18.24817518248176,2484.54,-8.900000000000091,-3.424999999999727,-0.0952469365020423,2526.5,2469.0,2445.0,2450.0,665900.0
2025-05-23,2447.0,2448.0,2417.0,2427.0,2384.24853515625,758000.0,2484.65,2490.62,2528.98,2528.16,16.206896551724142,2481.96,-9.49333333333334,-4.352499999999964,-0.0969302325581394,2526.5,2436.5,2436.5,2429.0,759800.0
2025-05-24,2447.0,2448.0,2417.0,2427.0,2384.24853515625,758000.0,2479.675,2487.22,2527.326666666667,2526.995,16.206896551724142,2479.55,-9.49333333333334,-5.0925000000002,-0.0899887514060742,2526.5,2448.0,2427.0,2447.0,758000.0
2025-05-25,2447.0,2448.0,2417.0,2427.0,2384.24853515625,758000.0,2474.7,2484.12,2525.82,2526.08,16.206896551724142,2477.14,-9.313333333333048,-5.047500000000127,-0.0933881210310049,2526.5,2448.0,2427.0,2447.0,758000.0
2025-05-26,2433.5,2446.0,2428.0,2433.0,2390.142822265625,330600.0,2470.025,2481.32,2523.793333333333,2524.865,23.3201581027668,2474.85,-9.406666666666297,-5.317500000000109,-0.0844778927563499,2525.0,2448.0,2427.0,2447.0,758000.0
2025-05-27,2435.0,2436.5,2416.0,2421.0,2378.354248046875,424100.0,2465.2,2477.1,2521.44,2523.6,30.256410256410263,2476.18,-9.71333333333314,-5.595000000000255,-0.0632617527568195,2525.0,2446.0,2433.0,2433.5,330600.0
2025-05-28,2436.0,2436.5,2412.5,2413.5,2370.986328125,503500.0,2459.7,2472.58,2518.773333333333,2522.2975,20.1058201058201,2475.78,-10.20666666666648,-5.862499999999727,-0.0661636680208938,2525.0,2436.5,2421.0,2435.0,424100.0
2025-05-29,2414.0,2423.0,2409.0,2423.0,2380.31884765625,559200.0,2454.6,2468.44,2516.233333333333,2521.0425,31.14754098360656,2476.69,-11.093333333333703,-5.952499999999873,-0.0624879086863996,2525.0,2436.5,2413.5,2436.0,503500.0
2025-05-30,2422.0,2432.0,2413.5,2423.5,2380.81005859375,859700.0,2449.525,2464.32,2513.7,2519.7125,26.31578947368422,2475.4,-12.120000000000346,-6.367499999999836,-0.0428515007898894,2525.0,2423.0,2423.0,2414.0,559200.0
2025-05-31,2422.0,2432.0,2413.5,2423.5,2380.81005859375,859700.0,2444.45,2460.2,2510.766666666667,2518.365,26.31578947368422,2474.44,-13.026666666666642,-6.5,-0.0540593286494925,2500.5,2432.0,2423.5,2422.0,859700.0
2025-06-01,2422.0,2432.0,2413.5,2423.5,2380.81005859375,859700.0,2440.6,2456.44,2507.5533333333333,2517.26,26.31578947368422,2473.48,-13.88666666666677,-6.339999999999691,-0.0592003105590062,2470.0,2432.0,2423.5,2422.0,859700.0
2025-06-02,2421.5,2426.0,2406.5,2412.0,2369.5126953125,978000.0,2438.225,2451.98,2503.673333333333,2516.3875,20.32085561497327,2472.29,-15.100000000000364,-5.910000000000309,-0.0563380281690141,2470.0,2432.0,2423.5,2422.0,859700.0
2025-06-03,2397.5,2400.5,2373.0,2380.0,2338.076416015625,1676700.0,2433.725,2446.18,2499.366666666667,2515.0875,19.0,2470.37,-16.866666666666333,-5.954999999999927,-0.0657507360157017,2467.5,2426.0,2412.0,2421.5,978000.0
2025-06-04,2384.0,2397.0,2370.0,2370.0,2328.25244140625,721500.0,2429.35,2439.98,2495.06,2513.7375,14.953271028037392,2468.67,-18.63999999999988,-5.974999999999909,-0.0696761530912659,2467.5,2400.5,2380.0,2397.5,1676700.0
2025-06-05,2369.0,2382.0,2355.5,2370.0,2328.25244140625,780400.0,2424.65,2433.78,2490.7533333333336,2512.3875,16.243654822335017,2467.15,-20.01333333333332,-5.977499999999964,-0.0696761530912659,2467.5,2397.0,2370.0,2384.0,721500.0
2025-06-06,2370.5,2380.0,2366.0,2366.0,2324.322998046875,478700.0,2419.75,2428.4,2486.393333333333,2511.02,17.204301075268816,2466.33,-21.15999999999985,-6.2400000000002365,0.0048842641749839,2467.5,2382.0,2370.0,2369.0,780400.0
2025-06-07,2370.5,2380.0,2366.0,2366.0,2324.322998046875,478700.0,2414.85,2424.66,2482.1066666666666,2509.7525,17.204301075268816,2464.85,-21.56666666666661,-6.634999999999764,-0.0277378261762892,2467.5,2380.0,2366.0,2370.5,478700.0
2025-06-08,2370.5,2380.0,2366.0,2366.0,2324.322998046875,478700.0,2409.775,2420.5,2478.093333333333,2508.5925,17.204301075268816,2463.37,-21.27333333333354,-6.494999999999891,-0.0048370136698212,2445.0,2380.0,2366.0,2370.5,478700.0
2025-06-09,2358.0,2366.0,2348.0,2352.0,2310.569580078125,659600.0,2405.275,2416.28,2473.76,2507.6275,9.900990099009904,2461.61,-21.299999999999727,-6.110000000000127,-0.0546623794212218,2445.0,2380.0,2366.0,2370.5,478700.0
2025-06-10,2364.0,2369.0,2350.0,2357.0,2315.4814453125,636900.0,2400.875,2412.0,2469.7533333333336,2506.59,15.957446808510625,2460.62,-21.0,-5.797499999999673,-0.046328140805179,2436.5,2366.0,2352.0,2358.0,659600.0
2025-06-11,2356.5,2359.5,2338.5,2353.0,2311.552001953125,886000.0,2396.7,2407.56,2466.6666666666665,2505.5325,16.574585635359114,2457.32,-19.726666666666915,-5.487500000000182,-0.0479465911389844,2433.0,2369.0,2357.0,2364.0,636900.0
2025-06-12,2354.0,2363.0,2337.0,2357.0,2315.4814453125,737500.0,2393.2,2403.28,2463.633333333333,2504.495,11.17647058823529,2453.62,-18.47333333333336,-5.257500000000164,-0.046328140805179,2433.0,2359.5,2353.0,2356.5,886000.0
2025-06-13,2348.0,2368.5,2340.5,2363.5,2321.866943359375,808400.0,2390.025,2399.12,2460.6866666666665,2503.33,17.032967032967022,2450.97,-17.40666666666675,-5.262500000000273,-0.0454361873990306,2433.0,2363.0,2357.0,2354.0,737500.0
2025-06-14,2348.0,2368.5,2340.5,2363.5,2321.866943359375,808400.0,2386.85,2395.98,2458.44,2502.2575,17.032967032967022,2447.95,-15.320000000000164,-5.369999999999891,-0.0372708757637474,2433.0,2368.5,2363.5,2348.0,808400.0
2025-06-15,2348.0,2368.5,2340.5,2363.5,2321.866943359375,808400.0,2383.375,2392.72,2455.793333333333,2501.39,17.032967032967022,2444.93,-13.960000000000036,-5.200000000000273,-0.0337285363859362,2423.5,2368.5,2363.5,2348.0,808400.0
2025-06-16,2380.0,2390.5,2370.5,2371.5,2329.72607421875,626900.0,2380.9,2390.12,2453.0666666666666,2500.6325,26.85714285714286,2442.07,-13.599999999999907,-4.899999999999636,-0.0147486497714998,2423.5,2368.5,2363.5,2348.0,808400.0
2025-06-17,2360.0,2377.5,2353.5,2377.5,2335.620361328125,706900.0,2379.1,2388.14,2450.6866666666665,2499.99,47.96747967479675,2439.38,-12.946666666666715,-4.505000000000109,-0.0256147540983606,2423.5,2390.5,2371.5,2380.0,626900.0
2025-06-18,2379.0,2415.0,2378.0,2413.0,2370.4951171875,805300.0,2378.6,2387.58,2448.893333333333,2499.525,74.71264367816093,2437.4,-11.793333333333068,-3.804999999999836,-0.0110655737704917,2423.5,2377.5,2377.5,2360.0,706900.0
2025-06-19,2418.5,2423.0,2400.0,2415.0,2372.4599609375,581800.0,2378.175,2387.1,2447.1266666666666,2499.07,75.28089887640449,2435.61,-11.313333333333505,-3.1875,-0.0102459016393442,2423.5,2415.0,2413.0,2379.0,805300.0
2025-06-20,2415.5,2422.5,2395.5,2409.0,2366.565673828125,892500.0,2377.45,2386.14,2445.28,2498.5025,73.62637362637363,2433.73,-10.51333333333332,-2.887499999999818,0.0010388531061706,2423.5,2423.0,2415.0,2418.5,581800.0
2025-06-21,2415.5,2422.5,2395.5,2409.0,2366.565673828125,892500.0,2376.725,2385.66,2446.0066666666667,2497.9075,73.62637362637363,2431.38,-7.059999999999945,-2.725000000000364,-0.0432883240667195,2415.0,2422.5,2409.0,2415.5,892500.0
2025-06-22,2415.5,2422.5,2395.5,2409.0,2366.565673828125,892500.0,2376.575,2385.48,2445.68,2497.5275,73.62637362637363,2429.03,-5.006666666666661,-2.462499999999636,-0.0523210070810385,2415.0,2422.5,2409.0,2415.5,892500.0
2025-06-23,2419.0,2420.0,2376.5,2386.5,2344.4619140625,688500.0,2376.9,2384.02,2445.8,2497.1,67.33668341708542,2426.23,-3.0933333333332484,-2.425000000000182,-0.0438701923076922,2415.0,2422.5,2409.0,2415.5,892500.0
2025-06-24,2399.0,2413.0,2384.5,2394.0,2351.829833984375,583900.0,2378.1,2382.84,2444.5466666666666,2496.745,68.13725490196079,2423.58,-2.5799999999999272,-2.325000000000273,-0.0479220520978326,2415.0,2420.0,2386.5,2419.0,688500.0
2025-06-25,2392.5,2392.5,2370.0,2378.0,2336.111572265625,689000.0,2378.5,2381.02,2443.3,2496.31,60.96491228070175,2420.61,-1.9800000000000184,-2.192500000000109,-0.0542851461523166,2415.0,2413.0,2394.0,2399.0,583900.0
2025-06-26,2385.0,2426.0,2384.5,2424.5,2381.79248046875,888300.0,2381.425,2381.06,2442.673333333333,2496.1075,71.56549520766774,2418.75,-3.333333333333485,-1.7999999999997272,-0.0357924040564724,2424.5,2392.5,2378.0,2392.5,689000.0
2025-06-27,2424.5,2446.0,2420.0,2445.0,2401.931396484375,792000.0,2385.375,2382.38,2442.32,2496.0275,73.90029325513197,2417.18,-3.3599999999996726,-1.5,-0.0266719745222929,2445.0,2426.0,2424.5,2385.0,888300.0
2025-06-28,2424.5,2446.0,2420.0,2445.0,2401.931396484375,792000.0,2389.325,2384.98,2441.9066666666668,2495.9575,73.90029325513197,2415.58,-3.8933333333334303,-1.1424999999999272,-0.0266719745222929,2445.0,2446.0,2445.0,2424.5,792000.0
2025-06-29,2424.5,2446.0,2420.0,2445.0,2401.931396484375,792000.0,2393.975,2387.98,2441.773333333333,2495.8375,73.90029325513197,2413.98,-2.7733333333330847,-0.9074999999998,-0.0237572369734477,2445.0,2446.0,2445.0,2424.5,792000.0
2025-06-30,2452.0,2464.5,2446.0,2456.0,2412.737548828125,938100.0,2398.925,2391.42,2441.9066666666668,2495.55,74.35158501440922,2412.6,-1.3933333333334303,-0.7599999999997635,-0.0187774670395525,2456.0,2446.0,2445.0,2424.5,792000.0
2025-07-01,2455.0,2486.5,2444.5,2478.5,2434.84130859375,932800.0,2405.2,2395.92,2442.86,2495.15,76.57894736842105,2412.16,0.1866666666669516,-0.9574999999999818,-0.0189986146843459,2478.5,2464.5,2456.0,2452.0,938100.0
2025-07-02,2489.0,2504.0,2480.5,2497.5,2453.506591796875,790300.0,2412.225,2401.18,2443.6266666666666,2494.845,74.35158501440922,2412.92,1.3066666666663878,-1.1825000000003456,-0.0114783297051256,2497.5,2486.5,2478.5,2455.0,932800.0
2025-07-03,2491.0,2513.5,2482.5,2503.0,2458.90966796875,602900.0,2419.2,2406.66,2444.4666666666667,2494.5675,74.85875706214689,2413.58,2.559999999999945,-1.389999999999873,-0.0093014051058777,2503.0,2504.0,2497.5,2489.0,790300.0
2025-07-04,2510.0,2544.0,2486.5,2537.5,2492.802001953125,688800.0,2427.9,2414.08,2445.766666666667,2494.195,81.26520681265207,2415.18,3.9933333333333394,-1.6424999999999272,0.004353849198496,2537.5,2513.5,2503.0,2491.0,602900.0
2025-07-05,2510.0,2544.0,2486.5,2537.5,2492.802001953125,688800.0,2436.6,2421.3,2447.5133333333333,2494.1625,81.26520681265207,2416.65,5.60666666666657,-1.3875000000002728,0.004353849198496,2537.5,2544.0,2537.5,2510.0,688800.0
2025-07-06,2510.0,2544.0,2486.5,2537.5,2492.802001953125,688800.0,2444.9,2428.68,2447.773333333333,2494.1525,81.26520681265207,2418.12,4.913333333333412,-0.9974999999999454,0.0079443892750745,2537.5,2544.0,2537.5,2510.0,688800.0
2025-07-07,2529.0,2594.5,2526.5,2551.0,2506.064208984375,1054300.0,2453.575,2436.44,2447.893333333333,2494.4775,91.85750636132316,2419.86,4.266666666666879,-0.3674999999998363,0.0108975629086585,2551.0,2544.0,2537.5,2510.0,688800.0
2025-07-08,2520.5,2597.0,2515.5,2576.0,2530.623779296875,1055100.0,2461.725,2444.94,2448.96,2495.0625,92.5233644859813,2422.03,4.493333333333339,0.4949999999998908,0.0201980198019802,2576.0,2594.5,2551.0,2529.0,1054300.0
2025-07-09,2576.0,2603.5,2574.5,2593.0,2547.324462890625,838100.0,2470.625,2454.12,2450.0066666666667,2495.7325,100.0,2425.05,4.239999999999782,1.537499999999909,0.0269306930693069,2593.0,2597.0,2576.0,2520.5,1055100.0
2025-07-10,2575.0,2582.5,2523.0,2539.0,2494.275634765625,986600.0,2477.125,2461.14,2450.333333333333,2496.1325,75.73033707865169,2426.93,2.820000000000164,1.9700000000002549,0.0055445544554455,2593.0,2603.5,2593.0,2576.0,838100.0
2025-07-11,2524.0,2536.0,2487.5,2487.5,2443.682861328125,767800.0,2481.05,2465.78,2449.9733333333334,2496.035,58.38264299802762,2427.95,2.199999999999818,1.882499999999709,-0.0051989602079584,2593.0,2582.5,2539.0,2575.0,986600.0
2025-07-12,2524.0,2536.0,2487.5,2487.5,2443.682861328125,767800.0,2484.975,2470.18,2449.6466666666665,2495.4675,58.38264299802762,2429.16,1.753333333333103,0.9900000000002364,0.0113844277292132,2593.0,2536.0,2487.5,2524.0,767800.0
2025-07-13,2524.0,2536.0,2487.5,2487.5,2443.682861328125,767800.0,2490.025,2473.16,2449.32,2495.0825,58.38264299802762,2430.37,0.3600000000001273,0.0199999999999818,0.0070850202429149,2593.0,2536.0,2487.5,2524.0,767800.0
2025-07-14,2510.5,2530.5,2495.0,2526.5,2481.995849609375,690700.0,2496.65,2477.62,2449.613333333333,2494.9225,62.52220248667851,2432.36,-0.3933333333334303,-0.8099999999999454,0.0280773143438453,2593.0,2536.0,2487.5,2524.0,767800.0
2025-07-15,2540.0,2563.5,2526.5,2529.5,2484.94287109375,657400.0,2504.225,2482.44,2449.9666666666667,2494.6525,59.73282442748092,2434.29,-0.3666666666667879,-1.4800000000000182,0.0265827922077921,2593.0,2530.5,2526.5,2510.5,690700.0
2025-07-16,2525.0,2535.0,2509.0,2525.5,2481.013427734375,610200.0,2509.275,2487.1,2449.9533333333334,2494.3625,55.66801619433198,2436.38,-0.0199999999999818,-1.6724999999996726,0.0249594155844155,2593.0,2563.5,2529.5,2540.0,657400.0
2025-07-17,2510.0,2527.0,2495.5,2515.5,2471.189453125,464600.0,2512.8,2491.36,2449.806666666667,2494.0225,52.48508946322067,2438.42,0.1600000000003092,-1.4450000000001637,0.020900974025974,2593.0,2535.0,2525.5,2525.0,610200.0
2025-07-18,2524.0,2529.5,2510.5,2523.5,2479.048583984375,450100.0,2516.725,2496.84,2449.766666666667,2493.78,46.888888888888886,2440.43,0.4466666666667152,-1.3024999999997815,0.0226950354609929,2593.0,2527.0,2515.5,2510.0,464600.0
2025-07-19,2524.0,2529.5,2510.5,2523.5,2479.048583984375,450100.0,2520.65,2502.02,2449.7266666666665,2493.5375,46.888888888888886,2442.43,0.1133333333332302,-1.3850000000002185,0.0333742833742833,2593.0,2529.5,2523.5,2524.0,450100.0
2025-07-20,2524.0,2529.5,2510.5,2523.5,2479.048583984375,450100.0,2524.025,2507.84,2449.6866666666665,2493.295,46.888888888888886,2444.43,-0.2800000000002001,-1.3575000000000728,0.0321063394683027,2593.0,2529.5,2523.5,2524.0,450100.0
2025-07-21,2524.0,2529.5,2510.5,2523.5,2479.048583984375,450100.0,2526.275,2511.8,2449.766666666667,2493.0525,43.49881796690307,2446.43,-0.1866666666664969,-1.3100000000004002,0.0357069567001846,2593.0,2529.5,2523.5,2524.0,450100.0
2025-07-22,2540.5,2555.5,2517.0,2532.5,2487.89013671875,768600.0,2528.025,2515.3,2449.8866666666668,2492.855,38.87468030690537,2448.84,0.0799999999999272,-1.1675000000000182,0.0434693036670787,2593.0,2529.5,2523.5,2524.0,450100.0
2025-07-23,2548.0,2593.5,2540.0,2584.5,2538.97412109375,863000.0,2532.1,2520.88,2450.68,2492.9175,48.15618221258134,2452.93,0.9133333333329574,-0.8625000000001819,0.0648949320148331,2593.0,2555.5,2532.5,2540.5,768600.0
2025-07-24,2587.0,2604.5,2573.0,2594.5,2548.798095703125,825700.0,2534.95,2526.86,2451.6066666666666,2493.03,64.87935656836461,2457.42,1.8800000000001087,-0.507499999999709,0.0690152451586321,2594.5,2593.5,2584.5,2548.0,863000.0
2025-07-25,2594.5,2599.5,2572.5,2576.5,2531.114990234375,711000.0,2536.9,2531.68,2452.293333333333,2493.09,79.08496732026144,2461.55,2.6066666666670244,-0.2049999999999272,0.0589806822852445,2594.5,2604.5,2594.5,2587.0,825700.0
2025-07-26,2594.5,2599.5,2572.5,2576.5,2531.114990234375,711000.0,2538.85,2535.6,2453.306666666667,2493.365,79.08496732026144,2465.76,3.539999999999964,0.3125,0.0642296571664602,2594.5,2599.5,2576.5,2594.5,711000.0
2025-07-27,2594.5,2599.5,2572.5,2576.5,2531.114990234375,711000.0,2540.125,2538.76,2454.866666666667,2493.815,79.08496732026144,2469.97,4.980000000000018,0.9600000000000364,0.0675367723223534,2594.5,2599.5,2576.5,2594.5,711000.0
2025-07-28,2582.0,2586.5,2540.0,2545.5,2500.6611328125,844000.0,2538.6,2540.46,2455.873333333333,2494.26,56.55172413793103,2473.56,5.193333333333612,1.3425000000002,0.0505571605447792,2594.5,2599.5,2576.5,2594.5,711000.0
2025-07-29,2545.5,2570.5,2543.5,2569.5,2524.23828125,540300.0,2537.425,2541.74,2457.366666666667,2494.7875,62.04819277108434,2477.91,5.760000000000218,1.757499999999709,0.0602434495564265,2594.5,2586.5,2545.5,2582.0,844000.0
2025-07-30,2570.0,2589.0,2565.5,2579.5,2534.062255859375,557000.0,2539.45,2543.42,2458.9066666666668,2495.365,65.69767441860465,2482.36,6.61333333333323,2.274999999999636,0.064369713224675,2594.5,2570.5,2569.5,2545.5,540300.0
2025-07-31,2596.0,2647.0,2588.0,2608.5,2562.55126953125,1205400.0,2545.5,2546.26,2460.833333333333,2496.0875,74.34554973821989,2487.47,7.526666666666642,2.722500000000309,0.0763358778625953,2608.5,2589.0,2579.5,2570.0,557000.0
2025-08-01,2650.0,2726.0,2649.0,2680.5,2633.283203125,1539700.0,2555.15,2551.44,2463.72,2497.17,80.7843137254902,2493.94,8.853333333333012,3.355000000000018,0.1113184079601989,2680.5,2647.0,2608.5,2596.0,1205400.0
2025-08-02,2650.0,2726.0,2649.0,2680.5,2633.283203125,1539700.0,2564.8,2555.62,2466.56,2498.4225,80.7843137254902,2500.28,10.686666666666495,4.162499999999909,0.1262605042016806,2680.5,2726.0,2680.5,2650.0,1539700.0
2025-08-03,2650.0,2726.0,2649.0,2680.5,2633.283203125,1539700.0,2572.5,2559.12,2469.74,2499.66,80.7843137254902,2506.62,12.373333333332994,4.872499999999945,0.1310126582278481,2680.5,2726.0,2680.5,2650.0,1539700.0
2025-08-04,2650.5,2653.0,2600.5,2609.0,2563.04248046875,790100.0,2576.475,2561.92,2471.9266666666667,2500.6325,63.09341500765697,2511.53,13.019999999999982,5.267500000000382,0.10084388185654,2680.5,2726.0,2680.5,2650.0,1539700.0
2025-08-05,2617.5,2697.5,2616.5,2673.5,2626.406494140625,906800.0,2583.875,2569.36,2475.0866666666666,2501.8225,68.45549738219896,2517.57,14.253333333333105,5.735000000000127,0.1299661876584954,2680.5,2653.0,2609.0,2650.5,790100.0
2025-08-06,2677.5,2717.0,2677.5,2710.0,2662.263427734375,636800.0,2593.6,2578.26,2478.86,2503.195,67.12141882673941,2524.22,15.140000000000327,6.025000000000091,0.1453930684699915,2710.0,2697.5,2673.5,2617.5,906800.0
2025-08-07,2717.5,2765.0,2691.5,2763.5,2714.821044921875,768800.0,2605.6,2589.3,2483.346666666667,2504.835,70.60975609756098,2531.23,16.78666666666686,6.412499999999909,0.1680050718512256,2763.5,2717.0,2710.0,2677.5,636800.0
2025-08-08,2780.0,2822.5,2776.5,2799.0,2749.69580078125,830400.0,2619.375,2600.2,2488.306666666667,2506.555,76.0233918128655,2538.91,18.56666666666706,6.894999999999982,0.1900510204081633,2799.0,2765.0,2763.5,2717.5,768800.0
2025-08-09,2780.0,2822.5,2776.5,2799.0,2749.69580078125,830400.0,2633.15,2610.98,2493.1866666666665,2508.385,76.0233918128655,2546.71,21.259999999999764,7.752500000000055,0.1875265167585913,2799.0,2822.5,2799.0,2780.0,830400.0
2025-08-10,2780.0,2822.5,2776.5,2799.0,2749.69580078125,830400.0,2646.925,2621.92,2498.2266666666665,2510.19,76.0233918128655,2554.51,23.13999999999988,8.367499999999836,0.1895452613684658,2799.0,2822.5,2799.0,2780.0,830400.0
2025-08-11,2780.0,2822.5,2776.5,2799.0,2749.69580078125,830400.0,2660.25,2633.26,2503.366666666667,2512.0025,81.9672131147541,2562.31,24.50666666666666,8.80749999999989,0.1875265167585913,2799.0,2822.5,2799.0,2780.0,830400.0
2025-08-12,2802.0,2835.0,2784.5,2801.5,2752.151611328125,1072700.0,2671.1,2644.38,2508.4133333333334,2513.7725,80.93333333333334,2570.61,25.06666666666661,8.9375,0.1853183837529088,2801.5,2822.5,2799.0,2780.0,830400.0
2025-08-13,2802.5,2821.5,2797.0,2818.0,2768.361083984375,579600.0,2682.275,2656.16,2513.673333333333,2515.625,81.25819134993446,2579.09,25.366666666666333,9.070000000000164,0.1922995557436007,2818.0,2835.0,2801.5,2802.0,1072700.0
2025-08-14,2796.0,2826.0,2784.5,2812.5,2762.9580078125,712900.0,2694.075,2667.72,2518.86,2517.45,78.49162011173185,2587.78,25.67333333333363,9.0649999999996,0.1899724984133699,2818.0,2821.5,2818.0,2802.5,579600.0
2025-08-15,2828.5,2915.0,2828.5,2905.5,2854.31982421875,1143400.0,2710.525,2683.0,2525.286666666667,2519.61,79.68337730870712,2597.4,27.0600000000004,9.420000000000073,0.2251739405439594,2905.5,2826.0,2812.5,2796.0,712900.0
2025-08-16,2828.5,2915.0,2828.5,2905.5,2854.31982421875,1143400.0,2726.975,2697.92,2531.866666666667,2522.025,79.68337730870712,2606.61,28.5,10.022500000000036,0.2220820189274448,2905.5,2915.0,2905.5,2828.5,1143400.0
2025-08-17,2828.5,2915.0,2828.5,2905.5,2854.31982421875,1143400.0,2744.975,2710.76,2538.873333333333,2524.3875,79.68337730870712,2615.82,30.46000000000004,10.614999999999782,0.2041027766266059,2905.5,2915.0,2905.5,2828.5,1143400.0
2025-08-18,2910.0,2925.0,2857.5,2868.5,2817.971435546875,713700.0,2759.925,2721.72,2545.52,2526.44,87.6632801161103,2624.29,31.84666666666681,10.815000000000056,0.1877846790890269,2905.5,2915.0,2905.5,2828.5,1143400.0
2025-08-19,2858.0,2883.5,2842.0,2878.5,2827.79541015625,569700.0,2774.875,2733.8,2552.3,2528.5725,85.34482758620689,2632.74,33.440000000000055,11.1225000000004,0.1948941469489413,2905.5,2925.0,2868.5,2910.0,713700.0
2025-08-20,2901.5,2918.0,2868.0,2876.5,2825.83056640625,625700.0,2788.275,2745.8,2559.1066666666666,2530.695,82.58317025440313,2640.7,33.81999999999971,11.085000000000036,0.1940639269406392,2905.5,2883.5,2878.5,2858.0,569700.0
2025-08-21,2871.0,2871.0,2834.0,2857.0,2806.674072265625,548000.0,2797.1,2757.02,2565.653333333333,2532.72,71.10609480812641,2647.89,33.786666666666406,10.694999999999707,0.1859692818596927,2905.5,2918.0,2876.5,2901.5,625700.0
2025-08-22,2854.0,2890.0,2841.0,2889.0,2838.1103515625,566400.0,2807.525,2770.76,2572.6266666666666,2534.4375,70.64220183486239,2655.61,33.7533333333331,10.050000000000182,0.2105593966059082,2905.5,2871.0,2857.0,2871.0,548000.0
2025-08-23,2854.0,2890.0,2841.0,2889.0,2838.1103515625,566400.0,2817.95,2783.54,2579.786666666667,2536.405,70.64220183486239,2662.64,34.26666666666688,9.965000000000146,0.2067669172932331,2905.5,2890.0,2889.0,2854.0,566400.0
2025-08-24,2854.0,2890.0,2841.0,2889.0,2838.1103515625,566400.0,2831.95,2795.92,2586.88,2538.4275,70.64220183486239,2669.67,34.57999999999993,9.854999999999563,0.2148864592094197,2905.5,2890.0,2889.0,2854.0,566400.0
2025-08-25,2893.0,2897.5,2847.0,2855.5,2805.200439453125,611700.0,2841.05,2805.8,2593.58,2540.335,61.232604373757454,2676.03,34.47333333333336,9.639999999999873,0.1777686120849659,2905.5,2890.0,2889.0,2854.0,566400.0
2025-08-26,2850.0,2852.0,2769.0,2798.5,2749.20458984375,1152100.0,2845.475,2810.52,2599.4666666666667,2541.98,49.50980392156863,2680.98,33.8133333333335,9.260000000000218,0.1445807770961145,2905.5,2897.5,2855.5,2893.0,611700.0
2025-08-27,2800.0,2847.5,2799.0,2834.0,2784.0791015625,678100.0,2849.0,2816.66,2605.74,2543.8025,52.46153846153845,2686.14,33.11333333333323,9.364999999999782,0.1591002044989775,2905.5,2852.0,2798.5,2850.0,1152100.0
2025-08-28,2827.5,2860.0,2821.0,2850.0,2799.79736328125,487700.0,2851.55,2823.44,2612.2266666666665,2545.705,55.5886736214605,2691.28,32.4399999999996,9.299999999999727,0.165644171779141,2905.5,2847.5,2834.0,2800.0,678100.0
2025-08-29,2840.5,2849.5,2807.0,2810.0,2760.501953125,532900.0,2852.1,2831.48,2618.18,2547.455,33.09734513274336,2696.7,31.299999999999727,9.027500000000146,0.1441368078175895,2905.5,2860.0,2850.0,2827.5,487700.0
2025-08-30,2840.5,2849.5,2807.0,2810.0,2760.501953125,532900.0,2852.65,2836.94,2624.026666666666,2549.205,33.09734513274336,2703.15,30.446666666666715,8.86999999999989,0.1337502521686504,2905.5,2849.5,2810.0,2840.5,532900.0
2025-08-31,2840.5,2849.5,2807.0,2810.0,2760.501953125,532900.0,2853.2,2840.94,2629.793333333333,2550.8825,33.09734513274336,2709.6,30.326666666666824,8.902500000000146,0.125125125125125,2905.5,2849.5,2810.0,2840.5,532900.0
2025-09-01,2820.0,2834.0,2796.5,2804.0,2754.607666015625,565300.0,2853.325,2842.56,2635.0066666666667,2552.415,37.17693836978131,2715.93,29.26666666666688,8.612500000000182,0.1202556931681981,2905.5,2849.5,2810.0,2840.5,532900.0
2025-09-02,2807.0,2843.5,2802.0,2839.0,2788.9912109375,683300.0,2854.375,2844.16,2640.66,2554.12,42.85714285714285,2722.18,28.4333333333334,8.414999999999964,0.1188177339901477,2905.5,2834.0,2804.0,2820.0,565300.0
2025-09-03,2843.5,2848.0,2793.0,2805.0,2755.590087890625,1015900.0,2854.0,2844.4,2645.94,2555.655,38.41166936790924,2727.69,27.76000000000022,8.200000000000273,0.1054187192118225,2905.5,2843.5,2839.0,2807.0,683300.0
2025-09-04,2826.0,2845.0,2810.0,2836.5,2786.53515625,644600.0,2850.55,2845.9,2651.64,2557.3475,46.80187207488299,2733.91,27.61333333333323,8.142499999999927,0.117832512315271,2905.5,2848.0,2805.0,2843.5,1015900.0
2025-09-05,2830.0,2850.0,2823.5,2840.5,2790.464599609375,432600.0,2847.3,2847.56,2657.393333333333,2559.0075,41.7094017094017,2740.41,27.59999999999991,8.125,0.113484907879263,2905.5,2845.0,2836.5,2826.0,644600.0
2025-09-06,2830.0,2850.0,2823.5,2840.5,2790.464599609375,432600.0,2844.05,2849.12,2663.4466666666667,2560.5475,41.7094017094017,2746.75,28.44000000000005,8.132500000000164,0.1026785714285714,2889.0,2850.0,2840.5,2830.0,432600.0
2025-09-07,2830.0,2850.0,2823.5,2840.5,2790.464599609375,432600.0,2842.65,2850.02,2669.4,2562.1775,41.7094017094017,2753.09,28.74000000000024,8.05749999999989,0.0954492865406864,2889.0,2850.0,2840.5,2830.0,432600.0
2025-09-08,2845.0,2883.5,2833.0,2868.0,2817.480224609375,675500.0,2842.125,2852.24,2675.9333333333334,2564.1025,52.18150087260034,2759.98,29.99333333333334,8.447499999999764,0.1295785742418274,2889.0,2850.0,2840.5,2830.0,432600.0
2025-09-09,2878.0,2887.5,2841.0,2850.0,2799.79736328125,905300.0,2840.8,2850.02,2681.6066666666666,2565.9675,60.4040404040404,2766.51,29.966666666666697,8.620000000000346,0.1457286432160804,2889.0,2883.5,2868.0,2845.0,675500.0
2025-09-10,2851.0,2898.0,2843.5,2855.5,2805.200439453125,1149400.0,2840.725,2848.02,2687.08,2567.86,54.94252873563218,2772.97,29.686666666666497,8.852499999999964,0.1479396984924623,2889.0,2887.5,2850.0,2878.0,905300.0
2025-09-11,2880.0,2907.0,2860.5,2897.0,2845.969482421875,942700.0,2841.125,2847.68,2693.1066666666666,2569.96,59.67078189300412,2779.22,29.65999999999985,9.412499999999907,0.1646231155778894,2897.0,2898.0,2855.5,2851.0,1149400.0
2025-09-12,2883.5,2905.0,2867.5,2885.0,2834.180908203125,687700.0,2840.925,2848.34,2698.9733333333334,2572.0,67.44186046511628,2785.03,29.573333333333267,9.822500000000218,0.1418959034237086,2897.0,2907.0,2897.0,2880.0,942700.0
2025-09-13,2883.5,2905.0,2867.5,2885.0,2834.180908203125,687700.0,2840.725,2848.6,2704.693333333333,2573.4175,67.44186046511628,2791.2,28.759999999999764,9.315000000000056,0.1405416090136391,2897.0,2905.0,2885.0,2883.5,687700.0
2025-09-14,2883.5,2905.0,2867.5,2885.0,2834.180908203125,687700.0,2842.2,2848.94,2710.113333333333,2574.8975,67.44186046511628,2797.37,28.50666666666666,8.929999999999836,0.1423480498911107,2897.0,2905.0,2885.0,2883.5,687700.0
2025-09-15,2883.5,2905.0,2867.5,2885.0,2834.180908203125,687700.0,2846.525,2850.06,2715.28,2576.39,69.37799043062202,2803.54,28.20000000000028,8.529999999999745,0.1468892864241702,2897.0,2905.0,2885.0,2883.5,687700.0
2025-09-16,2887.0,2908.0,2875.5,2902.5,2851.37255859375,609300.0,2849.95,2850.6,2720.6066666666666,2578.0075,66.57963446475196,2810.68,27.5,8.047500000000127,0.1501882306320585,2902.5,2905.0,2885.0,2883.5,687700.0
2025-09-17,2875.0,2879.5,2825.0,2836.0,2786.0439453125,636700.0,2849.25,2848.48,2724.5866666666666,2579.2925,56.91964285714286,2816.01,25.61333333333323,7.292500000000018,0.1238359421438477,2902.5,2908.0,2902.5,2887.0,609300.0
2025-09-18,2842.0,2845.5,2795.0,2817.0,2767.378662109375,631300.0,2849.6,2845.6,2728.313333333333,2580.4825,45.39007092198581,2820.76,23.620000000000346,7.065000000000055,0.1163067168615019,2902.5,2879.5,2836.0,2875.0,636700.0
2025-09-19,2801.5,2823.0,2781.0,2801.0,2751.660400390625,789500.0,2849.15,2843.42,2731.826666666667,2581.485,41.16331096196868,2824.61,21.7133333333336,6.587500000000091,0.1099663166237367,2902.5,2845.5,2817.0,2842.0,631300.0
2025-09-20,2801.5,2823.0,2781.0,2801.0,2751.660400390625,789500.0,2848.7,2843.52,2735.16,2582.5775,41.16331096196868,2827.02,19.87999999999965,6.1875,0.1060217176702862,2902.5,2823.0,2801.0,2801.5,789500.0
2025-09-21,2801.5,2823.0,2781.0,2801.0,2751.660400390625,789500.0,2848.55,2842.2,2738.16,2583.625,41.16331096196868,2829.43,17.553333333333285,5.617499999999836,0.0837686206229444,2902.5,2823.0,2801.0,2801.5,789500.0
2025-09-22,2795.5,2815.0,2790.0,2790.0,2740.854248046875,457000.0,2846.1,2839.8,2740.786666666667,2584.7325,31.15942028985508,2831.62,16.200000000000273,5.440000000000055,0.0753517055309307,2902.5,2823.0,2801.0,2801.5,789500.0
2025-09-23,2795.5,2815.0,2790.0,2790.0,2740.854248046875,457000.0,2845.35,2839.0,2744.133333333333,2585.7325,34.12698412698413,2835.24,15.819999999999707,5.25,0.0828643508635746,2902.5,2815.0,2790.0,2795.5,457000.0
2025-09-24,2786.0,2798.5,2771.0,2795.5,2746.25732421875,443400.0,2843.3,2838.42,2748.24,2586.76,34.12698412698413,2837.68,16.413333333332957,5.275000000000091,0.0849990296914418,2902.5,2815.0,2790.0,2795.5,457000.0
2025-09-25,2796.5,2830.5,2792.0,2826.5,2776.71142578125,601900.0,2842.6,2839.08,2752.76,2587.9425,30.25210084033614,2840.01,17.600000000000364,5.3650000000002365,0.0970308558121482,2902.5,2798.5,2795.5,2786.0,443400.0
2025-09-26,2829.0,2845.0,2820.0,2838.5,2788.5,620400.0,2842.5,2840.46,2757.44,2589.38,36.97478991596639,2841.51,19.2800000000002,5.755000000000109,0.1151050874091534,2902.5,2830.5,2826.5,2796.5,601900.0
2025-09-27,2829.0,2845.0,2820.0,2838.5,2788.5,620400.0,2842.4,2840.44,2761.6,2590.8725,36.97478991596639,2842.3,20.81333333333305,6.139999999999873,0.1046896283323604,2902.5,2845.0,2838.5,2829.0,620400.0
2025-09-28,2829.0,2845.0,2820.0,2838.5,2788.5,620400.0,2840.925,2841.78,2765.72,2592.14,36.97478991596639,2843.09,21.586666666666588,6.4074999999998,0.1004070556309362,2902.5,2845.0,2838.5,2829.0,620400.0
2025-09-29,2796.0,2802.5,2771.0,2794.5,2794.5,484400.0,2838.15,2840.1,2769.306666666667,2593.125,29.6629213483146,2843.0,21.06666666666706,6.364999999999782,0.0713053479010925,2902.5,2845.0,2838.5,2829.0,620400.0
2025-09-30,2787.5,2794.5,2743.5,2774.5,2774.5,622400.0,2834.1,2837.46,2772.76,2593.93,21.55555555555556,2842.51,20.0,5.987499999999727,0.0350680843126283,2902.5,2802.5,2794.5,2796.0,484400.0
2025-10-01,2763.0,2786.5,2750.5,2766.0,2766.0,676000.0,2827.55,2834.48,2775.9933333333333,2594.6925,29.04191616766468,2841.8,18.553333333333285,5.3125,0.0318970341354225,2902.5,2794.5,2774.5,2787.5,622400.0
2025-10-02,2755.0,2772.0,2706.5,2729.5,2729.5,698300.0,2819.775,2830.04,2778.74,2595.2725,26.28726287262873,2840.03,17.139999999999873,4.400000000000091,0.0182801716097742,2902.5,2786.5,2766.0,2763.0,676000.0
2025-10-03,2729.5,2761.5,2723.5,2753.5,2753.5,778600.0,2813.2,2825.46,2781.806666666667,2595.8225,37.66233766233766,2838.85,16.086666666667043,3.6825000000003456,0.0553852050594096,2902.5,2772.0,2729.5,2755.0,698300.0
2025-10-04,2729.5,2761.5,2723.5,2753.5,2753.5,778600.0,2806.625,2821.6,2784.873333333333,2596.2675,37.66233766233766,2835.81,15.566666666666606,3.1424999999999272,0.0299233214886851,2902.5,2761.5,2753.5,2729.5,778600.0
2025-10-05,2729.5,2761.5,2723.5,2753.5,2753.5,778600.0,2800.05,2817.52,2787.82,2596.52,37.66233766233766,2832.77,15.059999999999944,2.590000000000145,0.0160516605166052,2902.5,2761.5,2753.5,2729.5,778600.0
2025-10-06,2880.0,2885.0,2806.5,2828.0,2828.0,1155200.0,2796.325,2814.76,2791.0666666666666,2597.145,57.421875,2831.22,15.073333333333268,2.4524999999998727,0.0233399674326035,2838.5,2761.5,2753.5,2729.5,778600.0
2025-10-07,2837.0,2875.0,2837.0,2847.0,2847.0,878500.0,2796.875,2813.24,2794.4333333333334,2597.915,60.36363636363637,2830.79,15.693333333333612,2.6424999999999272,0.0171489817792067,2847.0,2885.0,2828.0,2880.0,1155200.0
2025-10-08,2827.0,2854.5,2809.5,2809.5,2809.5,895000.0,2796.5,2810.22,2797.54,2598.4975,52.28013029315961,2829.41,15.73333333333312,2.674999999999727,0.0037513397642015,2847.0,2875.0,2847.0,2837.0,878500.0
2025-10-09,2809.5,2843.0,2809.5,2830.0,2830.0,592300.0,2797.95,2808.02,2800.92,2599.1825,50.59021922428331,2828.48,16.046666666666624,2.914999999999964,0.0110753840657378,2847.0,2854.5,2809.5,2827.0,895000.0
2025-10-10,2802.0,2822.0,2776.5,2785.0,2785.0,693300.0,2797.15,2804.02,2803.7,2599.67,41.88163884673748,2827.04,15.879999999999654,3.150000000000091,-0.0050017863522686,2847.0,2843.0,2830.0,2809.5,592300.0
2025-10-11,2802.0,2822.0,2776.5,2785.0,2785.0,693300.0,2796.35,2799.32,2806.893333333333,2600.26,41.88163884673748,2824.96,15.826666666666824,3.1150000000002365,-0.0058897019453864,2847.0,2822.0,2785.0,2802.0,693300.0
2025-10-12,2802.0,2822.0,2776.5,2785.0,2785.0,693300.0,2796.1,2797.28,2809.766666666667,2600.8,41.88163884673748,2822.88,15.333333333333483,2.8850000000002183,-0.0117104329311568,2847.0,2822.0,2785.0,2802.0,693300.0
2025-10-13,2802.0,2822.0,2776.5,2785.0,2785.0,693300.0,2795.85,2796.0,2812.5066666666667,2601.4375,48.33625218914185,2820.8,14.966666666666695,2.9400000000000546,-0.0097777777777777,2847.0,2822.0,2785.0,2802.0,693300.0
2025-10-14,2755.0,2831.5,2752.5,2827.5,2827.5,1105400.0,2797.45,2797.06,2815.4266666666667,2602.6525,58.603896103896105,2820.24,14.50666666666666,3.4700000000002547,-0.0268456375838925,2847.0,2822.0,2785.0,2802.0,693300.0
2025-10-15,2828.0,2865.0,2828.0,2865.0,2865.0,790500.0,2799.375,2799.62,2817.8866666666668,2604.055,64.68842729970326,2821.57,14.186666666666952,4.384999999999764,-0.0139390810531749,2865.0,2831.5,2827.5,2755.0,1105400.0
2025-10-16,2872.5,2937.0,2870.0,2926.0,2926.0,1013800.0,2803.75,2804.62,2821.16,2605.7625,77.17842323651452,2823.41,14.266666666666424,5.5024999999996,0.0070555842367923,2926.0,2865.0,2865.0,2828.0,790500.0
2025-10-17,2912.5,2980.5,2885.5,2902.0,2902.0,1154200.0,2806.925,2809.1,2824.113333333333,2607.6125,70.53941908713693,2824.45,14.346666666666351,6.8125,0.0116785776538259,2926.0,2937.0,2926.0,2872.5,1013800.0
2025-10-18,2912.5,2980.5,2885.5,2902.0,2902.0,1154200.0,2810.1,2813.58,2828.02,2609.3125,70.53941908713693,2826.29,15.51333333333332,7.875,0.0081639742921659,2926.0,2980.5,2902.0,2912.5,1154200.0
2025-10-19,2912.5,2980.5,2885.5,2902.0,2902.0,1154200.0,2815.475,2817.84,2831.0666666666666,2610.9425,70.53941908713693,2828.13,15.639999999999873,8.289999999999964,0.0088649400312881,2926.0,2980.5,2902.0,2912.5,1154200.0
2025-10-20,2947.5,2954.5,2910.5,2930.5,2930.5,590300.0,2823.275,2822.0,2834.0066666666667,2612.815,66.24405705229795,2830.54,16.11999999999989,8.760000000000218,0.0257262863143157,2930.5,2980.5,2902.0,2912.5,1154200.0
2025-10-21,2930.0,2963.5,2924.0,2937.5,2937.5,903400.0,2831.85,2825.96,2836.326666666667,2614.765,64.90939044481055,2833.21,15.16666666666697,9.002500000000055,0.0167878158532364,2937.5,2954.5,2930.5,2947.5,590300.0
2025-10-22,2918.0,2965.5,2910.0,2960.0,2960.0,780600.0,2843.375,2830.82,2838.4733333333334,2616.8275,76.08318890814559,2835.63,14.360000000000127,9.21499999999969,0.0245759778470058,2960.0,2963.5,2937.5,2930.0,903400.0
2025-10-23,2970.0,2999.5,2952.0,2991.5,2991.5,738800.0,2855.275,2836.94,2841.04,2619.0475,76.96160267111853,2839.36,13.019999999999982,9.735000000000127,0.0354794046382831,2991.5,2965.5,2960.0,2918.0,780600.0
2025-10-24,2991.0,3059.0,2990.0,3031.0,3031.0,757200.0,2869.15,2846.4,2844.133333333333,2622.43,91.83673469387756,2843.25,13.066666666666606,11.487499999999727,0.0614603396953248,3031.0,2999.5,2991.5,2970.0,738800.0
2025-10-25,2991.0,3059.0,2990.0,3031.0,3031.0,757200.0,2883.025,2856.66,2847.2266666666665,2625.4175,91.83673469387756,2847.06,13.2199999999998,12.602499999999964,0.0830802215472574,3031.0,3059.0,3031.0,2991.0,757200.0
2025-10-26,2991.0,3059.0,2990.0,3031.0,3031.0,757200.0,2893.175,2867.26,2850.286666666667,2628.685,91.83673469387756,2850.87,13.960000000000036,13.920000000000073,0.0695130557515879,3031.0,3059.0,3031.0,2991.0,757200.0
2025-10-27,3051.0,3064.0,3013.0,3023.0,3023.0,828900.0,2901.975,2879.0,2853.02,2631.36,89.40397350993378,2854.52,14.546666666666624,14.532500000000256,0.0607017543859649,3031.0,3059.0,3031.0,2991.0,757200.0
2025-10-28,3046.0,3046.0,2902.5,2913.0,2913.0,1384200.0,2907.15,2885.38,2854.36,2633.5675,61.56968876860623,2855.42,13.320000000000164,14.519999999999982,0.0366548042704626,3031.0,3064.0,3023.0,3051.0,828900.0
2025-10-29,2928.0,2947.5,2886.0,2886.0,2886.0,1062100.0,2909.95,2890.68,2854.1,2635.64,52.92479108635097,2856.14,9.966666666666695,13.210000000000036,0.0270462633451957,3031.0,3046.0,2913.0,3046.0,1384200.0
2025-10-30,2893.0,2952.0,2893.0,2948.0,2948.0,880600.0,2918.1,2898.46,2854.6666666666665,2638.0225,53.05555555555556,2857.99,7.440000000000055,12.605000000000018,0.0491103202846974,3031.0,2947.5,2886.0,2928.0,1062100.0
2025-10-31,2960.5,2991.5,2920.0,2930.5,2930.5,1158300.0,2925.375,2902.56,2855.0,2640.295,54.03111739745403,2858.66,4.713333333333139,11.610000000000127,0.0451141226818829,3031.0,2952.0,2948.0,2893.0,880600.0
2025-11-01,2960.5,2991.5,2920.0,2930.5,2930.5,1158300.0,2932.65,2905.9,2855.826666666667,2642.6725,54.03111739745403,2859.57,2.8066666666668425,11.3125,0.032229658330398,3031.0,2991.5,2930.5,2960.5,1158300.0
2025-11-02,2960.5,2991.5,2920.0,2930.5,2930.5,1158300.0,2939.925,2910.74,2856.52,2645.095,54.03111739745403,2860.48,2.1599999999998545,11.52749999999969,0.044741532976827,3031.0,2991.5,2930.5,2960.5,1158300.0
2025-11-03,2960.5,2991.5,2920.0,2930.5,2930.5,1158300.0,2945.075,2914.76,2857.24,2647.7125,50.0,2861.39,3.1399999999998727,12.072500000000218,0.0331394323990834,3031.0,2991.5,2930.5,2960.5,1158300.0
2025-11-04,2852.5,2893.0,2805.0,2815.5,2815.5,2071300.0,2942.6,2915.98,2856.6866666666665,2649.59,35.91224018475751,2860.0,2.019999999999982,11.56750000000011,-0.008801267382503,3031.0,2991.5,2930.5,2960.5,1158300.0
2025-11-05,2796.0,2835.5,2755.5,2824.5,2824.5,1523800.0,2937.525,2917.56,2855.826666666667,2651.5125,33.849821215733016,2858.44,0.8266666666668243,11.217499999999744,-0.0056328111248019,3031.0,2893.0,2815.5,2852.5,2071300.0
2025-11-06,2826.5,2856.5,2818.5,2854.5,2854.5,1414100.0,2935.15,2920.34,2855.366666666667,2653.585,33.61244019138756,2858.81,-0.4600000000000364,10.912499999999907,0.0049287097342016,3031.0,2835.5,2824.5,2796.0,1523800.0
2025-11-07,2830.0,2861.5,2826.0,2855.5,2855.5,821100.0,2932.825,2923.16,2854.92,2655.83,26.87747035573122,2859.58,-1.599999999999909,10.735000000000127,-0.0043584379358437,3031.0,2856.5,2854.5,2826.5,1414100.0
2025-11-08,2830.0,2861.5,2826.0,2855.5,2855.5,821100.0,2930.5,2924.28,2854.92,2657.5175,26.87747035573122,2860.67,-2.319999999999709,9.804999999999836,0.0019298245614034,3031.0,2861.5,2855.5,2830.0,821100.0
2025-11-09,2830.0,2861.5,2826.0,2855.5,2855.5,821100.0,2926.75,2923.9,2855.68,2659.085,26.87747035573122,2861.76,-1.0066666666666606,9.49499999999989,0.0,3031.0,2861.5,2855.5,2830.0,821100.0
2025-11-10,2887.5,2888.5,2837.5,2880.0,2880.0,715000.0,2923.875,2922.06,2856.293333333333,2661.005,31.944444444444443,2863.34,0.466666666666697,9.492500000000293,-0.0058681394546081,3031.0,2861.5,2855.5,2830.0,821100.0
2025-11-11,2890.0,2926.0,2882.0,2926.0,2926.0,954500.0,2922.175,2923.02,2857.306666666667,2663.0625,51.95783132530121,2866.06,1.9400000000000543,9.477499999999964,0.0142114384748699,3031.0,2888.5,2880.0,2887.5,715000.0
2025-11-12,2898.0,2927.5,2878.5,2891.5,2891.5,938800.0,2917.175,2922.6,2858.393333333333,2664.9475,50.81001472754049,2868.09,3.4733333333333576,9.117500000000293,0.0022530329289427,3031.0,2926.0,2926.0,2890.0,954500.0
2025-11-13,2908.0,2960.0,2908.0,2956.5,2956.5,615400.0,2913.45,2924.78,2860.346666666667,2667.1575,51.24087591240877,2871.31,5.426666666666733,9.639999999999873,0.0247833622183708,3031.0,2927.5,2891.5,2898.0,938800.0
2025-11-14,2914.5,2967.5,2914.5,2940.0,2940.0,710700.0,2908.9,2925.16,2862.08,2669.2975,51.39092240117131,2873.58,6.400000000000091,10.212500000000093,0.0190641247833622,3031.0,2960.0,2956.5,2908.0,615400.0
2025-11-15,2914.5,2967.5,2914.5,2940.0,2940.0,710700.0,2904.35,2925.26,2863.893333333333,2671.4375,51.39092240117131,2875.61,7.599999999999909,10.43249999999989,0.0129198966408268,3023.0,2967.5,2940.0,2914.5,710700.0
2025-11-16,2914.5,2967.5,2914.5,2940.0,2940.0,710700.0,2900.2,2924.46,2865.24,2673.615,51.39092240117131,2877.64,7.933333333332939,10.552499999999782,0.0366713681241184,2956.5,2967.5,2940.0,2914.5,710700.0
2025-11-17,2944.0,2970.5,2924.5,2960.5,2960.5,780700.0,2902.575,2923.22,2867.313333333333,2675.9025,54.14364640883978,2880.08,8.920000000000073,10.954999999999927,0.0509407170749023,2960.5,2967.5,2940.0,2914.5,710700.0
2025-11-18,2955.0,2968.0,2897.0,2907.5,2907.5,710100.0,2903.65,2918.28,2868.26,2677.8075,65.33333333333334,2882.34,7.913333333333412,10.650000000000093,0.0380221349518028,2960.5,2970.5,2960.5,2944.0,780700.0
2025-11-19,2909.5,2934.5,2880.0,2920.0,2920.0,653100.0,2902.25,2913.84,2869.32,2679.775,65.7331136738056,2885.25,7.2400000000002365,10.477499999999964,0.0424848268475543,2960.5,2968.0,2907.5,2955.0,710100.0
2025-11-20,2960.0,3008.0,2950.5,2977.0,2977.0,938000.0,2904.575,2911.68,2871.14,2682.0275,68.53252647503781,2889.47,7.246666666666442,10.590000000000146,0.0628347018921813,2977.0,2934.5,2920.0,2909.5,653100.0
2025-11-21,2980.0,3005.0,2944.5,2980.0,2980.0,929500.0,2907.05,2909.96,2873.0,2684.295,68.7218045112782,2894.48,7.760000000000218,10.680000000000293,0.0681003584229391,2980.0,3008.0,2977.0,2960.0,938000.0
2025-11-22,2980.0,3005.0,2944.5,2980.0,2980.0,929500.0,2909.525,2912.64,2874.4933333333333,2686.5625,68.7218045112782,2899.01,7.179999999999836,10.659999999999854,0.0681003584229391,2980.0,3005.0,2980.0,2980.0,929500.0
2025-11-23,2980.0,3005.0,2944.5,2980.0,2980.0,929500.0,2912.0,2916.4,2876.2266666666665,2688.875,68.7218045112782,2903.54,7.966666666666242,11.06750000000011,0.065998926846718,2980.0,3005.0,2980.0,2980.0,929500.0
2025-11-24,2980.0,3005.0,2944.5,2980.0,2980.0,929500.0,2920.225,2917.68,2877.8866666666668,2691.1575,66.23376623376623,2908.07,8.566666666666606,11.382499999999707,0.0543074473730762,2980.0,3005.0,2980.0,2980.0,929500.0
2025-11-25,2990.0,3083.0,2985.0,3075.0,3075.0,1014300.0,2932.75,2923.46,2880.26,2693.9075,70.86834733893558,2913.01,9.120000000000346,11.879999999999654,0.0833186542187776,3075.0,3005.0,2980.0,2980.0,929500.0
2025-11-26,3079.0,3152.0,3075.0,3138.0,3138.0,1168500.0,2946.925,2931.76,2883.633333333333,2696.9725,81.97146562905317,2918.83,10.633333333333212,12.677499999999782,0.1055134754271622,3138.0,3083.0,3075.0,2990.0,1014300.0
2025-11-27,3155.0,3170.0,3135.0,3143.0,3143.0,558600.0,2961.3,2940.26,2887.0733333333333,2700.0625,78.64823348694317,2925.5,12.579999999999927,13.5,0.1072749691738594,3143.0,3152.0,3138.0,3079.0,1168500.0
2025-11-28,3130.0,3172.0,3120.0,3147.0,3147.0,688100.0,2975.875,2948.92,2890.5666666666666,2703.295,83.06709265175719,2931.84,14.340000000000146,14.420000000000073,0.1261406333870101,3147.0,3170.0,3143.0,3155.0,558600.0
2025-11-29,3130.0,3172.0,3120.0,3147.0,3147.0,688100.0,2990.45,2962.18,2894.06,2706.7325,83.06709265175719,2939.08,16.173333333333176,15.575000000000273,0.1342584249414309,3147.0,3172.0,3147.0,3130.0,688100.0
2025-11-30,3130.0,3172.0,3120.0,3147.0,3147.0,688100.0,3003.8,2975.08,2897.32,2710.1175,83.06709265175719,2946.32,17.059999999999945,16.210000000000036,0.1377440347071583,3147.0,3172.0,3147.0,3130.0,688100.0
2025-12-01,3147.0,3147.0,3041.0,3063.0,3063.0,860100.0,3010.65,2983.42,2900.346666666667,2713.145,63.612217795484725,2951.88,16.713333333333594,16.172500000000127,0.1221835501007511,3147.0,3172.0,3147.0,3130.0,688100.0
2025-12-02,3049.0,3060.0,3021.0,3027.0,3027.0,883900.0,3017.425,2990.28,2903.1466666666665,2715.96,66.62030598052851,2956.72,16.073333333333267,15.897500000000036,0.0993281278372979,3147.0,3147.0,3063.0,3147.0,860100.0
2025-12-03,3029.0,3048.0,3004.0,3044.0,3044.0,1009700.0,3021.8,2997.82,2906.3866666666668,2718.86,67.03296703296704,2961.05,15.820000000000164,15.565000000000056,0.1055020882513164,3147.0,3060.0,3027.0,3049.0,883900.0
2025-12-04,3044.0,3053.0,3006.0,3006.0,3006.0,1014900.0,3025.1,3003.84,2909.12,2721.57,54.20289855072464,2963.87,15.059999999999944,14.837500000000093,0.091701470855275,3147.0,3048.0,3044.0,3029.0,1009700.0
2025-12-05,3006.0,3020.0,2963.0,2965.0,2965.0,852400.0,3026.35,3007.24,2911.306666666667,2724.0575,48.04177545691906,2964.65,13.98666666666668,13.940000000000056,0.0484441301272984,3147.0,3053.0,3006.0,3044.0,1014900.0
2025-12-06,3006.0,3020.0,2963.0,2965.0,2965.0,852400.0,3027.6,3008.8,2913.64,2726.6725,48.04177545691906,2965.91,13.293333333333068,13.527500000000146,0.0414471373375482,3147.0,3020.0,2965.0,3006.0,852400.0
2025-12-07,3006.0,3020.0,2963.0,2965.0,2965.0,852400.0,3027.825,3011.74,2915.9733333333334,2729.2725,48.04177545691906,2967.17,12.826666666666824,13.3125,0.0553479266773446,3147.0,3020.0,2965.0,3006.0,852400.0
2025-12-08,2978.5,3034.0,2966.5,3027.0,3027.0,673700.0,3033.8,3014.56,2919.06,2732.225,55.2808988764045,2969.67,12.673333333333176,13.364999999999782,0.0696113074204947,3147.0,3020.0,2965.0,3006.0,852400.0
2025-12-09,3053.0,3061.0,3017.0,3036.0,3036.0,633200.0,3039.6,3018.4,2921.853333333333,2735.27,44.56824512534818,2971.78,12.733333333333576,13.699999999999818,0.0901256732495512,3147.0,3034.0,3027.0,2978.5,673700.0
2025-12-10,3060.0,3108.0,3036.0,3106.0,3106.0,709400.0,3046.05,3025.04,2925.42,2738.665,45.62841530054645,2975.15,14.11333333333323,14.607500000000073,0.1152603231597846,3147.0,3061.0,3036.0,3053.0,633200.0
2025-12-11,3106.0,3123.0,3053.0,3053.0,3053.0,789200.0,3049.7,3029.56,2928.28,2741.795,39.130434782608695,2977.01,14.640000000000327,15.122499999999944,0.0962298025134649,3147.0,3108.0,3106.0,3060.0,709400.0
2025-12-12,3054.0,3089.0,3035.0,3089.0,3089.0,809300.0,3055.15,3034.7,2931.62,2745.075,43.49775784753363,2978.96,15.646666666666531,15.802499999999782,0.1091561938958707,3147.0,3123.0,3053.0,3106.0,789200.0
2025-12-13,3054.0,3089.0,3035.0,3089.0,3089.0,809300.0,3060.6,3041.96,2935.5466666666666,2748.415,43.49775784753363,2980.12,16.48666666666668,16.190000000000055,0.0924845269672856,3147.0,3089.0,3089.0,3054.0,809300.0
2025-12-14,3054.0,3089.0,3035.0,3089.0,3089.0,809300.0,3066.05,3048.72,2939.74,2751.7925,43.49775784753363,2981.28,17.886666666666315,16.522500000000036,0.0781849912739964,3147.0,3089.0,3089.0,3054.0,809300.0
2025-12-15,3090.0,3138.0,3086.0,3126.0,3126.0,632900.0,3068.6,3054.68,2944.54,2755.3075,57.89473684210526,2983.18,19.11999999999989,16.642499999999927,0.0683526999316472,3147.0,3089.0,3089.0,3054.0,809300.0
2025-12-16,3131.0,3143.0,3084.0,3084.0,3084.0,564700.0,3065.9,3058.84,2949.266666666667,2758.61,57.03703703703704,2984.4,20.98666666666668,16.815000000000055,0.0627153687112336,3147.0,3138.0,3126.0,3090.0,632900.0
2025-12-17,3084.0,3095.0,3045.0,3053.0,3053.0,594800.0,3061.4,3061.76,2953.26,2761.7575,51.07398568019093,2987.2,21.640000000000327,16.682500000000346,0.0520330806340454,3147.0,3143.0,3084.0,3131.0,564700.0
2025-12-18,3084.0,3095.0,3051.0,3083.0,3083.0,698600.0,3058.2,3065.88,2957.653333333333,2765.055,59.36739659367396,2991.14,22.10666666666657,16.639999999999873,0.0623707787732599,3147.0,3095.0,3053.0,3084.0,594800.0
2025-12-19,3081.0,3106.0,3080.0,3091.0,3091.0,655100.0,3055.4,3070.32,2962.153333333333,2768.45,66.66666666666666,2994.0,22.41333333333341,16.6574999999998,0.0547688107831427,3147.0,3095.0,3083.0,3084.0,698600.0
2025-12-20,3081.0,3106.0,3080.0,3091.0,3091.0,655100.0,3052.6,3070.96,2965.66,2772.005,66.66666666666666,2997.21,21.11999999999989,16.69750000000022,0.0522553191489361,3126.0,3106.0,3091.0,3081.0,655100.0
2025-12-21,3081.0,3106.0,3080.0,3091.0,3091.0,655100.0,3054.0,3069.08,2968.9133333333334,2775.61,66.66666666666666,3000.42,19.646666666666533,17.0,0.0442567567567566,3126.0,3106.0,3091.0,3081.0,655100.0
2025-12-22,3108.0,3123.0,3082.0,3089.0,3089.0,462400.0,3057.1,3066.92,2972.64,2779.205,59.74842767295598,3003.59,19.37999999999965,17.447499999999764,0.0325923449774361,3126.0,3106.0,3091.0,3081.0,655100.0
2025-12-23,3106.0,3119.0,3089.0,3106.0,3106.0,483900.0,3060.2,3065.28,2976.32,2782.905,60.7361963190184,3007.1,18.66666666666697,17.850000000000364,0.0247443088089738,3126.0,3123.0,3089.0,3108.0,462400.0
2025-12-24,3128.0,3159.0,3118.0,3128.0,3128.0,435200.0,3066.3,3064.52,2980.893333333333,2786.715,53.9568345323741,3013.35,18.74000000000024,18.265000000000327,0.0320026393929395,3128.0,3119.0,3106.0,3106.0,483900.0
2025-12-25,3130.0,3137.0,3115.0,3137.0,3137.0,455200.0,3074.9,3064.12,2985.5866666666666,2790.57,67.94871794871796,3019.6,19.926666666666733,18.56500000000005,0.0349719564500166,3137.0,3159.0,3128.0,3128.0,435200.0
2025-12-26,3130.0,3157.0,3130.0,3151.0,3151.0,286900.0,3084.2,3067.64,2990.4666666666667,2794.565,64.62264150943398,3025.53,21.553333333333285,18.954999999999927,0.0423420443268276,3151.0,3137.0,3137.0,3130.0,455200.0
2025-12-27,3130.0,3157.0,3130.0,3151.0,3151.0,286900.0,3093.5,3072.6,2995.346666666667,2798.535,64.62264150943398,3031.44,22.706666666666933,19.329999999999927,0.0817027119807758,3151.0,3157.0,3151.0,3130.0,286900.0
2025-12-28,3130.0,3157.0,3130.0,3151.0,3151.0,286900.0,3099.7,3076.88,2999.66,2802.525,64.62264150943398,3037.35,23.33999999999969,19.61999999999989,0.0918225918225918,3151.0,3157.0,3151.0,3130.0,286900.0
2025-12-29,3151.0,3182.0,3148.0,3167.0,3167.0,407800.0,3106.25,3083.32,3003.6866666666665,2806.575,60.73298429319373,3043.58,22.793333333333067,19.85999999999968,0.0742876526458615,3167.0,3157.0,3151.0,3130.0,286900.0
2025-12-30,3198.0,3198.0,3163.0,3163.0,3163.0,452300.0,3109.1,3091.24,3006.846666666667,2810.5725,75.81699346405229,3049.24,21.26000000000022,20.00250000000005,0.0793379969288516,3167.0,3182.0,3167.0,3151.0,407800.0
2025-12-31,3198.0,3198.0,3163.0,3163.0,3163.0,452300.0,3114.6,3099.16,3010.326666666667,2814.57,95.08196721311477,3053.98,19.860000000000127,20.00500000000011,0.0793379969288516,3167.0,3198.0,3163.0,3198.0,452300.0
2026-01-01,3198.0,3198.0,3163.0,3163.0,3163.0,452300.0,3118.3,3107.08,3013.806666666667,2818.5675,93.47826086956522,3059.41,18.46000000000004,20.03250000000025,0.0793379969288516,3167.0,3198.0,3163.0,3198.0,452300.0
2026-01-02,3198.0,3198.0,3163.0,3163.0,3163.0,452300.0,3122.0,3112.52,3017.286666666667,2822.525,92.85714285714286,3063.54,17.626666666667006,20.0,0.0793379969288516,3167.0,3198.0,3163.0,3198.0,452300.0
2026-01-03,3198.0,3198.0,3163.0,3163.0,3163.0,452300.0,3125.7,3117.6,3020.3866666666668,2826.4525,92.85714285714286,3068.0,16.700000000000273,19.87750000000005,0.1234239033919375,3167.0,3198.0,3163.0,3198.0,452300.0
2026-01-04,3198.0,3198.0,3163.0,3163.0,3163.0,452300.0,3127.55,3119.88,3023.393333333333,2830.2025,92.85714285714286,3072.46,16.546666666666624,19.62999999999965,0.1198442202159675,3167.0,3198.0,3163.0,3198.0,452300.0
2026-01-05,3200.0,3289.0,3197.0,3255.0,3255.0,926200.0,3136.1,3127.96,3027.326666666667,2834.4025,97.70114942528735,3078.76,17.0,19.832499999999985,0.140304781923279,3255.0,3198.0,3163.0,3198.0,452300.0
2026-01-06,3239.0,3284.0,3239.0,3269.0,3269.0,755000.0,3146.9,3135.16,3031.026666666666,2838.7025,97.6608187134503,3084.93,17.2199999999998,20.134999999999764,0.1448082647522326,3269.0,3289.0,3255.0,3200.0,926200.0
2026-01-07,3241.0,3263.0,3221.0,3236.0,3236.0,725300.0,3154.55,3141.04,3033.76,2842.8375,79.67032967032966,3091.5,16.473333333333358,20.3125,0.1332516196813167,3269.0,3284.0,3269.0,3239.0,755000.0
2026-01-08,3225.0,3269.0,3225.0,3254.0,3254.0,569000.0,3162.7,3147.64,3036.733333333333,2847.0625,80.6282722513089,3098.18,16.34666666666635,20.610000000000127,0.1395552442654526,3269.0,3263.0,3236.0,3241.0,725300.0
2026-01-09,3275.0,3303.0,3225.0,3245.0,3245.0,780900.0,3170.4,3152.4,3039.5866666666666,2851.355,75.26881720430107,3103.54,16.193333333333157,21.152500000000146,0.1267361111111111,3269.0,3269.0,3254.0,3225.0,569000.0
2026-01-10,3275.0,3303.0,3225.0,3245.0,3245.0,780900.0,3178.1,3158.84,3042.5466666666666,2855.61,75.26881720430107,3108.84,15.2199999999998,21.207499999999985,0.1090225563909774,3269.0,3303.0,3245.0,3275.0,780900.0
2026-01-11,3275.0,3303.0,3225.0,3245.0,3245.0,780900.0,3185.9,3166.52,3046.9733333333334,2859.945,75.26881720430107,3114.14,15.946666666666715,21.24250000000029,0.1222548850077813,3269.0,3303.0,3245.0,3275.0,780900.0
2026-01-12,3275.0,3303.0,3225.0,3245.0,3245.0,780900.0,3192.85,3173.0,3051.76,2864.0475,72.94117647058823,3119.44,18.0,21.21000000000004,0.0975815998647049,3269.0,3303.0,3245.0,3275.0,780900.0
2026-01-13,3333.0,3348.0,3298.0,3339.0,3339.0,677500.0,3203.4,3182.92,3056.9733333333334,2868.5175,83.84615384615384,3126.62,20.24000000000024,21.454999999999927,0.1357142857142856,3339.0,3303.0,3245.0,3275.0,780900.0
2026-01-14,3350.0,3371.0,3325.0,3352.0,3352.0,580000.0,3214.15,3193.36,3062.593333333333,2873.0525,84.61538461538461,3132.16,23.00666666666666,21.697499999999764,0.1401360544217686,3352.0,3348.0,3339.0,3333.0,677500.0
2026-01-15,3330.0,3360.0,3318.0,3329.0,3329.0,599400.0,3223.05,3202.88,3067.9066666666668,2877.4725,78.04054054054055,3135.98,25.360000000000127,21.862499999999727,0.1323129251700681,3352.0,3371.0,3352.0,3350.0,580000.0
2026-01-16,3344.0,3350.0,3289.0,3339.0,3339.0,459700.0,3232.45,3212.88,3073.353333333333,2881.8875,78.75816993464052,3139.9,26.38000000000011,21.94249999999965,0.1278500253335586,3352.0,3360.0,3329.0,3330.0,599400.0
2026-01-17,3344.0,3350.0,3289.0,3339.0,3339.0,459700.0,3241.85,3222.2,3078.8,2886.19,78.75816993464052,3143.74,27.039999999999964,22.142499999999927,0.1484092863284609,3352.0,3350.0,3339.0,3344.0,459700.0
2026-01-18,3344.0,3350.0,3289.0,3339.0,3339.0,459700.0,3250.45,3230.64,3085.78,2890.3975,78.75816993464052,3147.58,28.806666666666843,21.88000000000011,0.1434931506849315,3352.0,3350.0,3339.0,3344.0,459700.0
2026-01-19,3336.0,3379.0,3323.0,3366.0,3366.0,566100.0,3260.6,3239.8,3093.0,2894.7125,73.02904564315352,3151.96,30.40666666666675,21.66000000000031,0.1306684581793751,3366.0,3350.0,3339.0,3344.0,459700.0
2026-01-20,3366.0,3375.0,3331.0,3369.0,3369.0,488900.0,3270.9,3248.52,3099.86,2898.87,71.73913043478261,3158.08,31.953333333333376,21.39750000000004,0.1305369127516777,3369.0,3379.0,3366.0,3336.0,566100.0
2026-01-21,3326.0,3357.0,3318.0,3355.0,3355.0,426100.0,3280.5,3256.68,3106.52,2902.9575,78.19905213270142,3164.64,33.166666666666515,21.070000000000164,0.1258389261744965,3369.0,3375.0,3369.0,3366.0,488900.0
2026-01-22,3393.0,3403.0,3358.0,3377.0,3377.0,529500.0,3291.2,3265.72,3113.4733333333334,2907.155,78.6046511627907,3171.3,34.673333333333176,20.965000000000146,0.1332214765100672,3377.0,3357.0,3355.0,3326.0,426100.0
2026-01-23,3361.0,3389.0,3348.0,3361.0,3361.0,477600.0,3301.1,3273.48,3120.213333333333,2911.205,76.12612612612612,3178.4,34.43333333333294,20.80749999999989,0.1278523489932885,3377.0,3403.0,3377.0,3393.0,529500.0
2026-01-24,3361.0,3389.0,3348.0,3361.0,3361.0,477600.0,3311.0,3281.4,3126.6266666666666,2915.13,76.12612612612612,3186.32,33.62666666666655,20.41750000000001,0.0930081300813008,3377.0,3389.0,3361.0,3361.0,477600.0
2026-01-25,3361.0,3389.0,3348.0,3361.0,3361.0,477600.0,3316.3,3289.32,3132.4266666666667,2918.97,76.12612612612612,3194.24,32.566666666666606,20.09999999999991,0.0710643722115997,3377.0,3389.0,3361.0,3361.0,477600.0
2026-01-26,3343.0,3346.0,3296.0,3296.0,3296.0,545200.0,3317.65,3294.64,3137.82,2922.755,58.88501742160279,3200.86,31.300000000000185,19.797500000000127,0.0486796054724785,3377.0,3389.0,3361.0,3361.0,477600.0
2026-01-27,3295.0,3303.0,3240.0,3257.0,3257.0,624300.0,3318.7,3298.4,3141.826666666667,2926.6025,32.327586206896555,3205.46,28.353333333333467,19.447499999999764,0.0349539243724181,3377.0,3346.0,3296.0,3343.0,545200.0
2026-01-28,3259.0,3270.0,3237.0,3243.0,3243.0,698100.0,3318.15,3301.6,3145.866666666667,2930.38,26.60944206008584,3209.6,25.65333333333365,19.175000000000185,0.0305052430886558,3377.0,3303.0,3257.0,3295.0,624300.0
2026-01-29,3235.0,3259.0,3206.0,3244.0,3244.0,554200.0,3318.1,3304.84,3149.92,2934.1625,29.85781990521328,3212.36,23.29333333333352,19.0324999999998,0.0308230060374961,3377.0,3270.0,3243.0,3259.0,698100.0
2026-01-30,3271.0,3293.0,3245.0,3284.0,3284.0,789000.0,3320.05,3306.0,3154.5066666666667,2937.95,38.58921161825727,3216.98,22.079999999999927,18.98000000000001,0.0721514854717597,3377.0,3259.0,3244.0,3235.0,554200.0
2026-01-31,3271.0,3293.0,3245.0,3284.0,3284.0,789000.0,3322.0,3306.6,3158.82,2941.7225,38.58921161825727,3220.88,21.0,18.967499999999745,0.0849025437727122,3377.0,3293.0,3284.0,3271.0,789000.0
2026-02-01,3271.0,3293.0,3245.0,3284.0,3284.0,789000.0,3323.95,3308.52,3163.84,2945.515,38.58921161825727,3224.78,22.01333333333332,18.91249999999991,0.0788436268068331,3377.0,3293.0,3284.0,3271.0,789000.0
2026-02-02,3277.0,3298.0,3189.0,3197.0,3197.0,1033500.0,3316.85,3306.24,3167.5333333333333,2948.9225,21.926910299003325,3226.94,21.666666666666515,18.54250000000001,0.0635395874916833,3377.0,3293.0,3284.0,3271.0,789000.0
2026-02-03,3194.0,3243.0,3185.0,3243.0,3243.0,929600.0,3311.4,3306.16,3171.08,2952.52,31.686046511627907,3229.28,21.15999999999985,18.35750000000008,0.0937605396290051,3377.0,3298.0,3197.0,3277.0,1033500.0
2026-02-04,3258.0,3283.0,3244.0,3270.0,3270.0,642500.0,3308.45,3307.16,3174.9466666666667,2956.2525,38.095238095238095,3233.0,20.44000000000005,18.30250000000024,0.102866779089376,3377.0,3243.0,3243.0,3194.0,929600.0
2026-02-05,3340.0,3355.0,3277.0,3330.0,3330.0,828200.0,3308.0,3310.56,3179.613333333333,2960.285,44.0506329113924,3238.54,20.793333333333067,18.5625,0.1231028667790894,3377.0,3283.0,3270.0,3258.0,642500.0
2026-02-06,3360.0,3423.0,3356.0,3404.0,3404.0,720100.0,3311.25,3316.92,3185.266666666667,2964.6875,54.746136865342166,3244.96,21.426666666666733,19.172500000000127,0.1245457548728112,3404.0,3355.0,3330.0,3340.0,828200.0
2026-02-07,3360.0,3423.0,3356.0,3404.0,3404.0,720100.0,3314.5,3319.52,3190.92,2969.045,54.746136865342166,3251.22,23.38666666666677,20.122499999999945,0.1212121212121211,3404.0,3423.0,3404.0,3360.0,720100.0
2026-02-08,3360.0,3423.0,3356.0,3404.0,3404.0,720100.0,3316.4,3321.6,3195.306666666667,2973.1425,54.746136865342166,3257.48,24.226666666666915,20.622499999999945,0.0959433354797167,3404.0,3423.0,3404.0,3360.0,720100.0
2026-02-09,3450.0,3466.0,3410.0,3437.0,3437.0,620100.0,3319.8,3325.92,3199.293333333333,2977.355,66.7458432304038,3264.4,24.34666666666681,21.102499999999964,0.1257779233540779,3437.0,3423.0,3404.0,3360.0,720100.0
2026-02-10,3450.0,3478.0,3450.0,3477.0,3477.0,645100.0,3325.9,3331.44,3203.7466666666664,2981.8575,76.06635071090048,3272.16,24.13333333333321,21.57250000000022,0.1256069925542247,3477.0,3466.0,3437.0,3450.0,620100.0
2026-02-11,3450.0,3478.0,3450.0,3477.0,3477.0,645100.0,3330.9,3336.96,3208.1466666666665,2986.36,78.67647058823529,3279.58,22.87999999999965,21.672500000000127,0.1256069925542247,3477.0,3478.0,3477.0,3450.0,645100.0
2026-02-12,3481.0,3593.0,3481.0,3575.0,3575.0,742800.0,3341.6,3346.4,3213.853333333333,2991.3525,82.77227722772277,3288.52,22.9333333333334,22.30749999999989,0.157332470055034,3575.0,3478.0,3477.0,3450.0,645100.0
2026-02-13,3596.0,3620.0,3559.0,3575.0,3575.0,781900.0,3352.3,3354.76,3219.56,2996.5,81.29032258064517,3297.28,24.253333333333103,23.35750000000008,0.1436340371081255,3575.0,3593.0,3575.0,3481.0,742800.0
2026-02-14,3596.0,3620.0,3559.0,3575.0,3575.0,781900.0,3363.0,3363.0,3226.3866666666668,3001.5275,81.29032258064517,3305.76,27.09333333333325,24.172500000000127,0.1592088197146564,3575.0,3620.0,3575.0,3596.0,781900.0
2026-02-15,3596.0,3620.0,3559.0,3575.0,3575.0,781900.0,3376.95,3371.8,3233.693333333333,3006.505,81.29032258064517,3314.24,29.946666666666715,24.64750000000004,0.1709793645594497,3575.0,3620.0,3575.0,3596.0,781900.0
2026-02-16,3619.0,3657.0,3595.0,3611.0,3611.0,604400.0,3394.65,3381.16,3241.2533333333336,3011.5175,100.0,3323.44,33.106666666667024,25.1574999999998,0.171261758027895,3611.0,3620.0,3575.0,3596.0,781900.0
2026-02-17,3605.0,3641.0,3585.0,3628.0,3628.0,711200.0,3413.9,3391.84,3249.5466666666666,3016.255,100.0,3332.66,35.69333333333316,24.902500000000146,0.173730184406341,3628.0,3657.0,3611.0,3619.0,604400.0
2026-02-21,3616.0,3647.0,3532.0,3572.0,3572.0,993100.0,3482.6,3439.64,3283.52,3035.3875,73.59550561797752,3369.02,42.26666666666642,23.86999999999989,0.1500321957501609,3666.0,3647.0,3572.0,3616.0,993100.0
2026-02-22,3616.0,3647.0,3532.0,3572.0,3572.0,993100.0,3501.35,3452.8,3290.6666666666665,3039.6975,73.59550561797752,3377.2,41.11999999999989,23.44250000000011,0.1419437340153453,3666.0,3647.0,3572.0,3616.0,993100.0
2026-02-23,3616.0,3647.0,3532.0,3572.0,3572.0,993100.0,3517.8,3465.92,3296.88,3043.74,70.89783281733746,3385.38,38.066666666666606,22.58749999999964,0.1386675167357347,3666.0,3647.0,3572.0,3616.0,993100.0
2026-02-18,3633.0,3676.0,3629.0,3660.0,3660.0,536400.0,,,,,,,,,,,,,,
2026-02-19,3631.0,3666.0,3617.0,3666.0,3666.0,724600.0,,,,,,,,,,,,,,
2026-02-20,3616.0,3647.0,3532.0,3572.0,3572.0,993100.0,,,,,,,,,,,,,,
2026-02-24,3642.0,3674.0,3579.0,3652.0,3652.0,721800.0,,,,,,,,,,,,,,
2026-02-25,3652.0,3667.0,3604.0,3632.0,3632.0,733700.0,,,,,,,,,,,,,,
2026-02-26,3663.0,3681.0,3630.0,3656.0,3656.0,569500.0,,,,,,,,,,,,,,
2026-02-27,3643.0,3730.0,3636.0,3730.0,3730.0,802700.0,,,,,,,,,,,,,,
2026-03-02,3639.0,3708.0,3635.0,3704.0,3704.0,1003500.0,,,,,,,,,,,,,,
2026-03-03,3648.0,3760.0,3648.0,3704.0,3704.0,1552700.0,,,,,,,,,,,,,,
2026-03-04,3620.0,3696.0,3560.0,3619.0,3619.0,1615300.0,,,,,,,,,,,,,,
2026-03-05,3678.0,3796.0,3672.0,3741.0,3741.0,1274500.0,,,,,,,,,,,,,,
2026-03-06,3720.0,3807.0,3720.0,3792.0,3792.0,1378700.0,,,,,,,,,,,,,,
